DEBUG | 2026/06/02 11:23:56.289799 | [Test Dataset Load] -> "Loading datasets from data/test"
DEBUG | 2026/06/02 11:23:56.329499 | [Test Dataset Load] -> "Dynamically loaded 5000 datas"
DEBUG | 2026/06/02 11:23:58.028008 | [Test Dataset Load] -> "Loading datasets from data/test"
DEBUG | 2026/06/02 11:23:58.037425 | [Test Dataset Load] -> "Dynamically loaded 5000 datas"
DEBUG | 2026/06/02 11:27:15.139517 | [Test Dataset Load] -> "Loading datasets from data/test"
DEBUG | 2026/06/02 11:27:15.149005 | [Test Dataset Load] -> "Dynamically loaded 5000 datas"
DEBUG | 2026/06/02 11:27:51.893921 | [Test Dataset Load] -> "Loading datasets from data/test"
DEBUG | 2026/06/02 11:27:51.904175 | [Test Dataset Load] -> "Dynamically loaded 5000 datas"
DEBUG | 2026/06/02 11:29:23.286440 | [Test Dataset Load] -> "Loading datasets from data/test"
DEBUG | 2026/06/02 11:29:23.297150 | [Test Dataset Load] -> "Dynamically loaded 5000 datas"
DEBUG | 2026/06/02 11:30:18.786068 | [Test Dataset Load] -> "Loading datasets from data/test"
DEBUG | 2026/06/02 11:30:18.796348 | [Test Dataset Load] -> "Dynamically loaded 5000 datas"
DEBUG | 2026/06/02 11:33:47.928791 | [Test Dataset Load] -> "Loading datasets from data/test"
DEBUG | 2026/06/02 11:33:47.939211 | [Test Dataset Load] -> "Dynamically loaded 5000 datas"
DEBUG | 2026/06/02 11:35:14.471366 | [Test Dataset Load] -> "Loading datasets from data/test"
DEBUG | 2026/06/02 11:35:14.481037 | [Test Dataset Load] -> "Dynamically loaded 5000 datas"
DEBUG | 2026/06/03 00:52:04.978428 | [Test Dataset Load] -> "Loading datasets from data/test"
DEBUG | 2026/06/03 00:52:05.010704 | [Test Dataset Load] -> "Dynamically loaded 5000 datas"
DEBUG | 2026/06/03 00:52:05.011334 | [Dataset Load] -> "Loading datasets from data/train"
DEBUG | 2026/06/03 00:52:05.012059 | [Dataset Load] -> "Loading datasets from class Atelectasis"
DEBUG | 2026/06/03 00:52:05.024408 | [Dataset Load] -> "Loading datasets from class Cardiomegaly"
DEBUG | 2026/06/03 00:52:05.027355 | [Dataset Load] -> "Loading datasets from class Consolidation"
DEBUG | 2026/06/03 00:52:05.031376 | [Dataset Load] -> "Loading datasets from class Edema"
DEBUG | 2026/06/03 00:52:05.038570 | [Dataset Load] -> "Loading datasets from class Effusion"
DEBUG | 2026/06/03 00:52:05.044047 | [Dataset Load] -> "Loading datasets from class Emphysema"
DEBUG | 2026/06/03 00:52:05.046094 | [Dataset Load] -> "Loading datasets from class Fibrosis"
DEBUG | 2026/06/03 00:52:05.048528 | [Dataset Load] -> "Loading datasets from class Hernia"
DEBUG | 2026/06/03 00:52:05.048756 | [Dataset Load] -> "Loading datasets from class Infiltration"
DEBUG | 2026/06/03 00:52:05.055824 | [Dataset Load] -> "Loading datasets from class Mass"
DEBUG | 2026/06/03 00:52:05.061522 | [Dataset Load] -> "Loading datasets from class No Finding"
DEBUG | 2026/06/03 00:52:05.073848 | [Dataset Load] -> "Loading datasets from class Nodule"
DEBUG | 2026/06/03 00:52:05.078462 | [Dataset Load] -> "Loading datasets from class Pleural_Thickening"
DEBUG | 2026/06/03 00:52:05.081657 | [Dataset Load] -> "Loading datasets from class Pneumonia"
DEBUG | 2026/06/03 00:52:05.083307 | [Dataset Load] -> "Loading datasets from class Pneumothorax"
DEBUG | 2026/06/03 00:52:05.085924 | [Dataset Load] -> "Dynamically loaded 22921 datas"
DEBUG | 2026/06/03 00:52:49.350108 | [Test Dataset Load] -> "Loading datasets from data/test"
DEBUG | 2026/06/03 00:52:49.357253 | [Test Dataset Load] -> "Dynamically loaded 5000 datas"
DEBUG | 2026/06/03 00:52:49.357710 | [Dataset Load] -> "Loading datasets from data/train"
DEBUG | 2026/06/03 00:52:49.357771 | [Dataset Load] -> "Loading datasets from class Atelectasis"
DEBUG | 2026/06/03 00:52:49.358927 | [Dataset Load] -> "Loading datasets from class Cardiomegaly"
DEBUG | 2026/06/03 00:52:49.359725 | [Dataset Load] -> "Loading datasets from class Consolidation"
DEBUG | 2026/06/03 00:52:49.360493 | [Dataset Load] -> "Loading datasets from class Edema"
DEBUG | 2026/06/03 00:52:49.360981 | [Dataset Load] -> "Loading datasets from class Effusion"
DEBUG | 2026/06/03 00:52:49.361748 | [Dataset Load] -> "Loading datasets from class Emphysema"
DEBUG | 2026/06/03 00:52:49.362189 | [Dataset Load] -> "Loading datasets from class Fibrosis"
DEBUG | 2026/06/03 00:52:49.362481 | [Dataset Load] -> "Loading datasets from class Hernia"
DEBUG | 2026/06/03 00:52:49.362547 | [Dataset Load] -> "Loading datasets from class Infiltration"
DEBUG | 2026/06/03 00:52:49.363795 | [Dataset Load] -> "Loading datasets from class Mass"
DEBUG | 2026/06/03 00:52:49.364537 | [Dataset Load] -> "Loading datasets from class No Finding"
DEBUG | 2026/06/03 00:52:49.365923 | [Dataset Load] -> "Loading datasets from class Nodule"
DEBUG | 2026/06/03 00:52:49.366640 | [Dataset Load] -> "Loading datasets from class Pleural_Thickening"
DEBUG | 2026/06/03 00:52:49.367052 | [Dataset Load] -> "Loading datasets from class Pneumonia"
DEBUG | 2026/06/03 00:52:49.367182 | [Dataset Load] -> "Loading datasets from class Pneumothorax"
DEBUG | 2026/06/03 00:52:49.367776 | [Dataset Load] -> "Dynamically loaded 22921 datas"
DEBUG | 2026/06/03 01:02:23.260712 | [Test Dataset Load] -> "Loading datasets from data/test"
DEBUG | 2026/06/03 01:02:23.292492 | [Test Dataset Load] -> "Dynamically loaded 5000 datas"
DEBUG | 2026/06/03 01:02:23.292978 | [Dataset Load] -> "Loading datasets from data/train"
DEBUG | 2026/06/03 01:02:23.293203 | [Dataset Load] -> "Loading datasets from class Atelectasis"
DEBUG | 2026/06/03 01:02:23.305421 | [Dataset Load] -> "Loading datasets from class Cardiomegaly"
DEBUG | 2026/06/03 01:02:23.308481 | [Dataset Load] -> "Loading datasets from class Consolidation"
DEBUG | 2026/06/03 01:02:23.312580 | [Dataset Load] -> "Loading datasets from class Edema"
DEBUG | 2026/06/03 01:02:23.318302 | [Dataset Load] -> "Loading datasets from class Effusion"
DEBUG | 2026/06/03 01:02:23.323757 | [Dataset Load] -> "Loading datasets from class Emphysema"
DEBUG | 2026/06/03 01:02:23.325835 | [Dataset Load] -> "Loading datasets from class Fibrosis"
DEBUG | 2026/06/03 01:02:23.328240 | [Dataset Load] -> "Loading datasets from class Hernia"
DEBUG | 2026/06/03 01:02:23.328479 | [Dataset Load] -> "Loading datasets from class Infiltration"
DEBUG | 2026/06/03 01:02:23.335474 | [Dataset Load] -> "Loading datasets from class Mass"
DEBUG | 2026/06/03 01:02:23.341207 | [Dataset Load] -> "Loading datasets from class No Finding"
DEBUG | 2026/06/03 01:02:23.353292 | [Dataset Load] -> "Loading datasets from class Nodule"
DEBUG | 2026/06/03 01:02:23.357843 | [Dataset Load] -> "Loading datasets from class Pleural_Thickening"
DEBUG | 2026/06/03 01:02:23.361140 | [Dataset Load] -> "Loading datasets from class Pneumonia"
DEBUG | 2026/06/03 01:02:23.362832 | [Dataset Load] -> "Loading datasets from class Pneumothorax"
DEBUG | 2026/06/03 01:02:23.365450 | [Dataset Load] -> "Dynamically loaded 22921 datas"
DEBUG | 2026/06/03 01:02:50.282850 | [Test Dataset Load] -> "Loading datasets from data/test"
DEBUG | 2026/06/03 01:02:50.284693 | [Test Dataset Load] -> "Dynamically loaded 5000 datas"
DEBUG | 2026/06/03 01:02:50.285995 | [Dataset Load] -> "Loading datasets from data/train"
DEBUG | 2026/06/03 01:02:50.286086 | [Dataset Load] -> "Loading datasets from class Atelectasis"
DEBUG | 2026/06/03 01:02:50.287709 | [Dataset Load] -> "Loading datasets from class Cardiomegaly"
DEBUG | 2026/06/03 01:02:50.288269 | [Dataset Load] -> "Loading datasets from class Consolidation"
DEBUG | 2026/06/03 01:02:50.289072 | [Dataset Load] -> "Loading datasets from class Edema"
DEBUG | 2026/06/03 01:02:50.289567 | [Dataset Load] -> "Loading datasets from class Effusion"
DEBUG | 2026/06/03 01:02:50.290532 | [Dataset Load] -> "Loading datasets from class Emphysema"
DEBUG | 2026/06/03 01:02:50.291005 | [Dataset Load] -> "Loading datasets from class Fibrosis"
DEBUG | 2026/06/03 01:02:50.291306 | [Dataset Load] -> "Loading datasets from class Hernia"
DEBUG | 2026/06/03 01:02:50.291386 | [Dataset Load] -> "Loading datasets from class Infiltration"
DEBUG | 2026/06/03 01:02:50.292568 | [Dataset Load] -> "Loading datasets from class Mass"
DEBUG | 2026/06/03 01:02:50.293344 | [Dataset Load] -> "Loading datasets from class No Finding"
DEBUG | 2026/06/03 01:02:50.294861 | [Dataset Load] -> "Loading datasets from class Nodule"
DEBUG | 2026/06/03 01:02:50.295621 | [Dataset Load] -> "Loading datasets from class Pleural_Thickening"
DEBUG | 2026/06/03 01:02:50.295952 | [Dataset Load] -> "Loading datasets from class Pneumonia"
DEBUG | 2026/06/03 01:02:50.296081 | [Dataset Load] -> "Loading datasets from class Pneumothorax"
DEBUG | 2026/06/03 01:02:50.296687 | [Dataset Load] -> "Dynamically loaded 22921 datas"
DEBUG | 2026/06/03 01:02:50.304825 | [Dataset Load] -> "Loading datasets from data/train"
DEBUG | 2026/06/03 01:02:50.304939 | [Dataset Load] -> "Dynamically loaded 16044 datas"
DEBUG | 2026/06/03 01:02:50.304990 | [Dataset Load] -> "Loading datasets from data/train"
DEBUG | 2026/06/03 01:02:50.305045 | [Dataset Load] -> "Dynamically loaded 6877 datas"
DEBUG | 2026/06/03 01:03:29.236128 | [Test Dataset Load] -> "Loading datasets from data/test"
DEBUG | 2026/06/03 01:03:29.239696 | [Test Dataset Load] -> "Dynamically loaded 5000 datas"
DEBUG | 2026/06/03 01:07:38.278466 | [Test Dataset Load] -> "Loading datasets from data/test"
DEBUG | 2026/06/03 01:07:38.280835 | [Test Dataset Load] -> "Dynamically loaded 5000 datas"
DEBUG | 2026/06/03 01:08:08.394520 | [Test Dataset Load] -> "Loading datasets from data/test"
DEBUG | 2026/06/03 01:08:08.397867 | [Test Dataset Load] -> "Dynamically loaded 5000 datas"
DEBUG | 2026/06/03 01:08:12.341942 | [Test Dataset Load] -> "Loading datasets from data/test"
DEBUG | 2026/06/03 01:08:12.345419 | [Test Dataset Load] -> "Dynamically loaded 5000 datas"
DEBUG | 2026/06/03 01:08:32.083314 | [Test Dataset Load] -> "Loading datasets from data/test"
DEBUG | 2026/06/03 01:08:32.087242 | [Test Dataset Load] -> "Dynamically loaded 5000 datas"
DEBUG | 2026/06/03 01:09:39.684146 | [Test Dataset Load] -> "Loading datasets from data/test"
DEBUG | 2026/06/03 01:09:39.686612 | [Test Dataset Load] -> "Dynamically loaded 5000 datas"
DEBUG | 2026/06/03 01:10:21.871081 | [Test Dataset Load] -> "Loading datasets from data/test"
DEBUG | 2026/06/03 01:10:21.872812 | [Test Dataset Load] -> "Dynamically loaded 5000 datas"
DEBUG | 2026/06/03 01:10:21.873443 | [Dataset Load] -> "Loading datasets from data/train"
DEBUG | 2026/06/03 01:10:21.873525 | [Dataset Load] -> "Loading datasets from class Atelectasis"
DEBUG | 2026/06/03 01:10:21.883194 | [Dataset Load] -> "Loading datasets from class Cardiomegaly"
DEBUG | 2026/06/03 01:10:21.885775 | [Dataset Load] -> "Loading datasets from class Consolidation"
DEBUG | 2026/06/03 01:10:21.890075 | [Dataset Load] -> "Loading datasets from class Edema"
DEBUG | 2026/06/03 01:10:21.895522 | [Dataset Load] -> "Loading datasets from class Effusion"
DEBUG | 2026/06/03 01:10:21.899644 | [Dataset Load] -> "Loading datasets from class Emphysema"
DEBUG | 2026/06/03 01:10:21.902466 | [Dataset Load] -> "Loading datasets from class Fibrosis"
DEBUG | 2026/06/03 01:10:21.903590 | [Dataset Load] -> "Loading datasets from class Hernia"
DEBUG | 2026/06/03 01:10:21.903755 | [Dataset Load] -> "Loading datasets from class Infiltration"
DEBUG | 2026/06/03 01:10:22.009687 | [Dataset Load] -> "Loading datasets from class Mass"
DEBUG | 2026/06/03 01:10:22.017969 | [Dataset Load] -> "Loading datasets from class No Finding"
DEBUG | 2026/06/03 01:10:22.026202 | [Dataset Load] -> "Loading datasets from class Nodule"
DEBUG | 2026/06/03 01:10:22.030467 | [Dataset Load] -> "Loading datasets from class Pleural_Thickening"
DEBUG | 2026/06/03 01:10:22.032616 | [Dataset Load] -> "Loading datasets from class Pneumonia"
DEBUG | 2026/06/03 01:10:22.035865 | [Dataset Load] -> "Loading datasets from class Pneumothorax"
DEBUG | 2026/06/03 01:10:22.038195 | [Dataset Load] -> "Dynamically loaded 22921 datas"
DEBUG | 2026/06/03 01:10:22.046179 | [Dataset Load] -> "Loading datasets from data/train"
DEBUG | 2026/06/03 01:10:22.046322 | [Dataset Load] -> "Dynamically loaded 16044 datas"
DEBUG | 2026/06/03 01:10:22.046374 | [Dataset Load] -> "Loading datasets from data/train"
DEBUG | 2026/06/03 01:10:22.046429 | [Dataset Load] -> "Dynamically loaded 6877 datas"
DEBUG | 2026/06/03 01:10:30.647549 | [Test Dataset Load] -> "Loading datasets from data/test"
DEBUG | 2026/06/03 01:10:30.650251 | [Test Dataset Load] -> "Dynamically loaded 5000 datas"
DEBUG | 2026/06/03 01:12:26.164703 | [Test Dataset Load] -> "Loading datasets from data/test"
DEBUG | 2026/06/03 01:12:26.167204 | [Test Dataset Load] -> "Dynamically loaded 5000 datas"
DEBUG | 2026/06/03 01:12:31.797496 | [Test Dataset Load] -> "Loading datasets from data/test"
DEBUG | 2026/06/03 01:12:31.802845 | [Test Dataset Load] -> "Dynamically loaded 5000 datas"
DEBUG | 2026/06/03 01:17:21.919065 | [Test Dataset Load] -> "Loading datasets from data/test"
DEBUG | 2026/06/03 01:17:21.920742 | [Test Dataset Load] -> "Dynamically loaded 5000 datas"
DEBUG | 2026/06/03 01:17:21.921274 | [Dataset Load] -> "Loading datasets from data/train"
DEBUG | 2026/06/03 01:17:21.921337 | [Dataset Load] -> "Loading datasets from class Atelectasis"
DEBUG | 2026/06/03 01:17:21.934293 | [Dataset Load] -> "Loading datasets from class Cardiomegaly"
DEBUG | 2026/06/03 01:17:21.937267 | [Dataset Load] -> "Loading datasets from class Consolidation"
DEBUG | 2026/06/03 01:17:21.941250 | [Dataset Load] -> "Loading datasets from class Edema"
DEBUG | 2026/06/03 01:17:21.947168 | [Dataset Load] -> "Loading datasets from class Effusion"
DEBUG | 2026/06/03 01:17:21.953188 | [Dataset Load] -> "Loading datasets from class Emphysema"
DEBUG | 2026/06/03 01:17:21.955254 | [Dataset Load] -> "Loading datasets from class Fibrosis"
DEBUG | 2026/06/03 01:17:21.957644 | [Dataset Load] -> "Loading datasets from class Hernia"
DEBUG | 2026/06/03 01:17:21.957896 | [Dataset Load] -> "Loading datasets from class Infiltration"
DEBUG | 2026/06/03 01:17:21.965241 | [Dataset Load] -> "Loading datasets from class Mass"
DEBUG | 2026/06/03 01:17:21.971039 | [Dataset Load] -> "Loading datasets from class No Finding"
DEBUG | 2026/06/03 01:17:21.982211 | [Dataset Load] -> "Loading datasets from class Nodule"
DEBUG | 2026/06/03 01:17:21.982946 | [Dataset Load] -> "Loading datasets from class Pleural_Thickening"
DEBUG | 2026/06/03 01:17:21.983394 | [Dataset Load] -> "Loading datasets from class Pneumonia"
DEBUG | 2026/06/03 01:17:21.983521 | [Dataset Load] -> "Loading datasets from class Pneumothorax"
DEBUG | 2026/06/03 01:17:21.984081 | [Dataset Load] -> "Dynamically loaded 22921 datas"
DEBUG | 2026/06/03 01:29:29.939843 | [Test Dataset Load] -> "Loading datasets from data/test"
DEBUG | 2026/06/03 01:29:29.972217 | [Test Dataset Load] -> "Dynamically loaded 5000 datas"
DEBUG | 2026/06/03 01:29:29.973724 | [Dataset Load] -> "Loading datasets from data/train"
DEBUG | 2026/06/03 01:29:29.973917 | [Dataset Load] -> "Loading datasets from class Atelectasis"
DEBUG | 2026/06/03 01:29:29.985755 | [Dataset Load] -> "Loading datasets from class Cardiomegaly"
DEBUG | 2026/06/03 01:29:29.988195 | [Dataset Load] -> "Loading datasets from class Consolidation"
DEBUG | 2026/06/03 01:29:29.991127 | [Dataset Load] -> "Loading datasets from class Edema"
DEBUG | 2026/06/03 01:29:29.996536 | [Dataset Load] -> "Loading datasets from class Effusion"
DEBUG | 2026/06/03 01:29:30.001278 | [Dataset Load] -> "Loading datasets from class Emphysema"
DEBUG | 2026/06/03 01:29:30.003769 | [Dataset Load] -> "Loading datasets from class Fibrosis"
DEBUG | 2026/06/03 01:29:30.004828 | [Dataset Load] -> "Loading datasets from class Hernia"
DEBUG | 2026/06/03 01:29:30.005073 | [Dataset Load] -> "Loading datasets from class Infiltration"
DEBUG | 2026/06/03 01:29:30.014150 | [Dataset Load] -> "Loading datasets from class Mass"
DEBUG | 2026/06/03 01:29:30.020279 | [Dataset Load] -> "Loading datasets from class No Finding"
DEBUG | 2026/06/03 01:29:30.028817 | [Dataset Load] -> "Loading datasets from class Nodule"
DEBUG | 2026/06/03 01:29:30.031309 | [Dataset Load] -> "Loading datasets from class Pleural_Thickening"
DEBUG | 2026/06/03 01:29:30.032282 | [Dataset Load] -> "Loading datasets from class Pneumonia"
DEBUG | 2026/06/03 01:29:30.034576 | [Dataset Load] -> "Loading datasets from class Pneumothorax"
DEBUG | 2026/06/03 01:29:30.036636 | [Dataset Load] -> "Dynamically loaded 22921 datas"
DEBUG | 2026/06/03 01:29:30.044687 | [Dataset Load] -> "Loading datasets from data/train"
DEBUG | 2026/06/03 01:29:30.044758 | [Dataset Load] -> "Dynamically loaded 16044 datas"
DEBUG | 2026/06/03 01:29:30.044800 | [Dataset Load] -> "Loading datasets from data/train"
DEBUG | 2026/06/03 01:29:30.044854 | [Dataset Load] -> "Dynamically loaded 6877 datas"
DEBUG | 2026/06/03 01:58:20.112393 | [Dataset Load] -> "Loading datasets from data/train"
DEBUG | 2026/06/03 01:58:20.112755 | [Dataset Load] -> "Loading datasets from class Atelectasis"
DEBUG | 2026/06/03 01:58:20.125007 | [Dataset Load] -> "Loading datasets from class Cardiomegaly"
DEBUG | 2026/06/03 01:58:20.126394 | [Dataset Load] -> "Loading datasets from class Consolidation"
DEBUG | 2026/06/03 01:58:20.128430 | [Dataset Load] -> "Loading datasets from class Edema"
DEBUG | 2026/06/03 01:58:20.132716 | [Dataset Load] -> "Loading datasets from class Effusion"
DEBUG | 2026/06/03 01:58:20.134543 | [Dataset Load] -> "Loading datasets from class Emphysema"
DEBUG | 2026/06/03 01:58:20.136916 | [Dataset Load] -> "Loading datasets from class Fibrosis"
DEBUG | 2026/06/03 01:58:20.138702 | [Dataset Load] -> "Loading datasets from class Hernia"
DEBUG | 2026/06/03 01:58:20.138849 | [Dataset Load] -> "Loading datasets from class Infiltration"
DEBUG | 2026/06/03 01:58:20.144997 | [Dataset Load] -> "Loading datasets from class Mass"
DEBUG | 2026/06/03 01:58:20.151014 | [Dataset Load] -> "Loading datasets from class No Finding"
DEBUG | 2026/06/03 01:58:20.155047 | [Dataset Load] -> "Loading datasets from class Nodule"
DEBUG | 2026/06/03 01:58:20.156833 | [Dataset Load] -> "Loading datasets from class Pleural_Thickening"
DEBUG | 2026/06/03 01:58:20.159613 | [Dataset Load] -> "Loading datasets from class Pneumonia"
DEBUG | 2026/06/03 01:58:20.159742 | [Dataset Load] -> "Loading datasets from class Pneumothorax"
DEBUG | 2026/06/03 01:58:20.161238 | [Dataset Load] -> "Dynamically loaded 22921 datas"
DEBUG | 2026/06/03 02:11:23.500501 | [Dataset Load] -> "Loading datasets from data/train"
DEBUG | 2026/06/03 02:11:23.501233 | [Dataset Load] -> "Loading datasets from class Atelectasis"
DEBUG | 2026/06/03 02:11:23.513905 | [Dataset Load] -> "Loading datasets from class Cardiomegaly"
DEBUG | 2026/06/03 02:11:23.516542 | [Dataset Load] -> "Loading datasets from class Consolidation"
DEBUG | 2026/06/03 02:11:23.520582 | [Dataset Load] -> "Loading datasets from class Edema"
DEBUG | 2026/06/03 02:11:23.526863 | [Dataset Load] -> "Loading datasets from class Effusion"
DEBUG | 2026/06/03 02:11:23.532606 | [Dataset Load] -> "Loading datasets from class Emphysema"
DEBUG | 2026/06/03 02:11:23.534549 | [Dataset Load] -> "Loading datasets from class Fibrosis"
DEBUG | 2026/06/03 02:11:23.536974 | [Dataset Load] -> "Loading datasets from class Hernia"
DEBUG | 2026/06/03 02:11:23.537217 | [Dataset Load] -> "Loading datasets from class Infiltration"
DEBUG | 2026/06/03 02:11:23.543647 | [Dataset Load] -> "Loading datasets from class Mass"
DEBUG | 2026/06/03 02:11:23.549436 | [Dataset Load] -> "Loading datasets from class No Finding"
DEBUG | 2026/06/03 02:11:23.561425 | [Dataset Load] -> "Loading datasets from class Nodule"
DEBUG | 2026/06/03 02:11:23.565900 | [Dataset Load] -> "Loading datasets from class Pleural_Thickening"
DEBUG | 2026/06/03 02:11:23.568634 | [Dataset Load] -> "Loading datasets from class Pneumonia"
DEBUG | 2026/06/03 02:11:23.570115 | [Dataset Load] -> "Loading datasets from class Pneumothorax"
DEBUG | 2026/06/03 02:11:23.572671 | [Dataset Load] -> "Dynamically loaded 22921 datas"
DEBUG | 2026/06/03 02:24:26.358887 | [Dataset Load] -> "Loading datasets from data/train"
DEBUG | 2026/06/03 02:24:26.359640 | [Dataset Load] -> "Loading datasets from class Atelectasis"
DEBUG | 2026/06/03 02:24:26.372305 | [Dataset Load] -> "Loading datasets from class Cardiomegaly"
DEBUG | 2026/06/03 02:24:26.374838 | [Dataset Load] -> "Loading datasets from class Consolidation"
DEBUG | 2026/06/03 02:24:26.378931 | [Dataset Load] -> "Loading datasets from class Edema"
DEBUG | 2026/06/03 02:24:26.384823 | [Dataset Load] -> "Loading datasets from class Effusion"
DEBUG | 2026/06/03 02:24:26.390448 | [Dataset Load] -> "Loading datasets from class Emphysema"
DEBUG | 2026/06/03 02:24:26.392359 | [Dataset Load] -> "Loading datasets from class Fibrosis"
DEBUG | 2026/06/03 02:24:26.394765 | [Dataset Load] -> "Loading datasets from class Hernia"
DEBUG | 2026/06/03 02:24:26.395015 | [Dataset Load] -> "Loading datasets from class Infiltration"
DEBUG | 2026/06/03 02:24:26.401752 | [Dataset Load] -> "Loading datasets from class Mass"
DEBUG | 2026/06/03 02:24:26.407584 | [Dataset Load] -> "Loading datasets from class No Finding"
DEBUG | 2026/06/03 02:24:26.419442 | [Dataset Load] -> "Loading datasets from class Nodule"
DEBUG | 2026/06/03 02:24:26.423907 | [Dataset Load] -> "Loading datasets from class Pleural_Thickening"
DEBUG | 2026/06/03 02:24:26.426678 | [Dataset Load] -> "Loading datasets from class Pneumonia"
DEBUG | 2026/06/03 02:24:26.428151 | [Dataset Load] -> "Loading datasets from class Pneumothorax"
DEBUG | 2026/06/03 02:24:26.430760 | [Dataset Load] -> "Dynamically loaded 22921 datas"
DEBUG | 2026/06/03 02:37:32.141316 | [Dataset Load] -> "Loading datasets from data/train"
DEBUG | 2026/06/03 02:37:32.142129 | [Dataset Load] -> "Loading datasets from class Atelectasis"
DEBUG | 2026/06/03 02:37:32.151832 | [Dataset Load] -> "Loading datasets from class Cardiomegaly"
DEBUG | 2026/06/03 02:37:32.155295 | [Dataset Load] -> "Loading datasets from class Consolidation"
DEBUG | 2026/06/03 02:37:32.160031 | [Dataset Load] -> "Loading datasets from class Edema"
DEBUG | 2026/06/03 02:37:32.163890 | [Dataset Load] -> "Loading datasets from class Effusion"
DEBUG | 2026/06/03 02:37:32.169000 | [Dataset Load] -> "Loading datasets from class Emphysema"
DEBUG | 2026/06/03 02:37:32.171385 | [Dataset Load] -> "Loading datasets from class Fibrosis"
DEBUG | 2026/06/03 02:37:32.174150 | [Dataset Load] -> "Loading datasets from class Hernia"
DEBUG | 2026/06/03 02:37:32.174441 | [Dataset Load] -> "Loading datasets from class Infiltration"
DEBUG | 2026/06/03 02:37:32.182933 | [Dataset Load] -> "Loading datasets from class Mass"
DEBUG | 2026/06/03 02:37:32.188833 | [Dataset Load] -> "Loading datasets from class No Finding"
DEBUG | 2026/06/03 02:37:32.200787 | [Dataset Load] -> "Loading datasets from class Nodule"
DEBUG | 2026/06/03 02:37:32.205487 | [Dataset Load] -> "Loading datasets from class Pleural_Thickening"
DEBUG | 2026/06/03 02:37:32.208387 | [Dataset Load] -> "Loading datasets from class Pneumonia"
DEBUG | 2026/06/03 02:37:32.209941 | [Dataset Load] -> "Loading datasets from class Pneumothorax"
DEBUG | 2026/06/03 02:37:32.212677 | [Dataset Load] -> "Dynamically loaded 22921 datas"
DEBUG | 2026/06/03 02:50:37.227928 | [Dataset Load] -> "Loading datasets from data/train"
DEBUG | 2026/06/03 02:50:37.228717 | [Dataset Load] -> "Loading datasets from class Atelectasis"
DEBUG | 2026/06/03 02:50:37.242137 | [Dataset Load] -> "Loading datasets from class Cardiomegaly"
DEBUG | 2026/06/03 02:50:37.244731 | [Dataset Load] -> "Loading datasets from class Consolidation"
DEBUG | 2026/06/03 02:50:37.248658 | [Dataset Load] -> "Loading datasets from class Edema"
DEBUG | 2026/06/03 02:50:37.255285 | [Dataset Load] -> "Loading datasets from class Effusion"
DEBUG | 2026/06/03 02:50:37.261208 | [Dataset Load] -> "Loading datasets from class Emphysema"
DEBUG | 2026/06/03 02:50:37.263170 | [Dataset Load] -> "Loading datasets from class Fibrosis"
DEBUG | 2026/06/03 02:50:37.266477 | [Dataset Load] -> "Loading datasets from class Hernia"
DEBUG | 2026/06/03 02:50:37.266774 | [Dataset Load] -> "Loading datasets from class Infiltration"
DEBUG | 2026/06/03 02:50:37.273307 | [Dataset Load] -> "Loading datasets from class Mass"
DEBUG | 2026/06/03 02:50:37.279126 | [Dataset Load] -> "Loading datasets from class No Finding"
DEBUG | 2026/06/03 02:50:37.292561 | [Dataset Load] -> "Loading datasets from class Nodule"
DEBUG | 2026/06/03 02:50:37.297076 | [Dataset Load] -> "Loading datasets from class Pleural_Thickening"
DEBUG | 2026/06/03 02:50:37.300085 | [Dataset Load] -> "Loading datasets from class Pneumonia"
DEBUG | 2026/06/03 02:50:37.301639 | [Dataset Load] -> "Loading datasets from class Pneumothorax"
DEBUG | 2026/06/03 02:50:37.304366 | [Dataset Load] -> "Dynamically loaded 22921 datas"
DEBUG | 2026/06/03 03:03:39.315366 | [Dataset Load] -> "Loading datasets from data/train"
DEBUG | 2026/06/03 03:03:39.316176 | [Dataset Load] -> "Loading datasets from class Atelectasis"
DEBUG | 2026/06/03 03:03:39.328996 | [Dataset Load] -> "Loading datasets from class Cardiomegaly"
DEBUG | 2026/06/03 03:03:39.331512 | [Dataset Load] -> "Loading datasets from class Consolidation"
DEBUG | 2026/06/03 03:03:39.335500 | [Dataset Load] -> "Loading datasets from class Edema"
DEBUG | 2026/06/03 03:03:39.341325 | [Dataset Load] -> "Loading datasets from class Effusion"
DEBUG | 2026/06/03 03:03:39.346954 | [Dataset Load] -> "Loading datasets from class Emphysema"
DEBUG | 2026/06/03 03:03:39.348870 | [Dataset Load] -> "Loading datasets from class Fibrosis"
DEBUG | 2026/06/03 03:03:39.351276 | [Dataset Load] -> "Loading datasets from class Hernia"
DEBUG | 2026/06/03 03:03:39.351520 | [Dataset Load] -> "Loading datasets from class Infiltration"
DEBUG | 2026/06/03 03:03:39.358173 | [Dataset Load] -> "Loading datasets from class Mass"
DEBUG | 2026/06/03 03:03:39.364008 | [Dataset Load] -> "Loading datasets from class No Finding"
DEBUG | 2026/06/03 03:03:39.376139 | [Dataset Load] -> "Loading datasets from class Nodule"
DEBUG | 2026/06/03 03:03:39.380936 | [Dataset Load] -> "Loading datasets from class Pleural_Thickening"
DEBUG | 2026/06/03 03:03:39.384029 | [Dataset Load] -> "Loading datasets from class Pneumonia"
DEBUG | 2026/06/03 03:03:39.385681 | [Dataset Load] -> "Loading datasets from class Pneumothorax"
DEBUG | 2026/06/03 03:03:39.388570 | [Dataset Load] -> "Dynamically loaded 22921 datas"
DEBUG | 2026/06/03 03:16:43.573372 | [Dataset Load] -> "Loading datasets from data/train"
DEBUG | 2026/06/03 03:16:43.574142 | [Dataset Load] -> "Loading datasets from class Atelectasis"
DEBUG | 2026/06/03 03:16:43.587061 | [Dataset Load] -> "Loading datasets from class Cardiomegaly"
DEBUG | 2026/06/03 03:16:43.589522 | [Dataset Load] -> "Loading datasets from class Consolidation"
DEBUG | 2026/06/03 03:16:43.593499 | [Dataset Load] -> "Loading datasets from class Edema"
DEBUG | 2026/06/03 03:16:43.602551 | [Dataset Load] -> "Loading datasets from class Effusion"
DEBUG | 2026/06/03 03:16:43.608169 | [Dataset Load] -> "Loading datasets from class Emphysema"
DEBUG | 2026/06/03 03:16:43.610105 | [Dataset Load] -> "Loading datasets from class Fibrosis"
DEBUG | 2026/06/03 03:16:43.612677 | [Dataset Load] -> "Loading datasets from class Hernia"
DEBUG | 2026/06/03 03:16:43.612937 | [Dataset Load] -> "Loading datasets from class Infiltration"
DEBUG | 2026/06/03 03:16:43.619595 | [Dataset Load] -> "Loading datasets from class Mass"
DEBUG | 2026/06/03 03:16:43.625520 | [Dataset Load] -> "Loading datasets from class No Finding"
DEBUG | 2026/06/03 03:16:43.637459 | [Dataset Load] -> "Loading datasets from class Nodule"
DEBUG | 2026/06/03 03:16:43.642189 | [Dataset Load] -> "Loading datasets from class Pleural_Thickening"
DEBUG | 2026/06/03 03:16:43.644932 | [Dataset Load] -> "Loading datasets from class Pneumonia"
DEBUG | 2026/06/03 03:16:43.646445 | [Dataset Load] -> "Loading datasets from class Pneumothorax"
DEBUG | 2026/06/03 03:16:43.649000 | [Dataset Load] -> "Dynamically loaded 22921 datas"
DEBUG | 2026/06/03 03:29:45.953907 | [Dataset Load] -> "Loading datasets from data/train"
DEBUG | 2026/06/03 03:29:45.954775 | [Dataset Load] -> "Loading datasets from class Atelectasis"
DEBUG | 2026/06/03 03:29:45.967489 | [Dataset Load] -> "Loading datasets from class Cardiomegaly"
DEBUG | 2026/06/03 03:29:45.969940 | [Dataset Load] -> "Loading datasets from class Consolidation"
DEBUG | 2026/06/03 03:29:45.973823 | [Dataset Load] -> "Loading datasets from class Edema"
DEBUG | 2026/06/03 03:29:45.979740 | [Dataset Load] -> "Loading datasets from class Effusion"
DEBUG | 2026/06/03 03:29:45.985613 | [Dataset Load] -> "Loading datasets from class Emphysema"
DEBUG | 2026/06/03 03:29:45.987616 | [Dataset Load] -> "Loading datasets from class Fibrosis"
DEBUG | 2026/06/03 03:29:45.990035 | [Dataset Load] -> "Loading datasets from class Hernia"
DEBUG | 2026/06/03 03:29:45.990292 | [Dataset Load] -> "Loading datasets from class Infiltration"
DEBUG | 2026/06/03 03:29:45.996814 | [Dataset Load] -> "Loading datasets from class Mass"
DEBUG | 2026/06/03 03:29:46.002788 | [Dataset Load] -> "Loading datasets from class No Finding"
DEBUG | 2026/06/03 03:29:46.015155 | [Dataset Load] -> "Loading datasets from class Nodule"
DEBUG | 2026/06/03 03:29:46.019867 | [Dataset Load] -> "Loading datasets from class Pleural_Thickening"
DEBUG | 2026/06/03 03:29:46.022718 | [Dataset Load] -> "Loading datasets from class Pneumonia"
DEBUG | 2026/06/03 03:29:46.024263 | [Dataset Load] -> "Loading datasets from class Pneumothorax"
DEBUG | 2026/06/03 03:29:46.026801 | [Dataset Load] -> "Dynamically loaded 22921 datas"
DEBUG | 2026/06/03 03:42:48.777194 | [Dataset Load] -> "Loading datasets from data/train"
DEBUG | 2026/06/03 03:42:48.778742 | [Dataset Load] -> "Loading datasets from class Atelectasis"
DEBUG | 2026/06/03 03:42:48.792527 | [Dataset Load] -> "Loading datasets from class Cardiomegaly"
DEBUG | 2026/06/03 03:42:48.795072 | [Dataset Load] -> "Loading datasets from class Consolidation"
DEBUG | 2026/06/03 03:42:48.799107 | [Dataset Load] -> "Loading datasets from class Edema"
DEBUG | 2026/06/03 03:42:48.804786 | [Dataset Load] -> "Loading datasets from class Effusion"
DEBUG | 2026/06/03 03:42:48.810434 | [Dataset Load] -> "Loading datasets from class Emphysema"
DEBUG | 2026/06/03 03:42:48.812448 | [Dataset Load] -> "Loading datasets from class Fibrosis"
DEBUG | 2026/06/03 03:42:48.814858 | [Dataset Load] -> "Loading datasets from class Hernia"
DEBUG | 2026/06/03 03:42:48.815110 | [Dataset Load] -> "Loading datasets from class Infiltration"
DEBUG | 2026/06/03 03:42:48.821886 | [Dataset Load] -> "Loading datasets from class Mass"
DEBUG | 2026/06/03 03:42:48.827793 | [Dataset Load] -> "Loading datasets from class No Finding"
DEBUG | 2026/06/03 03:42:48.839632 | [Dataset Load] -> "Loading datasets from class Nodule"
DEBUG | 2026/06/03 03:42:48.844265 | [Dataset Load] -> "Loading datasets from class Pleural_Thickening"
DEBUG | 2026/06/03 03:42:48.847122 | [Dataset Load] -> "Loading datasets from class Pneumonia"
DEBUG | 2026/06/03 03:42:48.848634 | [Dataset Load] -> "Loading datasets from class Pneumothorax"
DEBUG | 2026/06/03 03:42:48.851405 | [Dataset Load] -> "Dynamically loaded 22921 datas"
DEBUG | 2026/06/03 03:55:51.955470 | [Dataset Load] -> "Loading datasets from data/train"
DEBUG | 2026/06/03 03:55:51.956211 | [Dataset Load] -> "Loading datasets from class Atelectasis"
DEBUG | 2026/06/03 03:55:51.969085 | [Dataset Load] -> "Loading datasets from class Cardiomegaly"
DEBUG | 2026/06/03 03:55:51.971606 | [Dataset Load] -> "Loading datasets from class Consolidation"
DEBUG | 2026/06/03 03:55:51.975472 | [Dataset Load] -> "Loading datasets from class Edema"
DEBUG | 2026/06/03 03:55:52.113761 | [Dataset Load] -> "Loading datasets from class Effusion"
DEBUG | 2026/06/03 03:55:52.119954 | [Dataset Load] -> "Loading datasets from class Emphysema"
DEBUG | 2026/06/03 03:55:52.121878 | [Dataset Load] -> "Loading datasets from class Fibrosis"
DEBUG | 2026/06/03 03:55:52.124303 | [Dataset Load] -> "Loading datasets from class Hernia"
DEBUG | 2026/06/03 03:55:52.124568 | [Dataset Load] -> "Loading datasets from class Infiltration"
DEBUG | 2026/06/03 03:55:52.130973 | [Dataset Load] -> "Loading datasets from class Mass"
DEBUG | 2026/06/03 03:55:52.136932 | [Dataset Load] -> "Loading datasets from class No Finding"
DEBUG | 2026/06/03 03:55:52.148966 | [Dataset Load] -> "Loading datasets from class Nodule"
DEBUG | 2026/06/03 03:55:52.153406 | [Dataset Load] -> "Loading datasets from class Pleural_Thickening"
DEBUG | 2026/06/03 03:55:52.156122 | [Dataset Load] -> "Loading datasets from class Pneumonia"
DEBUG | 2026/06/03 03:55:52.157624 | [Dataset Load] -> "Loading datasets from class Pneumothorax"
DEBUG | 2026/06/03 03:55:52.160199 | [Dataset Load] -> "Dynamically loaded 22921 datas"
DEBUG | 2026/06/03 04:08:54.453657 | [Dataset Load] -> "Loading datasets from data/train"
DEBUG | 2026/06/03 04:08:54.454391 | [Dataset Load] -> "Loading datasets from class Atelectasis"
DEBUG | 2026/06/03 04:08:54.467563 | [Dataset Load] -> "Loading datasets from class Cardiomegaly"
DEBUG | 2026/06/03 04:08:54.470303 | [Dataset Load] -> "Loading datasets from class Consolidation"
DEBUG | 2026/06/03 04:08:54.474247 | [Dataset Load] -> "Loading datasets from class Edema"
DEBUG | 2026/06/03 04:08:54.480148 | [Dataset Load] -> "Loading datasets from class Effusion"
DEBUG | 2026/06/03 04:08:54.485760 | [Dataset Load] -> "Loading datasets from class Emphysema"
DEBUG | 2026/06/03 04:08:54.487691 | [Dataset Load] -> "Loading datasets from class Fibrosis"
DEBUG | 2026/06/03 04:08:54.490187 | [Dataset Load] -> "Loading datasets from class Hernia"
DEBUG | 2026/06/03 04:08:54.490442 | [Dataset Load] -> "Loading datasets from class Infiltration"
DEBUG | 2026/06/03 04:08:54.631734 | [Dataset Load] -> "Loading datasets from class Mass"
DEBUG | 2026/06/03 04:08:54.638209 | [Dataset Load] -> "Loading datasets from class No Finding"
DEBUG | 2026/06/03 04:08:54.649395 | [Dataset Load] -> "Loading datasets from class Nodule"
DEBUG | 2026/06/03 04:08:54.653909 | [Dataset Load] -> "Loading datasets from class Pleural_Thickening"
DEBUG | 2026/06/03 04:08:54.657052 | [Dataset Load] -> "Loading datasets from class Pneumonia"
DEBUG | 2026/06/03 04:08:54.658604 | [Dataset Load] -> "Loading datasets from class Pneumothorax"
DEBUG | 2026/06/03 04:08:54.661172 | [Dataset Load] -> "Dynamically loaded 22921 datas"
DEBUG | 2026/06/03 04:21:56.073299 | [Dataset Load] -> "Loading datasets from data/train"
DEBUG | 2026/06/03 04:21:56.073959 | [Dataset Load] -> "Loading datasets from class Atelectasis"
DEBUG | 2026/06/03 04:21:56.086780 | [Dataset Load] -> "Loading datasets from class Cardiomegaly"
DEBUG | 2026/06/03 04:21:56.095608 | [Dataset Load] -> "Loading datasets from class Consolidation"
DEBUG | 2026/06/03 04:21:56.099862 | [Dataset Load] -> "Loading datasets from class Edema"
DEBUG | 2026/06/03 04:21:56.105822 | [Dataset Load] -> "Loading datasets from class Effusion"
DEBUG | 2026/06/03 04:21:56.111857 | [Dataset Load] -> "Loading datasets from class Emphysema"
DEBUG | 2026/06/03 04:21:56.113860 | [Dataset Load] -> "Loading datasets from class Fibrosis"
DEBUG | 2026/06/03 04:21:56.116461 | [Dataset Load] -> "Loading datasets from class Hernia"
DEBUG | 2026/06/03 04:21:56.116714 | [Dataset Load] -> "Loading datasets from class Infiltration"
DEBUG | 2026/06/03 04:21:56.123261 | [Dataset Load] -> "Loading datasets from class Mass"
DEBUG | 2026/06/03 04:21:56.129129 | [Dataset Load] -> "Loading datasets from class No Finding"
DEBUG | 2026/06/03 04:21:56.300780 | [Dataset Load] -> "Loading datasets from class Nodule"
DEBUG | 2026/06/03 04:21:56.305779 | [Dataset Load] -> "Loading datasets from class Pleural_Thickening"
DEBUG | 2026/06/03 04:21:56.308866 | [Dataset Load] -> "Loading datasets from class Pneumonia"
DEBUG | 2026/06/03 04:21:56.310396 | [Dataset Load] -> "Loading datasets from class Pneumothorax"
DEBUG | 2026/06/03 04:21:56.312938 | [Dataset Load] -> "Dynamically loaded 22921 datas"
DEBUG | 2026/06/03 04:34:58.562232 | [Dataset Load] -> "Loading datasets from data/train"
DEBUG | 2026/06/03 04:34:58.562965 | [Dataset Load] -> "Loading datasets from class Atelectasis"
DEBUG | 2026/06/03 04:34:58.576100 | [Dataset Load] -> "Loading datasets from class Cardiomegaly"
DEBUG | 2026/06/03 04:34:58.578548 | [Dataset Load] -> "Loading datasets from class Consolidation"
DEBUG | 2026/06/03 04:34:58.582377 | [Dataset Load] -> "Loading datasets from class Edema"
DEBUG | 2026/06/03 04:34:58.588443 | [Dataset Load] -> "Loading datasets from class Effusion"
DEBUG | 2026/06/03 04:34:58.594045 | [Dataset Load] -> "Loading datasets from class Emphysema"
DEBUG | 2026/06/03 04:34:58.595974 | [Dataset Load] -> "Loading datasets from class Fibrosis"
DEBUG | 2026/06/03 04:34:58.598406 | [Dataset Load] -> "Loading datasets from class Hernia"
DEBUG | 2026/06/03 04:34:58.598654 | [Dataset Load] -> "Loading datasets from class Infiltration"
DEBUG | 2026/06/03 04:34:58.605100 | [Dataset Load] -> "Loading datasets from class Mass"
DEBUG | 2026/06/03 04:34:58.611096 | [Dataset Load] -> "Loading datasets from class No Finding"
DEBUG | 2026/06/03 04:34:58.623218 | [Dataset Load] -> "Loading datasets from class Nodule"
DEBUG | 2026/06/03 04:34:58.627664 | [Dataset Load] -> "Loading datasets from class Pleural_Thickening"
DEBUG | 2026/06/03 04:34:58.630540 | [Dataset Load] -> "Loading datasets from class Pneumonia"
DEBUG | 2026/06/03 04:34:58.632102 | [Dataset Load] -> "Loading datasets from class Pneumothorax"
DEBUG | 2026/06/03 04:34:58.634606 | [Dataset Load] -> "Dynamically loaded 22921 datas"
DEBUG | 2026/06/03 04:48:00.585005 | [Dataset Load] -> "Loading datasets from data/train"
DEBUG | 2026/06/03 04:48:00.585644 | [Dataset Load] -> "Loading datasets from class Atelectasis"
DEBUG | 2026/06/03 04:48:00.598417 | [Dataset Load] -> "Loading datasets from class Cardiomegaly"
DEBUG | 2026/06/03 04:48:00.601240 | [Dataset Load] -> "Loading datasets from class Consolidation"
DEBUG | 2026/06/03 04:48:00.605230 | [Dataset Load] -> "Loading datasets from class Edema"
DEBUG | 2026/06/03 04:48:00.611100 | [Dataset Load] -> "Loading datasets from class Effusion"
DEBUG | 2026/06/03 04:48:00.616534 | [Dataset Load] -> "Loading datasets from class Emphysema"
DEBUG | 2026/06/03 04:48:00.618454 | [Dataset Load] -> "Loading datasets from class Fibrosis"
DEBUG | 2026/06/03 04:48:00.620819 | [Dataset Load] -> "Loading datasets from class Hernia"
DEBUG | 2026/06/03 04:48:00.621068 | [Dataset Load] -> "Loading datasets from class Infiltration"
DEBUG | 2026/06/03 04:48:00.627783 | [Dataset Load] -> "Loading datasets from class Mass"
DEBUG | 2026/06/03 04:48:00.633651 | [Dataset Load] -> "Loading datasets from class No Finding"
DEBUG | 2026/06/03 04:48:00.645792 | [Dataset Load] -> "Loading datasets from class Nodule"
DEBUG | 2026/06/03 04:48:00.650383 | [Dataset Load] -> "Loading datasets from class Pleural_Thickening"
DEBUG | 2026/06/03 04:48:00.653330 | [Dataset Load] -> "Loading datasets from class Pneumonia"
DEBUG | 2026/06/03 04:48:00.654800 | [Dataset Load] -> "Loading datasets from class Pneumothorax"
DEBUG | 2026/06/03 04:48:00.657322 | [Dataset Load] -> "Dynamically loaded 22921 datas"
DEBUG | 2026/06/03 05:01:06.171564 | [Dataset Load] -> "Loading datasets from data/train"
DEBUG | 2026/06/03 05:01:06.172352 | [Dataset Load] -> "Loading datasets from class Atelectasis"
DEBUG | 2026/06/03 05:01:06.185710 | [Dataset Load] -> "Loading datasets from class Cardiomegaly"
DEBUG | 2026/06/03 05:01:06.188242 | [Dataset Load] -> "Loading datasets from class Consolidation"
DEBUG | 2026/06/03 05:01:06.192271 | [Dataset Load] -> "Loading datasets from class Edema"
DEBUG | 2026/06/03 05:01:06.198145 | [Dataset Load] -> "Loading datasets from class Effusion"
DEBUG | 2026/06/03 05:01:06.203789 | [Dataset Load] -> "Loading datasets from class Emphysema"
DEBUG | 2026/06/03 05:01:06.205970 | [Dataset Load] -> "Loading datasets from class Fibrosis"
DEBUG | 2026/06/03 05:01:06.208415 | [Dataset Load] -> "Loading datasets from class Hernia"
DEBUG | 2026/06/03 05:01:06.208662 | [Dataset Load] -> "Loading datasets from class Infiltration"
DEBUG | 2026/06/03 05:01:06.215375 | [Dataset Load] -> "Loading datasets from class Mass"
DEBUG | 2026/06/03 05:01:06.221294 | [Dataset Load] -> "Loading datasets from class No Finding"
DEBUG | 2026/06/03 05:01:06.233649 | [Dataset Load] -> "Loading datasets from class Nodule"
DEBUG | 2026/06/03 05:01:06.238232 | [Dataset Load] -> "Loading datasets from class Pleural_Thickening"
DEBUG | 2026/06/03 05:01:06.241115 | [Dataset Load] -> "Loading datasets from class Pneumonia"
DEBUG | 2026/06/03 05:01:06.242642 | [Dataset Load] -> "Loading datasets from class Pneumothorax"
DEBUG | 2026/06/03 05:01:06.245208 | [Dataset Load] -> "Dynamically loaded 22921 datas"
DEBUG | 2026/06/03 05:14:10.221493 | [Dataset Load] -> "Loading datasets from data/train"
DEBUG | 2026/06/03 05:14:10.222234 | [Dataset Load] -> "Loading datasets from class Atelectasis"
DEBUG | 2026/06/03 05:14:10.235281 | [Dataset Load] -> "Loading datasets from class Cardiomegaly"
DEBUG | 2026/06/03 05:14:10.237736 | [Dataset Load] -> "Loading datasets from class Consolidation"
DEBUG | 2026/06/03 05:14:10.241627 | [Dataset Load] -> "Loading datasets from class Edema"
DEBUG | 2026/06/03 05:14:10.247526 | [Dataset Load] -> "Loading datasets from class Effusion"
DEBUG | 2026/06/03 05:14:10.253112 | [Dataset Load] -> "Loading datasets from class Emphysema"
DEBUG | 2026/06/03 05:14:10.255105 | [Dataset Load] -> "Loading datasets from class Fibrosis"
DEBUG | 2026/06/03 05:14:10.257530 | [Dataset Load] -> "Loading datasets from class Hernia"
DEBUG | 2026/06/03 05:14:10.257783 | [Dataset Load] -> "Loading datasets from class Infiltration"
DEBUG | 2026/06/03 05:14:10.264546 | [Dataset Load] -> "Loading datasets from class Mass"
DEBUG | 2026/06/03 05:14:10.270384 | [Dataset Load] -> "Loading datasets from class No Finding"
DEBUG | 2026/06/03 05:14:10.282357 | [Dataset Load] -> "Loading datasets from class Nodule"
DEBUG | 2026/06/03 05:14:10.287090 | [Dataset Load] -> "Loading datasets from class Pleural_Thickening"
DEBUG | 2026/06/03 05:14:10.289983 | [Dataset Load] -> "Loading datasets from class Pneumonia"
DEBUG | 2026/06/03 05:14:10.291510 | [Dataset Load] -> "Loading datasets from class Pneumothorax"
DEBUG | 2026/06/03 05:14:10.294101 | [Dataset Load] -> "Dynamically loaded 22921 datas"
DEBUG | 2026/06/03 05:27:10.555676 | [Dataset Load] -> "Loading datasets from data/train"
DEBUG | 2026/06/03 05:27:10.556413 | [Dataset Load] -> "Loading datasets from class Atelectasis"
DEBUG | 2026/06/03 05:27:10.571375 | [Dataset Load] -> "Loading datasets from class Cardiomegaly"
DEBUG | 2026/06/03 05:27:10.574494 | [Dataset Load] -> "Loading datasets from class Consolidation"
DEBUG | 2026/06/03 05:27:10.579568 | [Dataset Load] -> "Loading datasets from class Edema"
DEBUG | 2026/06/03 05:27:10.586055 | [Dataset Load] -> "Loading datasets from class Effusion"
DEBUG | 2026/06/03 05:27:10.592236 | [Dataset Load] -> "Loading datasets from class Emphysema"
DEBUG | 2026/06/03 05:27:10.594671 | [Dataset Load] -> "Loading datasets from class Fibrosis"
DEBUG | 2026/06/03 05:27:10.597549 | [Dataset Load] -> "Loading datasets from class Hernia"
DEBUG | 2026/06/03 05:27:10.597909 | [Dataset Load] -> "Loading datasets from class Infiltration"
DEBUG | 2026/06/03 05:27:10.605916 | [Dataset Load] -> "Loading datasets from class Mass"
DEBUG | 2026/06/03 05:27:10.612982 | [Dataset Load] -> "Loading datasets from class No Finding"
DEBUG | 2026/06/03 05:27:10.626035 | [Dataset Load] -> "Loading datasets from class Nodule"
DEBUG | 2026/06/03 05:27:10.631524 | [Dataset Load] -> "Loading datasets from class Pleural_Thickening"
DEBUG | 2026/06/03 05:27:10.634762 | [Dataset Load] -> "Loading datasets from class Pneumonia"
DEBUG | 2026/06/03 05:27:10.636294 | [Dataset Load] -> "Loading datasets from class Pneumothorax"
DEBUG | 2026/06/03 05:27:10.639681 | [Dataset Load] -> "Dynamically loaded 22921 datas"
DEBUG | 2026/06/03 05:40:10.709068 | [Dataset Load] -> "Loading datasets from data/train"
DEBUG | 2026/06/03 05:40:10.709709 | [Dataset Load] -> "Loading datasets from class Atelectasis"
DEBUG | 2026/06/03 05:40:10.726119 | [Dataset Load] -> "Loading datasets from class Cardiomegaly"
DEBUG | 2026/06/03 05:40:10.728640 | [Dataset Load] -> "Loading datasets from class Consolidation"
DEBUG | 2026/06/03 05:40:10.732614 | [Dataset Load] -> "Loading datasets from class Edema"
DEBUG | 2026/06/03 05:40:10.738660 | [Dataset Load] -> "Loading datasets from class Effusion"
DEBUG | 2026/06/03 05:40:10.744382 | [Dataset Load] -> "Loading datasets from class Emphysema"
DEBUG | 2026/06/03 05:40:10.746354 | [Dataset Load] -> "Loading datasets from class Fibrosis"
DEBUG | 2026/06/03 05:40:10.748790 | [Dataset Load] -> "Loading datasets from class Hernia"
DEBUG | 2026/06/03 05:40:10.749045 | [Dataset Load] -> "Loading datasets from class Infiltration"
DEBUG | 2026/06/03 05:40:10.755666 | [Dataset Load] -> "Loading datasets from class Mass"
DEBUG | 2026/06/03 05:40:10.761513 | [Dataset Load] -> "Loading datasets from class No Finding"
DEBUG | 2026/06/03 05:40:10.773882 | [Dataset Load] -> "Loading datasets from class Nodule"
DEBUG | 2026/06/03 05:40:10.778428 | [Dataset Load] -> "Loading datasets from class Pleural_Thickening"
DEBUG | 2026/06/03 05:40:10.781429 | [Dataset Load] -> "Loading datasets from class Pneumonia"
DEBUG | 2026/06/03 05:40:10.782908 | [Dataset Load] -> "Loading datasets from class Pneumothorax"
DEBUG | 2026/06/03 05:40:10.785528 | [Dataset Load] -> "Dynamically loaded 22921 datas"
DEBUG | 2026/06/03 05:53:11.292761 | [Dataset Load] -> "Loading datasets from data/train"
DEBUG | 2026/06/03 05:53:11.293481 | [Dataset Load] -> "Loading datasets from class Atelectasis"
DEBUG | 2026/06/03 05:53:11.306330 | [Dataset Load] -> "Loading datasets from class Cardiomegaly"
DEBUG | 2026/06/03 05:53:11.308864 | [Dataset Load] -> "Loading datasets from class Consolidation"
DEBUG | 2026/06/03 05:53:11.313067 | [Dataset Load] -> "Loading datasets from class Edema"
DEBUG | 2026/06/03 05:53:11.319079 | [Dataset Load] -> "Loading datasets from class Effusion"
DEBUG | 2026/06/03 05:53:11.324569 | [Dataset Load] -> "Loading datasets from class Emphysema"
DEBUG | 2026/06/03 05:53:11.326521 | [Dataset Load] -> "Loading datasets from class Fibrosis"
DEBUG | 2026/06/03 05:53:11.328946 | [Dataset Load] -> "Loading datasets from class Hernia"
DEBUG | 2026/06/03 05:53:11.329195 | [Dataset Load] -> "Loading datasets from class Infiltration"
DEBUG | 2026/06/03 05:53:11.336043 | [Dataset Load] -> "Loading datasets from class Mass"
DEBUG | 2026/06/03 05:53:11.342005 | [Dataset Load] -> "Loading datasets from class No Finding"
DEBUG | 2026/06/03 05:53:11.354074 | [Dataset Load] -> "Loading datasets from class Nodule"
DEBUG | 2026/06/03 05:53:11.358636 | [Dataset Load] -> "Loading datasets from class Pleural_Thickening"
DEBUG | 2026/06/03 05:53:11.361715 | [Dataset Load] -> "Loading datasets from class Pneumonia"
DEBUG | 2026/06/03 05:53:11.363296 | [Dataset Load] -> "Loading datasets from class Pneumothorax"
DEBUG | 2026/06/03 05:53:11.366054 | [Dataset Load] -> "Dynamically loaded 22921 datas"
DEBUG | 2026/06/03 06:06:12.608323 | [Dataset Load] -> "Loading datasets from data/train"
DEBUG | 2026/06/03 06:06:12.609051 | [Dataset Load] -> "Loading datasets from class Atelectasis"
DEBUG | 2026/06/03 06:06:12.622431 | [Dataset Load] -> "Loading datasets from class Cardiomegaly"
DEBUG | 2026/06/03 06:06:12.625095 | [Dataset Load] -> "Loading datasets from class Consolidation"
DEBUG | 2026/06/03 06:06:12.629051 | [Dataset Load] -> "Loading datasets from class Edema"
DEBUG | 2026/06/03 06:06:12.635001 | [Dataset Load] -> "Loading datasets from class Effusion"
DEBUG | 2026/06/03 06:06:12.640598 | [Dataset Load] -> "Loading datasets from class Emphysema"
DEBUG | 2026/06/03 06:06:12.642574 | [Dataset Load] -> "Loading datasets from class Fibrosis"
DEBUG | 2026/06/03 06:06:12.645206 | [Dataset Load] -> "Loading datasets from class Hernia"
DEBUG | 2026/06/03 06:06:12.645475 | [Dataset Load] -> "Loading datasets from class Infiltration"
DEBUG | 2026/06/03 06:06:12.652144 | [Dataset Load] -> "Loading datasets from class Mass"
DEBUG | 2026/06/03 06:06:12.658066 | [Dataset Load] -> "Loading datasets from class No Finding"
DEBUG | 2026/06/03 06:06:12.670182 | [Dataset Load] -> "Loading datasets from class Nodule"
DEBUG | 2026/06/03 06:06:12.675056 | [Dataset Load] -> "Loading datasets from class Pleural_Thickening"
DEBUG | 2026/06/03 06:06:12.678107 | [Dataset Load] -> "Loading datasets from class Pneumonia"
DEBUG | 2026/06/03 06:06:12.679561 | [Dataset Load] -> "Loading datasets from class Pneumothorax"
DEBUG | 2026/06/03 06:06:12.682192 | [Dataset Load] -> "Dynamically loaded 22921 datas"
DEBUG | 2026/06/03 06:19:14.394367 | [Dataset Load] -> "Loading datasets from data/train"
DEBUG | 2026/06/03 06:19:14.395264 | [Dataset Load] -> "Loading datasets from class Atelectasis"
DEBUG | 2026/06/03 06:19:14.407880 | [Dataset Load] -> "Loading datasets from class Cardiomegaly"
DEBUG | 2026/06/03 06:19:14.410341 | [Dataset Load] -> "Loading datasets from class Consolidation"
DEBUG | 2026/06/03 06:19:14.414193 | [Dataset Load] -> "Loading datasets from class Edema"
DEBUG | 2026/06/03 06:19:14.420230 | [Dataset Load] -> "Loading datasets from class Effusion"
DEBUG | 2026/06/03 06:19:14.425893 | [Dataset Load] -> "Loading datasets from class Emphysema"
DEBUG | 2026/06/03 06:19:14.427837 | [Dataset Load] -> "Loading datasets from class Fibrosis"
DEBUG | 2026/06/03 06:19:14.430282 | [Dataset Load] -> "Loading datasets from class Hernia"
DEBUG | 2026/06/03 06:19:14.430545 | [Dataset Load] -> "Loading datasets from class Infiltration"
DEBUG | 2026/06/03 06:19:14.437275 | [Dataset Load] -> "Loading datasets from class Mass"
DEBUG | 2026/06/03 06:19:14.443168 | [Dataset Load] -> "Loading datasets from class No Finding"
DEBUG | 2026/06/03 06:19:14.455327 | [Dataset Load] -> "Loading datasets from class Nodule"
DEBUG | 2026/06/03 06:19:14.459849 | [Dataset Load] -> "Loading datasets from class Pleural_Thickening"
DEBUG | 2026/06/03 06:19:14.462834 | [Dataset Load] -> "Loading datasets from class Pneumonia"
DEBUG | 2026/06/03 06:19:14.464370 | [Dataset Load] -> "Loading datasets from class Pneumothorax"
DEBUG | 2026/06/03 06:19:14.467043 | [Dataset Load] -> "Dynamically loaded 22921 datas"
DEBUG | 2026/06/03 06:32:18.517189 | [Dataset Load] -> "Loading datasets from data/train"
DEBUG | 2026/06/03 06:32:18.517802 | [Dataset Load] -> "Loading datasets from class Atelectasis"
DEBUG | 2026/06/03 06:32:18.530720 | [Dataset Load] -> "Loading datasets from class Cardiomegaly"
DEBUG | 2026/06/03 06:32:18.533205 | [Dataset Load] -> "Loading datasets from class Consolidation"
DEBUG | 2026/06/03 06:32:18.537373 | [Dataset Load] -> "Loading datasets from class Edema"
DEBUG | 2026/06/03 06:32:18.543413 | [Dataset Load] -> "Loading datasets from class Effusion"
DEBUG | 2026/06/03 06:32:18.548916 | [Dataset Load] -> "Loading datasets from class Emphysema"
DEBUG | 2026/06/03 06:32:18.550894 | [Dataset Load] -> "Loading datasets from class Fibrosis"
DEBUG | 2026/06/03 06:32:18.553301 | [Dataset Load] -> "Loading datasets from class Hernia"
DEBUG | 2026/06/03 06:32:18.553558 | [Dataset Load] -> "Loading datasets from class Infiltration"
DEBUG | 2026/06/03 06:32:18.560286 | [Dataset Load] -> "Loading datasets from class Mass"
DEBUG | 2026/06/03 06:32:18.566036 | [Dataset Load] -> "Loading datasets from class No Finding"
DEBUG | 2026/06/03 06:32:18.580670 | [Dataset Load] -> "Loading datasets from class Nodule"
DEBUG | 2026/06/03 06:32:18.585292 | [Dataset Load] -> "Loading datasets from class Pleural_Thickening"
DEBUG | 2026/06/03 06:32:18.588319 | [Dataset Load] -> "Loading datasets from class Pneumonia"
DEBUG | 2026/06/03 06:32:18.589840 | [Dataset Load] -> "Loading datasets from class Pneumothorax"
DEBUG | 2026/06/03 06:32:18.592619 | [Dataset Load] -> "Dynamically loaded 22921 datas"
DEBUG | 2026/06/03 06:45:22.526448 | [Dataset Load] -> "Loading datasets from data/train"
DEBUG | 2026/06/03 06:45:22.527103 | [Dataset Load] -> "Loading datasets from class Atelectasis"
DEBUG | 2026/06/03 06:45:22.539816 | [Dataset Load] -> "Loading datasets from class Cardiomegaly"
DEBUG | 2026/06/03 06:45:22.542280 | [Dataset Load] -> "Loading datasets from class Consolidation"
DEBUG | 2026/06/03 06:45:22.546138 | [Dataset Load] -> "Loading datasets from class Edema"
DEBUG | 2026/06/03 06:45:22.552026 | [Dataset Load] -> "Loading datasets from class Effusion"
DEBUG | 2026/06/03 06:45:22.557471 | [Dataset Load] -> "Loading datasets from class Emphysema"
DEBUG | 2026/06/03 06:45:22.559398 | [Dataset Load] -> "Loading datasets from class Fibrosis"
DEBUG | 2026/06/03 06:45:22.561985 | [Dataset Load] -> "Loading datasets from class Hernia"
DEBUG | 2026/06/03 06:45:22.562252 | [Dataset Load] -> "Loading datasets from class Infiltration"
DEBUG | 2026/06/03 06:45:22.568791 | [Dataset Load] -> "Loading datasets from class Mass"
DEBUG | 2026/06/03 06:45:22.574642 | [Dataset Load] -> "Loading datasets from class No Finding"
DEBUG | 2026/06/03 06:45:22.586825 | [Dataset Load] -> "Loading datasets from class Nodule"
DEBUG | 2026/06/03 06:45:22.591560 | [Dataset Load] -> "Loading datasets from class Pleural_Thickening"
DEBUG | 2026/06/03 06:45:22.594466 | [Dataset Load] -> "Loading datasets from class Pneumonia"
DEBUG | 2026/06/03 06:45:22.595960 | [Dataset Load] -> "Loading datasets from class Pneumothorax"
DEBUG | 2026/06/03 06:45:22.598531 | [Dataset Load] -> "Dynamically loaded 22921 datas"
DEBUG | 2026/06/03 06:58:25.869265 | [Dataset Load] -> "Loading datasets from data/train"
DEBUG | 2026/06/03 06:58:25.870026 | [Dataset Load] -> "Loading datasets from class Atelectasis"
DEBUG | 2026/06/03 06:58:25.882914 | [Dataset Load] -> "Loading datasets from class Cardiomegaly"
DEBUG | 2026/06/03 06:58:25.885384 | [Dataset Load] -> "Loading datasets from class Consolidation"
DEBUG | 2026/06/03 06:58:25.889202 | [Dataset Load] -> "Loading datasets from class Edema"
DEBUG | 2026/06/03 06:58:25.893851 | [Dataset Load] -> "Loading datasets from class Effusion"
DEBUG | 2026/06/03 06:58:25.899864 | [Dataset Load] -> "Loading datasets from class Emphysema"
DEBUG | 2026/06/03 06:58:25.901795 | [Dataset Load] -> "Loading datasets from class Fibrosis"
DEBUG | 2026/06/03 06:58:25.904199 | [Dataset Load] -> "Loading datasets from class Hernia"
DEBUG | 2026/06/03 06:58:25.904285 | [Dataset Load] -> "Loading datasets from class Infiltration"
DEBUG | 2026/06/03 06:58:25.910649 | [Dataset Load] -> "Loading datasets from class Mass"
DEBUG | 2026/06/03 06:58:25.916524 | [Dataset Load] -> "Loading datasets from class No Finding"
DEBUG | 2026/06/03 06:58:25.928740 | [Dataset Load] -> "Loading datasets from class Nodule"
DEBUG | 2026/06/03 06:58:25.933154 | [Dataset Load] -> "Loading datasets from class Pleural_Thickening"
DEBUG | 2026/06/03 06:58:25.936092 | [Dataset Load] -> "Loading datasets from class Pneumonia"
DEBUG | 2026/06/03 06:58:25.937580 | [Dataset Load] -> "Loading datasets from class Pneumothorax"
DEBUG | 2026/06/03 06:58:25.940123 | [Dataset Load] -> "Dynamically loaded 22921 datas"
DEBUG | 2026/06/03 07:11:28.914113 | [Dataset Load] -> "Loading datasets from data/train"
DEBUG | 2026/06/03 07:11:28.915061 | [Dataset Load] -> "Loading datasets from class Atelectasis"
DEBUG | 2026/06/03 07:11:28.928457 | [Dataset Load] -> "Loading datasets from class Cardiomegaly"
DEBUG | 2026/06/03 07:11:28.930969 | [Dataset Load] -> "Loading datasets from class Consolidation"
DEBUG | 2026/06/03 07:11:28.934903 | [Dataset Load] -> "Loading datasets from class Edema"
DEBUG | 2026/06/03 07:11:28.940827 | [Dataset Load] -> "Loading datasets from class Effusion"
DEBUG | 2026/06/03 07:11:28.946688 | [Dataset Load] -> "Loading datasets from class Emphysema"
DEBUG | 2026/06/03 07:11:28.948667 | [Dataset Load] -> "Loading datasets from class Fibrosis"
DEBUG | 2026/06/03 07:11:28.951197 | [Dataset Load] -> "Loading datasets from class Hernia"
DEBUG | 2026/06/03 07:11:28.951451 | [Dataset Load] -> "Loading datasets from class Infiltration"
DEBUG | 2026/06/03 07:11:28.958221 | [Dataset Load] -> "Loading datasets from class Mass"
DEBUG | 2026/06/03 07:11:28.964222 | [Dataset Load] -> "Loading datasets from class No Finding"
DEBUG | 2026/06/03 07:11:28.976794 | [Dataset Load] -> "Loading datasets from class Nodule"
DEBUG | 2026/06/03 07:11:28.981799 | [Dataset Load] -> "Loading datasets from class Pleural_Thickening"
DEBUG | 2026/06/03 07:11:28.985476 | [Dataset Load] -> "Loading datasets from class Pneumonia"
DEBUG | 2026/06/03 07:11:28.987176 | [Dataset Load] -> "Loading datasets from class Pneumothorax"
DEBUG | 2026/06/03 07:11:28.990775 | [Dataset Load] -> "Dynamically loaded 22921 datas"
DEBUG | 2026/06/03 07:24:30.661417 | [Dataset Load] -> "Loading datasets from data/train"
DEBUG | 2026/06/03 07:24:30.662095 | [Dataset Load] -> "Loading datasets from class Atelectasis"
DEBUG | 2026/06/03 07:24:30.674736 | [Dataset Load] -> "Loading datasets from class Cardiomegaly"
DEBUG | 2026/06/03 07:24:30.677388 | [Dataset Load] -> "Loading datasets from class Consolidation"
DEBUG | 2026/06/03 07:24:30.681437 | [Dataset Load] -> "Loading datasets from class Edema"
DEBUG | 2026/06/03 07:24:30.687353 | [Dataset Load] -> "Loading datasets from class Effusion"
DEBUG | 2026/06/03 07:24:30.692867 | [Dataset Load] -> "Loading datasets from class Emphysema"
DEBUG | 2026/06/03 07:24:30.694803 | [Dataset Load] -> "Loading datasets from class Fibrosis"
DEBUG | 2026/06/03 07:24:30.697197 | [Dataset Load] -> "Loading datasets from class Hernia"
DEBUG | 2026/06/03 07:24:30.697458 | [Dataset Load] -> "Loading datasets from class Infiltration"
DEBUG | 2026/06/03 07:24:30.704001 | [Dataset Load] -> "Loading datasets from class Mass"
DEBUG | 2026/06/03 07:24:30.712042 | [Dataset Load] -> "Loading datasets from class No Finding"
DEBUG | 2026/06/03 07:24:30.724196 | [Dataset Load] -> "Loading datasets from class Nodule"
DEBUG | 2026/06/03 07:24:30.728867 | [Dataset Load] -> "Loading datasets from class Pleural_Thickening"
DEBUG | 2026/06/03 07:24:30.731900 | [Dataset Load] -> "Loading datasets from class Pneumonia"
DEBUG | 2026/06/03 07:24:30.733524 | [Dataset Load] -> "Loading datasets from class Pneumothorax"
DEBUG | 2026/06/03 07:24:30.736364 | [Dataset Load] -> "Dynamically loaded 22921 datas"
DEBUG | 2026/06/03 07:37:31.726393 | [Dataset Load] -> "Loading datasets from data/train"
DEBUG | 2026/06/03 07:37:31.727086 | [Dataset Load] -> "Loading datasets from class Atelectasis"
DEBUG | 2026/06/03 07:37:31.741356 | [Dataset Load] -> "Loading datasets from class Cardiomegaly"
DEBUG | 2026/06/03 07:37:31.743970 | [Dataset Load] -> "Loading datasets from class Consolidation"
DEBUG | 2026/06/03 07:37:31.747973 | [Dataset Load] -> "Loading datasets from class Edema"
DEBUG | 2026/06/03 07:37:31.753747 | [Dataset Load] -> "Loading datasets from class Effusion"
DEBUG | 2026/06/03 07:37:31.759259 | [Dataset Load] -> "Loading datasets from class Emphysema"
DEBUG | 2026/06/03 07:37:31.761234 | [Dataset Load] -> "Loading datasets from class Fibrosis"
DEBUG | 2026/06/03 07:37:31.763697 | [Dataset Load] -> "Loading datasets from class Hernia"
DEBUG | 2026/06/03 07:37:31.763973 | [Dataset Load] -> "Loading datasets from class Infiltration"
DEBUG | 2026/06/03 07:37:31.770803 | [Dataset Load] -> "Loading datasets from class Mass"
DEBUG | 2026/06/03 07:37:31.776746 | [Dataset Load] -> "Loading datasets from class No Finding"
DEBUG | 2026/06/03 07:37:31.788879 | [Dataset Load] -> "Loading datasets from class Nodule"
DEBUG | 2026/06/03 07:37:31.793694 | [Dataset Load] -> "Loading datasets from class Pleural_Thickening"
DEBUG | 2026/06/03 07:37:31.796677 | [Dataset Load] -> "Loading datasets from class Pneumonia"
DEBUG | 2026/06/03 07:37:31.798142 | [Dataset Load] -> "Loading datasets from class Pneumothorax"
DEBUG | 2026/06/03 07:37:31.800761 | [Dataset Load] -> "Dynamically loaded 22921 datas"
DEBUG | 2026/06/03 07:50:31.757136 | [Dataset Load] -> "Loading datasets from data/train"
DEBUG | 2026/06/03 07:50:31.757848 | [Dataset Load] -> "Loading datasets from class Atelectasis"
DEBUG | 2026/06/03 07:50:31.770959 | [Dataset Load] -> "Loading datasets from class Cardiomegaly"
DEBUG | 2026/06/03 07:50:31.773459 | [Dataset Load] -> "Loading datasets from class Consolidation"
DEBUG | 2026/06/03 07:50:31.777368 | [Dataset Load] -> "Loading datasets from class Edema"
DEBUG | 2026/06/03 07:50:31.783168 | [Dataset Load] -> "Loading datasets from class Effusion"
DEBUG | 2026/06/03 07:50:31.788969 | [Dataset Load] -> "Loading datasets from class Emphysema"
DEBUG | 2026/06/03 07:50:31.790916 | [Dataset Load] -> "Loading datasets from class Fibrosis"
DEBUG | 2026/06/03 07:50:31.793404 | [Dataset Load] -> "Loading datasets from class Hernia"
DEBUG | 2026/06/03 07:50:31.793659 | [Dataset Load] -> "Loading datasets from class Infiltration"
DEBUG | 2026/06/03 07:50:31.800302 | [Dataset Load] -> "Loading datasets from class Mass"
DEBUG | 2026/06/03 07:50:31.806173 | [Dataset Load] -> "Loading datasets from class No Finding"
DEBUG | 2026/06/03 07:50:31.818512 | [Dataset Load] -> "Loading datasets from class Nodule"
DEBUG | 2026/06/03 07:50:31.823446 | [Dataset Load] -> "Loading datasets from class Pleural_Thickening"
DEBUG | 2026/06/03 07:50:31.826666 | [Dataset Load] -> "Loading datasets from class Pneumonia"
DEBUG | 2026/06/03 07:50:31.828208 | [Dataset Load] -> "Loading datasets from class Pneumothorax"
DEBUG | 2026/06/03 07:50:31.830823 | [Dataset Load] -> "Dynamically loaded 22921 datas"
DEBUG | 2026/06/03 08:03:35.021510 | [Dataset Load] -> "Loading datasets from data/train"
DEBUG | 2026/06/03 08:03:35.022336 | [Dataset Load] -> "Loading datasets from class Atelectasis"
DEBUG | 2026/06/03 08:03:35.035078 | [Dataset Load] -> "Loading datasets from class Cardiomegaly"
DEBUG | 2026/06/03 08:03:35.037710 | [Dataset Load] -> "Loading datasets from class Consolidation"
DEBUG | 2026/06/03 08:03:35.041972 | [Dataset Load] -> "Loading datasets from class Edema"
DEBUG | 2026/06/03 08:03:35.047936 | [Dataset Load] -> "Loading datasets from class Effusion"
DEBUG | 2026/06/03 08:03:35.053382 | [Dataset Load] -> "Loading datasets from class Emphysema"
DEBUG | 2026/06/03 08:03:35.055317 | [Dataset Load] -> "Loading datasets from class Fibrosis"
DEBUG | 2026/06/03 08:03:35.057724 | [Dataset Load] -> "Loading datasets from class Hernia"
DEBUG | 2026/06/03 08:03:35.057982 | [Dataset Load] -> "Loading datasets from class Infiltration"
DEBUG | 2026/06/03 08:03:35.064454 | [Dataset Load] -> "Loading datasets from class Mass"
DEBUG | 2026/06/03 08:03:35.070410 | [Dataset Load] -> "Loading datasets from class No Finding"
DEBUG | 2026/06/03 08:03:35.082365 | [Dataset Load] -> "Loading datasets from class Nodule"
DEBUG | 2026/06/03 08:03:35.086958 | [Dataset Load] -> "Loading datasets from class Pleural_Thickening"
DEBUG | 2026/06/03 08:03:35.089947 | [Dataset Load] -> "Loading datasets from class Pneumonia"
DEBUG | 2026/06/03 08:03:35.091432 | [Dataset Load] -> "Loading datasets from class Pneumothorax"
DEBUG | 2026/06/03 08:03:35.094127 | [Dataset Load] -> "Dynamically loaded 22921 datas"
DEBUG | 2026/06/03 08:16:37.413428 | [Dataset Load] -> "Loading datasets from data/train"
DEBUG | 2026/06/03 08:16:37.414235 | [Dataset Load] -> "Loading datasets from class Atelectasis"
DEBUG | 2026/06/03 08:16:37.428427 | [Dataset Load] -> "Loading datasets from class Cardiomegaly"
DEBUG | 2026/06/03 08:16:37.430938 | [Dataset Load] -> "Loading datasets from class Consolidation"
DEBUG | 2026/06/03 08:16:37.434841 | [Dataset Load] -> "Loading datasets from class Edema"
DEBUG | 2026/06/03 08:16:37.440651 | [Dataset Load] -> "Loading datasets from class Effusion"
DEBUG | 2026/06/03 08:16:37.446144 | [Dataset Load] -> "Loading datasets from class Emphysema"
DEBUG | 2026/06/03 08:16:37.448039 | [Dataset Load] -> "Loading datasets from class Fibrosis"
DEBUG | 2026/06/03 08:16:37.450451 | [Dataset Load] -> "Loading datasets from class Hernia"
DEBUG | 2026/06/03 08:16:37.450693 | [Dataset Load] -> "Loading datasets from class Infiltration"
DEBUG | 2026/06/03 08:16:37.457449 | [Dataset Load] -> "Loading datasets from class Mass"
DEBUG | 2026/06/03 08:16:37.463304 | [Dataset Load] -> "Loading datasets from class No Finding"
DEBUG | 2026/06/03 08:16:37.475340 | [Dataset Load] -> "Loading datasets from class Nodule"
DEBUG | 2026/06/03 08:16:37.479983 | [Dataset Load] -> "Loading datasets from class Pleural_Thickening"
DEBUG | 2026/06/03 08:16:37.482989 | [Dataset Load] -> "Loading datasets from class Pneumonia"
DEBUG | 2026/06/03 08:16:37.484497 | [Dataset Load] -> "Loading datasets from class Pneumothorax"
DEBUG | 2026/06/03 08:16:37.487073 | [Dataset Load] -> "Dynamically loaded 22921 datas"
DEBUG | 2026/06/03 08:29:39.809200 | [Dataset Load] -> "Loading datasets from data/train"
DEBUG | 2026/06/03 08:29:39.810156 | [Dataset Load] -> "Loading datasets from class Atelectasis"
DEBUG | 2026/06/03 08:29:39.823208 | [Dataset Load] -> "Loading datasets from class Cardiomegaly"
DEBUG | 2026/06/03 08:29:39.825753 | [Dataset Load] -> "Loading datasets from class Consolidation"
DEBUG | 2026/06/03 08:29:39.829751 | [Dataset Load] -> "Loading datasets from class Edema"
DEBUG | 2026/06/03 08:29:39.835683 | [Dataset Load] -> "Loading datasets from class Effusion"
DEBUG | 2026/06/03 08:29:39.841423 | [Dataset Load] -> "Loading datasets from class Emphysema"
DEBUG | 2026/06/03 08:29:39.843370 | [Dataset Load] -> "Loading datasets from class Fibrosis"
DEBUG | 2026/06/03 08:29:39.845762 | [Dataset Load] -> "Loading datasets from class Hernia"
DEBUG | 2026/06/03 08:29:39.846014 | [Dataset Load] -> "Loading datasets from class Infiltration"
DEBUG | 2026/06/03 08:29:39.852645 | [Dataset Load] -> "Loading datasets from class Mass"
DEBUG | 2026/06/03 08:29:39.858495 | [Dataset Load] -> "Loading datasets from class No Finding"
DEBUG | 2026/06/03 08:29:39.870689 | [Dataset Load] -> "Loading datasets from class Nodule"
DEBUG | 2026/06/03 08:29:39.875116 | [Dataset Load] -> "Loading datasets from class Pleural_Thickening"
DEBUG | 2026/06/03 08:29:39.878093 | [Dataset Load] -> "Loading datasets from class Pneumonia"
DEBUG | 2026/06/03 08:29:39.879613 | [Dataset Load] -> "Loading datasets from class Pneumothorax"
DEBUG | 2026/06/03 08:29:39.882117 | [Dataset Load] -> "Dynamically loaded 22921 datas"
DEBUG | 2026/06/03 08:42:42.145295 | [Dataset Load] -> "Loading datasets from data/train"
DEBUG | 2026/06/03 08:42:42.146046 | [Dataset Load] -> "Loading datasets from class Atelectasis"
DEBUG | 2026/06/03 08:42:42.158789 | [Dataset Load] -> "Loading datasets from class Cardiomegaly"
DEBUG | 2026/06/03 08:42:42.161317 | [Dataset Load] -> "Loading datasets from class Consolidation"
DEBUG | 2026/06/03 08:42:42.165392 | [Dataset Load] -> "Loading datasets from class Edema"
DEBUG | 2026/06/03 08:42:42.171255 | [Dataset Load] -> "Loading datasets from class Effusion"
DEBUG | 2026/06/03 08:42:42.176806 | [Dataset Load] -> "Loading datasets from class Emphysema"
DEBUG | 2026/06/03 08:42:42.178730 | [Dataset Load] -> "Loading datasets from class Fibrosis"
DEBUG | 2026/06/03 08:42:42.181174 | [Dataset Load] -> "Loading datasets from class Hernia"
DEBUG | 2026/06/03 08:42:42.181419 | [Dataset Load] -> "Loading datasets from class Infiltration"
DEBUG | 2026/06/03 08:42:42.187904 | [Dataset Load] -> "Loading datasets from class Mass"
DEBUG | 2026/06/03 08:42:42.193903 | [Dataset Load] -> "Loading datasets from class No Finding"
DEBUG | 2026/06/03 08:42:42.205884 | [Dataset Load] -> "Loading datasets from class Nodule"
DEBUG | 2026/06/03 08:42:42.211023 | [Dataset Load] -> "Loading datasets from class Pleural_Thickening"
DEBUG | 2026/06/03 08:42:42.214807 | [Dataset Load] -> "Loading datasets from class Pneumonia"
DEBUG | 2026/06/03 08:42:42.216434 | [Dataset Load] -> "Loading datasets from class Pneumothorax"
DEBUG | 2026/06/03 08:42:42.219240 | [Dataset Load] -> "Dynamically loaded 22921 datas"
DEBUG | 2026/06/03 08:55:44.644399 | [Dataset Load] -> "Loading datasets from data/train"
DEBUG | 2026/06/03 08:55:44.645254 | [Dataset Load] -> "Loading datasets from class Atelectasis"
DEBUG | 2026/06/03 08:55:44.658151 | [Dataset Load] -> "Loading datasets from class Cardiomegaly"
DEBUG | 2026/06/03 08:55:44.660646 | [Dataset Load] -> "Loading datasets from class Consolidation"
DEBUG | 2026/06/03 08:55:44.664570 | [Dataset Load] -> "Loading datasets from class Edema"
DEBUG | 2026/06/03 08:55:44.670345 | [Dataset Load] -> "Loading datasets from class Effusion"
DEBUG | 2026/06/03 08:55:44.675711 | [Dataset Load] -> "Loading datasets from class Emphysema"
DEBUG | 2026/06/03 08:55:44.677623 | [Dataset Load] -> "Loading datasets from class Fibrosis"
DEBUG | 2026/06/03 08:55:44.680063 | [Dataset Load] -> "Loading datasets from class Hernia"
DEBUG | 2026/06/03 08:55:44.680307 | [Dataset Load] -> "Loading datasets from class Infiltration"
DEBUG | 2026/06/03 08:55:44.686944 | [Dataset Load] -> "Loading datasets from class Mass"
DEBUG | 2026/06/03 08:55:44.692843 | [Dataset Load] -> "Loading datasets from class No Finding"
DEBUG | 2026/06/03 08:55:44.704726 | [Dataset Load] -> "Loading datasets from class Nodule"
DEBUG | 2026/06/03 08:55:44.709517 | [Dataset Load] -> "Loading datasets from class Pleural_Thickening"
DEBUG | 2026/06/03 08:55:44.712803 | [Dataset Load] -> "Loading datasets from class Pneumonia"
DEBUG | 2026/06/03 08:55:44.714290 | [Dataset Load] -> "Loading datasets from class Pneumothorax"
DEBUG | 2026/06/03 08:55:44.716872 | [Dataset Load] -> "Dynamically loaded 22921 datas"
DEBUG | 2026/06/03 09:08:45.594280 | [Dataset Load] -> "Loading datasets from data/train"
DEBUG | 2026/06/03 09:08:45.594956 | [Dataset Load] -> "Loading datasets from class Atelectasis"
DEBUG | 2026/06/03 09:08:45.608069 | [Dataset Load] -> "Loading datasets from class Cardiomegaly"
DEBUG | 2026/06/03 09:08:45.611019 | [Dataset Load] -> "Loading datasets from class Consolidation"
DEBUG | 2026/06/03 09:08:45.746583 | [Dataset Load] -> "Loading datasets from class Edema"
DEBUG | 2026/06/03 09:08:45.752825 | [Dataset Load] -> "Loading datasets from class Effusion"
DEBUG | 2026/06/03 09:08:45.758335 | [Dataset Load] -> "Loading datasets from class Emphysema"
DEBUG | 2026/06/03 09:08:45.760317 | [Dataset Load] -> "Loading datasets from class Fibrosis"
DEBUG | 2026/06/03 09:08:45.762760 | [Dataset Load] -> "Loading datasets from class Hernia"
DEBUG | 2026/06/03 09:08:45.763009 | [Dataset Load] -> "Loading datasets from class Infiltration"
DEBUG | 2026/06/03 09:08:45.769678 | [Dataset Load] -> "Loading datasets from class Mass"
DEBUG | 2026/06/03 09:08:45.775365 | [Dataset Load] -> "Loading datasets from class No Finding"
DEBUG | 2026/06/03 09:08:45.787278 | [Dataset Load] -> "Loading datasets from class Nodule"
DEBUG | 2026/06/03 09:08:45.791777 | [Dataset Load] -> "Loading datasets from class Pleural_Thickening"
DEBUG | 2026/06/03 09:08:45.794777 | [Dataset Load] -> "Loading datasets from class Pneumonia"
DEBUG | 2026/06/03 09:08:45.796356 | [Dataset Load] -> "Loading datasets from class Pneumothorax"
DEBUG | 2026/06/03 09:08:45.799060 | [Dataset Load] -> "Dynamically loaded 22921 datas"
DEBUG | 2026/06/03 09:21:47.412841 | [Dataset Load] -> "Loading datasets from data/train"
DEBUG | 2026/06/03 09:21:47.413487 | [Dataset Load] -> "Loading datasets from class Atelectasis"
DEBUG | 2026/06/03 09:21:47.424254 | [Dataset Load] -> "Loading datasets from class Cardiomegaly"
DEBUG | 2026/06/03 09:21:47.426855 | [Dataset Load] -> "Loading datasets from class Consolidation"
DEBUG | 2026/06/03 09:21:47.430869 | [Dataset Load] -> "Loading datasets from class Edema"
DEBUG | 2026/06/03 09:21:47.436738 | [Dataset Load] -> "Loading datasets from class Effusion"
DEBUG | 2026/06/03 09:21:47.442148 | [Dataset Load] -> "Loading datasets from class Emphysema"
DEBUG | 2026/06/03 09:21:47.444258 | [Dataset Load] -> "Loading datasets from class Fibrosis"
DEBUG | 2026/06/03 09:21:47.592162 | [Dataset Load] -> "Loading datasets from class Hernia"
DEBUG | 2026/06/03 09:21:47.592644 | [Dataset Load] -> "Loading datasets from class Infiltration"
DEBUG | 2026/06/03 09:21:47.599562 | [Dataset Load] -> "Loading datasets from class Mass"
DEBUG | 2026/06/03 09:21:47.605422 | [Dataset Load] -> "Loading datasets from class No Finding"
DEBUG | 2026/06/03 09:21:47.617152 | [Dataset Load] -> "Loading datasets from class Nodule"
DEBUG | 2026/06/03 09:21:47.621989 | [Dataset Load] -> "Loading datasets from class Pleural_Thickening"
DEBUG | 2026/06/03 09:21:47.625041 | [Dataset Load] -> "Loading datasets from class Pneumonia"
DEBUG | 2026/06/03 09:21:47.626521 | [Dataset Load] -> "Loading datasets from class Pneumothorax"
DEBUG | 2026/06/03 09:21:47.629146 | [Dataset Load] -> "Dynamically loaded 22921 datas"
DEBUG | 2026/06/03 09:34:57.936778 | [Dataset Load] -> "Loading datasets from data/train"
DEBUG | 2026/06/03 09:34:57.937424 | [Dataset Load] -> "Loading datasets from class Atelectasis"
DEBUG | 2026/06/03 09:34:57.950923 | [Dataset Load] -> "Loading datasets from class Cardiomegaly"
DEBUG | 2026/06/03 09:34:57.953395 | [Dataset Load] -> "Loading datasets from class Consolidation"
DEBUG | 2026/06/03 09:34:57.957273 | [Dataset Load] -> "Loading datasets from class Edema"
DEBUG | 2026/06/03 09:34:57.963067 | [Dataset Load] -> "Loading datasets from class Effusion"
DEBUG | 2026/06/03 09:34:57.968454 | [Dataset Load] -> "Loading datasets from class Emphysema"
DEBUG | 2026/06/03 09:34:57.970468 | [Dataset Load] -> "Loading datasets from class Fibrosis"
DEBUG | 2026/06/03 09:34:57.972861 | [Dataset Load] -> "Loading datasets from class Hernia"
DEBUG | 2026/06/03 09:34:57.973108 | [Dataset Load] -> "Loading datasets from class Infiltration"
DEBUG | 2026/06/03 09:34:57.979610 | [Dataset Load] -> "Loading datasets from class Mass"
DEBUG | 2026/06/03 09:34:57.985687 | [Dataset Load] -> "Loading datasets from class No Finding"
DEBUG | 2026/06/03 09:34:58.962258 | [Dataset Load] -> "Loading datasets from class Nodule"
DEBUG | 2026/06/03 09:34:58.967668 | [Dataset Load] -> "Loading datasets from class Pleural_Thickening"
DEBUG | 2026/06/03 09:34:58.970704 | [Dataset Load] -> "Loading datasets from class Pneumonia"
DEBUG | 2026/06/03 09:34:58.972236 | [Dataset Load] -> "Loading datasets from class Pneumothorax"
DEBUG | 2026/06/03 09:34:58.974862 | [Dataset Load] -> "Dynamically loaded 22921 datas"
DEBUG | 2026/06/03 09:48:05.189809 | [Dataset Load] -> "Loading datasets from data/train"
DEBUG | 2026/06/03 09:48:05.190585 | [Dataset Load] -> "Loading datasets from class Atelectasis"
DEBUG | 2026/06/03 09:48:05.204299 | [Dataset Load] -> "Loading datasets from class Cardiomegaly"
DEBUG | 2026/06/03 09:48:05.206981 | [Dataset Load] -> "Loading datasets from class Consolidation"
DEBUG | 2026/06/03 09:48:05.210980 | [Dataset Load] -> "Loading datasets from class Edema"
DEBUG | 2026/06/03 09:48:05.216688 | [Dataset Load] -> "Loading datasets from class Effusion"
DEBUG | 2026/06/03 09:48:05.222119 | [Dataset Load] -> "Loading datasets from class Emphysema"
DEBUG | 2026/06/03 09:48:05.224033 | [Dataset Load] -> "Loading datasets from class Fibrosis"
DEBUG | 2026/06/03 09:48:05.226519 | [Dataset Load] -> "Loading datasets from class Hernia"
DEBUG | 2026/06/03 09:48:05.226763 | [Dataset Load] -> "Loading datasets from class Infiltration"
DEBUG | 2026/06/03 09:48:05.233383 | [Dataset Load] -> "Loading datasets from class Mass"
DEBUG | 2026/06/03 09:48:05.239056 | [Dataset Load] -> "Loading datasets from class No Finding"
DEBUG | 2026/06/03 09:48:05.250747 | [Dataset Load] -> "Loading datasets from class Nodule"
DEBUG | 2026/06/03 09:48:05.255189 | [Dataset Load] -> "Loading datasets from class Pleural_Thickening"
DEBUG | 2026/06/03 09:48:05.258260 | [Dataset Load] -> "Loading datasets from class Pneumonia"
DEBUG | 2026/06/03 09:48:05.259791 | [Dataset Load] -> "Loading datasets from class Pneumothorax"
DEBUG | 2026/06/03 09:48:05.397632 | [Dataset Load] -> "Dynamically loaded 22921 datas"
DEBUG | 2026/06/03 10:01:12.563446 | [Dataset Load] -> "Loading datasets from data/train"
DEBUG | 2026/06/03 10:01:12.564619 | [Dataset Load] -> "Loading datasets from class Atelectasis"
DEBUG | 2026/06/03 10:01:12.580417 | [Dataset Load] -> "Loading datasets from class Cardiomegaly"
DEBUG | 2026/06/03 10:01:12.583246 | [Dataset Load] -> "Loading datasets from class Consolidation"
DEBUG | 2026/06/03 10:01:12.587570 | [Dataset Load] -> "Loading datasets from class Edema"
DEBUG | 2026/06/03 10:01:12.593538 | [Dataset Load] -> "Loading datasets from class Effusion"
DEBUG | 2026/06/03 10:01:12.599383 | [Dataset Load] -> "Loading datasets from class Emphysema"
DEBUG | 2026/06/03 10:01:12.601577 | [Dataset Load] -> "Loading datasets from class Fibrosis"
DEBUG | 2026/06/03 10:01:12.604042 | [Dataset Load] -> "Loading datasets from class Hernia"
DEBUG | 2026/06/03 10:01:12.604293 | [Dataset Load] -> "Loading datasets from class Infiltration"
DEBUG | 2026/06/03 10:01:12.612759 | [Dataset Load] -> "Loading datasets from class Mass"
DEBUG | 2026/06/03 10:01:12.618911 | [Dataset Load] -> "Loading datasets from class No Finding"
DEBUG | 2026/06/03 10:01:12.631229 | [Dataset Load] -> "Loading datasets from class Nodule"
DEBUG | 2026/06/03 10:01:12.636044 | [Dataset Load] -> "Loading datasets from class Pleural_Thickening"
DEBUG | 2026/06/03 10:01:12.639228 | [Dataset Load] -> "Loading datasets from class Pneumonia"
DEBUG | 2026/06/03 10:01:12.640722 | [Dataset Load] -> "Loading datasets from class Pneumothorax"
DEBUG | 2026/06/03 10:01:12.643273 | [Dataset Load] -> "Dynamically loaded 22921 datas"
DEBUG | 2026/06/03 10:14:18.485537 | [Dataset Load] -> "Loading datasets from data/train"
DEBUG | 2026/06/03 10:14:18.487059 | [Dataset Load] -> "Loading datasets from class Atelectasis"
DEBUG | 2026/06/03 10:14:18.500954 | [Dataset Load] -> "Loading datasets from class Cardiomegaly"
DEBUG | 2026/06/03 10:14:18.503407 | [Dataset Load] -> "Loading datasets from class Consolidation"
DEBUG | 2026/06/03 10:14:18.507359 | [Dataset Load] -> "Loading datasets from class Edema"
DEBUG | 2026/06/03 10:14:18.513119 | [Dataset Load] -> "Loading datasets from class Effusion"
DEBUG | 2026/06/03 10:14:18.518765 | [Dataset Load] -> "Loading datasets from class Emphysema"
DEBUG | 2026/06/03 10:14:18.520787 | [Dataset Load] -> "Loading datasets from class Fibrosis"
DEBUG | 2026/06/03 10:14:18.523189 | [Dataset Load] -> "Loading datasets from class Hernia"
DEBUG | 2026/06/03 10:14:18.523436 | [Dataset Load] -> "Loading datasets from class Infiltration"
DEBUG | 2026/06/03 10:14:18.530081 | [Dataset Load] -> "Loading datasets from class Mass"
DEBUG | 2026/06/03 10:14:18.535975 | [Dataset Load] -> "Loading datasets from class No Finding"
DEBUG | 2026/06/03 10:14:18.547989 | [Dataset Load] -> "Loading datasets from class Nodule"
DEBUG | 2026/06/03 10:14:18.552571 | [Dataset Load] -> "Loading datasets from class Pleural_Thickening"
DEBUG | 2026/06/03 10:14:18.555663 | [Dataset Load] -> "Loading datasets from class Pneumonia"
DEBUG | 2026/06/03 10:14:18.557193 | [Dataset Load] -> "Loading datasets from class Pneumothorax"
DEBUG | 2026/06/03 10:14:18.559812 | [Dataset Load] -> "Dynamically loaded 22921 datas"
DEBUG | 2026/06/03 10:27:22.345595 | [Dataset Load] -> "Loading datasets from data/train"
DEBUG | 2026/06/03 10:27:22.346673 | [Dataset Load] -> "Loading datasets from class Atelectasis"
DEBUG | 2026/06/03 10:27:22.359478 | [Dataset Load] -> "Loading datasets from class Cardiomegaly"
DEBUG | 2026/06/03 10:27:22.361978 | [Dataset Load] -> "Loading datasets from class Consolidation"
DEBUG | 2026/06/03 10:27:22.365836 | [Dataset Load] -> "Loading datasets from class Edema"
DEBUG | 2026/06/03 10:27:22.371814 | [Dataset Load] -> "Loading datasets from class Effusion"
DEBUG | 2026/06/03 10:27:22.377325 | [Dataset Load] -> "Loading datasets from class Emphysema"
DEBUG | 2026/06/03 10:27:22.379287 | [Dataset Load] -> "Loading datasets from class Fibrosis"
DEBUG | 2026/06/03 10:27:22.381704 | [Dataset Load] -> "Loading datasets from class Hernia"
DEBUG | 2026/06/03 10:27:22.381958 | [Dataset Load] -> "Loading datasets from class Infiltration"
DEBUG | 2026/06/03 10:27:22.388495 | [Dataset Load] -> "Loading datasets from class Mass"
DEBUG | 2026/06/03 10:27:22.394395 | [Dataset Load] -> "Loading datasets from class No Finding"
DEBUG | 2026/06/03 10:27:22.406307 | [Dataset Load] -> "Loading datasets from class Nodule"
DEBUG | 2026/06/03 10:27:22.410740 | [Dataset Load] -> "Loading datasets from class Pleural_Thickening"
DEBUG | 2026/06/03 10:27:22.413646 | [Dataset Load] -> "Loading datasets from class Pneumonia"
DEBUG | 2026/06/03 10:27:22.415119 | [Dataset Load] -> "Loading datasets from class Pneumothorax"
DEBUG | 2026/06/03 10:27:22.417665 | [Dataset Load] -> "Dynamically loaded 22921 datas"
DEBUG | 2026/06/03 10:54:34.396206 | [Test Dataset Load] -> "Loading datasets from data/test"
DEBUG | 2026/06/03 10:54:34.429022 | [Test Dataset Load] -> "Dynamically loaded 5000 datas"
DEBUG | 2026/06/03 10:54:34.430546 | [Dataset Load] -> "Loading datasets from data/train"
DEBUG | 2026/06/03 10:54:34.430789 | [Dataset Load] -> "Loading datasets from class Atelectasis"
DEBUG | 2026/06/03 10:54:34.443115 | [Dataset Load] -> "Loading datasets from class Cardiomegaly"
DEBUG | 2026/06/03 10:54:34.446239 | [Dataset Load] -> "Loading datasets from class Consolidation"
DEBUG | 2026/06/03 10:54:34.450380 | [Dataset Load] -> "Loading datasets from class Edema"
DEBUG | 2026/06/03 10:54:34.456508 | [Dataset Load] -> "Loading datasets from class Effusion"
DEBUG | 2026/06/03 10:54:34.462148 | [Dataset Load] -> "Loading datasets from class Emphysema"
DEBUG | 2026/06/03 10:54:34.464209 | [Dataset Load] -> "Loading datasets from class Fibrosis"
DEBUG | 2026/06/03 10:54:34.466686 | [Dataset Load] -> "Loading datasets from class Hernia"
DEBUG | 2026/06/03 10:54:34.466921 | [Dataset Load] -> "Loading datasets from class Infiltration"
DEBUG | 2026/06/03 10:54:34.473700 | [Dataset Load] -> "Loading datasets from class Mass"
DEBUG | 2026/06/03 10:54:34.479528 | [Dataset Load] -> "Loading datasets from class No Finding"
DEBUG | 2026/06/03 10:54:34.490233 | [Dataset Load] -> "Loading datasets from class Nodule"
DEBUG | 2026/06/03 10:54:34.494881 | [Dataset Load] -> "Loading datasets from class Pleural_Thickening"
DEBUG | 2026/06/03 10:54:34.498027 | [Dataset Load] -> "Loading datasets from class Pneumonia"
DEBUG | 2026/06/03 10:54:34.499672 | [Dataset Load] -> "Loading datasets from class Pneumothorax"
DEBUG | 2026/06/03 10:54:34.502281 | [Dataset Load] -> "Dynamically loaded 22921 datas"
DEBUG | 2026/06/03 10:54:34.509882 | [Dataset Load] -> "Loading datasets from data/train"
DEBUG | 2026/06/03 10:54:34.509955 | [Dataset Load] -> "Dynamically loaded 16044 datas"
DEBUG | 2026/06/03 10:54:34.509996 | [Dataset Load] -> "Loading datasets from data/train"
DEBUG | 2026/06/03 10:54:34.510047 | [Dataset Load] -> "Dynamically loaded 6877 datas"
DEBUG | 2026/06/03 10:54:54.668344 | [Test Dataset Load] -> "Loading datasets from data/test"
DEBUG | 2026/06/03 10:54:54.669974 | [Test Dataset Load] -> "Dynamically loaded 5000 datas"
DEBUG | 2026/06/03 10:54:54.670398 | [Dataset Load] -> "Loading datasets from data/train"
DEBUG | 2026/06/03 10:54:54.670461 | [Dataset Load] -> "Loading datasets from class Atelectasis"
DEBUG | 2026/06/03 10:54:54.671662 | [Dataset Load] -> "Loading datasets from class Cardiomegaly"
DEBUG | 2026/06/03 10:54:54.672436 | [Dataset Load] -> "Loading datasets from class Consolidation"
DEBUG | 2026/06/03 10:54:54.673204 | [Dataset Load] -> "Loading datasets from class Edema"
DEBUG | 2026/06/03 10:54:54.673695 | [Dataset Load] -> "Loading datasets from class Effusion"
DEBUG | 2026/06/03 10:54:54.674488 | [Dataset Load] -> "Loading datasets from class Emphysema"
DEBUG | 2026/06/03 10:54:54.674922 | [Dataset Load] -> "Loading datasets from class Fibrosis"
DEBUG | 2026/06/03 10:54:54.675205 | [Dataset Load] -> "Loading datasets from class Hernia"
DEBUG | 2026/06/03 10:54:54.675282 | [Dataset Load] -> "Loading datasets from class Infiltration"
DEBUG | 2026/06/03 10:54:54.676526 | [Dataset Load] -> "Loading datasets from class Mass"
DEBUG | 2026/06/03 10:54:54.677267 | [Dataset Load] -> "Loading datasets from class No Finding"
DEBUG | 2026/06/03 10:54:54.678631 | [Dataset Load] -> "Loading datasets from class Nodule"
DEBUG | 2026/06/03 10:54:54.679350 | [Dataset Load] -> "Loading datasets from class Pleural_Thickening"
DEBUG | 2026/06/03 10:54:54.679759 | [Dataset Load] -> "Loading datasets from class Pneumonia"
DEBUG | 2026/06/03 10:54:54.679890 | [Dataset Load] -> "Loading datasets from class Pneumothorax"
DEBUG | 2026/06/03 10:54:54.680520 | [Dataset Load] -> "Dynamically loaded 22921 datas"
DEBUG | 2026/06/03 10:58:58.880969 | [Test Dataset Load] -> "Loading datasets from data/test"
DEBUG | 2026/06/03 10:58:58.913613 | [Test Dataset Load] -> "Dynamically loaded 5000 datas"
DEBUG | 2026/06/03 10:58:58.915095 | [Dataset Load] -> "Loading datasets from data/train"
DEBUG | 2026/06/03 10:58:58.915198 | [Dataset Load] -> "Loading datasets from class Atelectasis"
DEBUG | 2026/06/03 10:58:58.927438 | [Dataset Load] -> "Loading datasets from class Cardiomegaly"
DEBUG | 2026/06/03 10:58:58.930581 | [Dataset Load] -> "Loading datasets from class Consolidation"
DEBUG | 2026/06/03 10:58:58.934821 | [Dataset Load] -> "Loading datasets from class Edema"
DEBUG | 2026/06/03 10:58:58.940797 | [Dataset Load] -> "Loading datasets from class Effusion"
DEBUG | 2026/06/03 10:58:58.946474 | [Dataset Load] -> "Loading datasets from class Emphysema"
DEBUG | 2026/06/03 10:58:58.948640 | [Dataset Load] -> "Loading datasets from class Fibrosis"
DEBUG | 2026/06/03 10:58:58.951133 | [Dataset Load] -> "Loading datasets from class Hernia"
DEBUG | 2026/06/03 10:58:58.951377 | [Dataset Load] -> "Loading datasets from class Infiltration"
DEBUG | 2026/06/03 10:58:58.958471 | [Dataset Load] -> "Loading datasets from class Mass"
DEBUG | 2026/06/03 10:58:58.964438 | [Dataset Load] -> "Loading datasets from class No Finding"
DEBUG | 2026/06/03 10:58:58.976358 | [Dataset Load] -> "Loading datasets from class Nodule"
DEBUG | 2026/06/03 10:58:58.981115 | [Dataset Load] -> "Loading datasets from class Pleural_Thickening"
DEBUG | 2026/06/03 10:58:58.984366 | [Dataset Load] -> "Loading datasets from class Pneumonia"
DEBUG | 2026/06/03 10:58:58.986023 | [Dataset Load] -> "Loading datasets from class Pneumothorax"
DEBUG | 2026/06/03 10:58:58.988806 | [Dataset Load] -> "Dynamically loaded 22921 datas"
DEBUG | 2026/06/03 10:58:58.997206 | [Dataset Load] -> "Loading datasets from data/train"
DEBUG | 2026/06/03 10:58:58.997315 | [Dataset Load] -> "Dynamically loaded 16044 datas"
DEBUG | 2026/06/03 10:58:58.997358 | [Dataset Load] -> "Loading datasets from data/train"
DEBUG | 2026/06/03 10:58:58.997410 | [Dataset Load] -> "Dynamically loaded 6877 datas"
DEBUG | 2026/06/03 11:05:30.331088 | [Test Dataset Load] -> "Loading datasets from data/test"
DEBUG | 2026/06/03 11:05:30.336257 | [Test Dataset Load] -> "Dynamically loaded 5000 datas"
DEBUG | 2026/06/03 11:06:11.937120 | [Test Dataset Load] -> "Loading datasets from data/test"
DEBUG | 2026/06/03 11:06:11.940006 | [Test Dataset Load] -> "Dynamically loaded 5000 datas"
DEBUG | 2026/06/03 11:06:36.843325 | [Test Dataset Load] -> "Loading datasets from data/test"
DEBUG | 2026/06/03 11:06:36.846158 | [Test Dataset Load] -> "Dynamically loaded 5000 datas"
DEBUG | 2026/06/03 11:08:10.507210 | [Dataset Load] -> "Loading datasets from data/train"
DEBUG | 2026/06/03 11:08:10.507491 | [Dataset Load] -> "Loading datasets from class Atelectasis"
DEBUG | 2026/06/03 11:08:10.517806 | [Dataset Load] -> "Loading datasets from class Cardiomegaly"
DEBUG | 2026/06/03 11:08:10.519717 | [Dataset Load] -> "Loading datasets from class Consolidation"
DEBUG | 2026/06/03 11:08:10.524111 | [Dataset Load] -> "Loading datasets from class Edema"
DEBUG | 2026/06/03 11:08:10.528200 | [Dataset Load] -> "Loading datasets from class Effusion"
DEBUG | 2026/06/03 11:08:10.533201 | [Dataset Load] -> "Loading datasets from class Emphysema"
DEBUG | 2026/06/03 11:08:10.537241 | [Dataset Load] -> "Loading datasets from class Fibrosis"
DEBUG | 2026/06/03 11:08:10.538162 | [Dataset Load] -> "Loading datasets from class Hernia"
DEBUG | 2026/06/03 11:08:10.538400 | [Dataset Load] -> "Loading datasets from class Infiltration"
DEBUG | 2026/06/03 11:08:10.546912 | [Dataset Load] -> "Loading datasets from class Mass"
DEBUG | 2026/06/03 11:08:10.553673 | [Dataset Load] -> "Loading datasets from class No Finding"
DEBUG | 2026/06/03 11:08:10.562556 | [Dataset Load] -> "Loading datasets from class Nodule"
DEBUG | 2026/06/03 11:08:10.565207 | [Dataset Load] -> "Loading datasets from class Pleural_Thickening"
DEBUG | 2026/06/03 11:08:10.568371 | [Dataset Load] -> "Loading datasets from class Pneumonia"
DEBUG | 2026/06/03 11:08:10.568527 | [Dataset Load] -> "Loading datasets from class Pneumothorax"
DEBUG | 2026/06/03 11:08:10.571795 | [Dataset Load] -> "Dynamically loaded 22921 datas"
DEBUG | 2026/06/03 11:21:25.097666 | [Dataset Load] -> "Loading datasets from data/train"
DEBUG | 2026/06/03 11:21:25.098912 | [Dataset Load] -> "Loading datasets from class Atelectasis"
DEBUG | 2026/06/03 11:21:25.114366 | [Dataset Load] -> "Loading datasets from class Cardiomegaly"
DEBUG | 2026/06/03 11:21:25.117039 | [Dataset Load] -> "Loading datasets from class Consolidation"
DEBUG | 2026/06/03 11:21:25.121635 | [Dataset Load] -> "Loading datasets from class Edema"
DEBUG | 2026/06/03 11:21:25.127432 | [Dataset Load] -> "Loading datasets from class Effusion"
DEBUG | 2026/06/03 11:21:25.135987 | [Dataset Load] -> "Loading datasets from class Emphysema"
DEBUG | 2026/06/03 11:21:25.138360 | [Dataset Load] -> "Loading datasets from class Fibrosis"
DEBUG | 2026/06/03 11:21:25.141915 | [Dataset Load] -> "Loading datasets from class Hernia"
DEBUG | 2026/06/03 11:21:25.142190 | [Dataset Load] -> "Loading datasets from class Infiltration"
DEBUG | 2026/06/03 11:21:25.153655 | [Dataset Load] -> "Loading datasets from class Mass"
DEBUG | 2026/06/03 11:21:25.160473 | [Dataset Load] -> "Loading datasets from class No Finding"
DEBUG | 2026/06/03 11:21:25.171925 | [Dataset Load] -> "Loading datasets from class Nodule"
DEBUG | 2026/06/03 11:21:25.176435 | [Dataset Load] -> "Loading datasets from class Pleural_Thickening"
DEBUG | 2026/06/03 11:21:25.179476 | [Dataset Load] -> "Loading datasets from class Pneumonia"
DEBUG | 2026/06/03 11:21:25.180969 | [Dataset Load] -> "Loading datasets from class Pneumothorax"
DEBUG | 2026/06/03 11:21:25.183688 | [Dataset Load] -> "Dynamically loaded 22921 datas"
DEBUG | 2026/06/03 11:34:32.481640 | [Dataset Load] -> "Loading datasets from data/train"
DEBUG | 2026/06/03 11:34:32.482579 | [Dataset Load] -> "Loading datasets from class Atelectasis"
DEBUG | 2026/06/03 11:34:32.495505 | [Dataset Load] -> "Loading datasets from class Cardiomegaly"
DEBUG | 2026/06/03 11:34:32.498015 | [Dataset Load] -> "Loading datasets from class Consolidation"
DEBUG | 2026/06/03 11:34:32.501849 | [Dataset Load] -> "Loading datasets from class Edema"
DEBUG | 2026/06/03 11:34:32.507622 | [Dataset Load] -> "Loading datasets from class Effusion"
DEBUG | 2026/06/03 11:34:32.513115 | [Dataset Load] -> "Loading datasets from class Emphysema"
DEBUG | 2026/06/03 11:34:32.515011 | [Dataset Load] -> "Loading datasets from class Fibrosis"
DEBUG | 2026/06/03 11:34:32.517536 | [Dataset Load] -> "Loading datasets from class Hernia"
DEBUG | 2026/06/03 11:34:32.517796 | [Dataset Load] -> "Loading datasets from class Infiltration"
DEBUG | 2026/06/03 11:34:32.524292 | [Dataset Load] -> "Loading datasets from class Mass"
DEBUG | 2026/06/03 11:34:32.529982 | [Dataset Load] -> "Loading datasets from class No Finding"
DEBUG | 2026/06/03 11:34:32.541692 | [Dataset Load] -> "Loading datasets from class Nodule"
DEBUG | 2026/06/03 11:34:32.546241 | [Dataset Load] -> "Loading datasets from class Pleural_Thickening"
DEBUG | 2026/06/03 11:34:32.549178 | [Dataset Load] -> "Loading datasets from class Pneumonia"
DEBUG | 2026/06/03 11:34:32.550640 | [Dataset Load] -> "Loading datasets from class Pneumothorax"
DEBUG | 2026/06/03 11:34:32.553191 | [Dataset Load] -> "Dynamically loaded 22921 datas"
DEBUG | 2026/06/03 11:47:51.435704 | [Dataset Load] -> "Loading datasets from data/train"
DEBUG | 2026/06/03 11:47:51.436603 | [Dataset Load] -> "Loading datasets from class Atelectasis"
DEBUG | 2026/06/03 11:47:51.452001 | [Dataset Load] -> "Loading datasets from class Cardiomegaly"
DEBUG | 2026/06/03 11:47:51.454622 | [Dataset Load] -> "Loading datasets from class Consolidation"
DEBUG | 2026/06/03 11:47:51.458675 | [Dataset Load] -> "Loading datasets from class Edema"
DEBUG | 2026/06/03 11:47:51.464498 | [Dataset Load] -> "Loading datasets from class Effusion"
DEBUG | 2026/06/03 11:47:51.470316 | [Dataset Load] -> "Loading datasets from class Emphysema"
DEBUG | 2026/06/03 11:47:51.472313 | [Dataset Load] -> "Loading datasets from class Fibrosis"
DEBUG | 2026/06/03 11:47:51.474725 | [Dataset Load] -> "Loading datasets from class Hernia"
DEBUG | 2026/06/03 11:47:51.474977 | [Dataset Load] -> "Loading datasets from class Infiltration"
DEBUG | 2026/06/03 11:47:51.481960 | [Dataset Load] -> "Loading datasets from class Mass"
DEBUG | 2026/06/03 11:47:51.487885 | [Dataset Load] -> "Loading datasets from class No Finding"
DEBUG | 2026/06/03 11:47:51.500968 | [Dataset Load] -> "Loading datasets from class Nodule"
DEBUG | 2026/06/03 11:47:51.505525 | [Dataset Load] -> "Loading datasets from class Pleural_Thickening"
DEBUG | 2026/06/03 11:47:51.508630 | [Dataset Load] -> "Loading datasets from class Pneumonia"
DEBUG | 2026/06/03 11:47:51.510106 | [Dataset Load] -> "Loading datasets from class Pneumothorax"
DEBUG | 2026/06/03 11:47:51.518453 | [Dataset Load] -> "Dynamically loaded 22921 datas"
DEBUG | 2026/06/03 12:01:11.728303 | [Dataset Load] -> "Loading datasets from data/train"
DEBUG | 2026/06/03 12:01:11.729486 | [Dataset Load] -> "Loading datasets from class Atelectasis"
DEBUG | 2026/06/03 12:01:11.749773 | [Dataset Load] -> "Loading datasets from class Cardiomegaly"
DEBUG | 2026/06/03 12:01:11.753068 | [Dataset Load] -> "Loading datasets from class Consolidation"
DEBUG | 2026/06/03 12:01:11.760038 | [Dataset Load] -> "Loading datasets from class Edema"
DEBUG | 2026/06/03 12:01:11.766619 | [Dataset Load] -> "Loading datasets from class Effusion"
DEBUG | 2026/06/03 12:01:11.775219 | [Dataset Load] -> "Loading datasets from class Emphysema"
DEBUG | 2026/06/03 12:01:11.778033 | [Dataset Load] -> "Loading datasets from class Fibrosis"
DEBUG | 2026/06/03 12:01:11.781179 | [Dataset Load] -> "Loading datasets from class Hernia"
DEBUG | 2026/06/03 12:01:11.781682 | [Dataset Load] -> "Loading datasets from class Infiltration"
DEBUG | 2026/06/03 12:01:11.792428 | [Dataset Load] -> "Loading datasets from class Mass"
DEBUG | 2026/06/03 12:01:11.799166 | [Dataset Load] -> "Loading datasets from class No Finding"
DEBUG | 2026/06/03 12:01:11.814277 | [Dataset Load] -> "Loading datasets from class Nodule"
DEBUG | 2026/06/03 12:01:11.819775 | [Dataset Load] -> "Loading datasets from class Pleural_Thickening"
DEBUG | 2026/06/03 12:01:11.822986 | [Dataset Load] -> "Loading datasets from class Pneumonia"
DEBUG | 2026/06/03 12:01:11.824523 | [Dataset Load] -> "Loading datasets from class Pneumothorax"
DEBUG | 2026/06/03 12:01:11.828171 | [Dataset Load] -> "Dynamically loaded 22921 datas"
DEBUG | 2026/06/03 12:14:26.067724 | [Dataset Load] -> "Loading datasets from data/train"
DEBUG | 2026/06/03 12:14:26.069153 | [Dataset Load] -> "Loading datasets from class Atelectasis"
DEBUG | 2026/06/03 12:14:26.086534 | [Dataset Load] -> "Loading datasets from class Cardiomegaly"
DEBUG | 2026/06/03 12:14:26.089087 | [Dataset Load] -> "Loading datasets from class Consolidation"
DEBUG | 2026/06/03 12:14:26.093084 | [Dataset Load] -> "Loading datasets from class Edema"
DEBUG | 2026/06/03 12:14:26.098799 | [Dataset Load] -> "Loading datasets from class Effusion"
DEBUG | 2026/06/03 12:14:26.104228 | [Dataset Load] -> "Loading datasets from class Emphysema"
DEBUG | 2026/06/03 12:14:26.106148 | [Dataset Load] -> "Loading datasets from class Fibrosis"
DEBUG | 2026/06/03 12:14:26.108574 | [Dataset Load] -> "Loading datasets from class Hernia"
DEBUG | 2026/06/03 12:14:26.108858 | [Dataset Load] -> "Loading datasets from class Infiltration"
DEBUG | 2026/06/03 12:14:26.115705 | [Dataset Load] -> "Loading datasets from class Mass"
DEBUG | 2026/06/03 12:14:26.121672 | [Dataset Load] -> "Loading datasets from class No Finding"
DEBUG | 2026/06/03 12:14:26.133365 | [Dataset Load] -> "Loading datasets from class Nodule"
DEBUG | 2026/06/03 12:14:26.138087 | [Dataset Load] -> "Loading datasets from class Pleural_Thickening"
DEBUG | 2026/06/03 12:14:26.141149 | [Dataset Load] -> "Loading datasets from class Pneumonia"
DEBUG | 2026/06/03 12:14:26.142643 | [Dataset Load] -> "Loading datasets from class Pneumothorax"
DEBUG | 2026/06/03 12:14:26.145566 | [Dataset Load] -> "Dynamically loaded 22921 datas"
DEBUG | 2026/06/03 12:27:33.684477 | [Dataset Load] -> "Loading datasets from data/train"
DEBUG | 2026/06/03 12:27:33.685686 | [Dataset Load] -> "Loading datasets from class Atelectasis"
DEBUG | 2026/06/03 12:27:33.699896 | [Dataset Load] -> "Loading datasets from class Cardiomegaly"
DEBUG | 2026/06/03 12:27:33.702386 | [Dataset Load] -> "Loading datasets from class Consolidation"
DEBUG | 2026/06/03 12:27:33.706258 | [Dataset Load] -> "Loading datasets from class Edema"
DEBUG | 2026/06/03 12:27:33.712107 | [Dataset Load] -> "Loading datasets from class Effusion"
DEBUG | 2026/06/03 12:27:33.717719 | [Dataset Load] -> "Loading datasets from class Emphysema"
DEBUG | 2026/06/03 12:27:33.719671 | [Dataset Load] -> "Loading datasets from class Fibrosis"
DEBUG | 2026/06/03 12:27:33.722229 | [Dataset Load] -> "Loading datasets from class Hernia"
DEBUG | 2026/06/03 12:27:33.722478 | [Dataset Load] -> "Loading datasets from class Infiltration"
DEBUG | 2026/06/03 12:27:33.734075 | [Dataset Load] -> "Loading datasets from class Mass"
DEBUG | 2026/06/03 12:27:33.739931 | [Dataset Load] -> "Loading datasets from class No Finding"
DEBUG | 2026/06/03 12:27:33.751686 | [Dataset Load] -> "Loading datasets from class Nodule"
DEBUG | 2026/06/03 12:27:33.756226 | [Dataset Load] -> "Loading datasets from class Pleural_Thickening"
DEBUG | 2026/06/03 12:27:33.759299 | [Dataset Load] -> "Loading datasets from class Pneumonia"
DEBUG | 2026/06/03 12:27:33.760878 | [Dataset Load] -> "Loading datasets from class Pneumothorax"
DEBUG | 2026/06/03 12:27:33.763504 | [Dataset Load] -> "Dynamically loaded 22921 datas"
DEBUG | 2026/06/03 12:40:49.744950 | [Dataset Load] -> "Loading datasets from data/train"
DEBUG | 2026/06/03 12:40:49.745809 | [Dataset Load] -> "Loading datasets from class Atelectasis"
DEBUG | 2026/06/03 12:40:49.760582 | [Dataset Load] -> "Loading datasets from class Cardiomegaly"
DEBUG | 2026/06/03 12:40:49.762221 | [Dataset Load] -> "Loading datasets from class Consolidation"
DEBUG | 2026/06/03 12:40:49.767318 | [Dataset Load] -> "Loading datasets from class Edema"
DEBUG | 2026/06/03 12:40:49.770901 | [Dataset Load] -> "Loading datasets from class Effusion"
DEBUG | 2026/06/03 12:40:49.774162 | [Dataset Load] -> "Loading datasets from class Emphysema"
DEBUG | 2026/06/03 12:40:49.775142 | [Dataset Load] -> "Loading datasets from class Fibrosis"
DEBUG | 2026/06/03 12:40:49.775985 | [Dataset Load] -> "Loading datasets from class Hernia"
DEBUG | 2026/06/03 12:40:49.776399 | [Dataset Load] -> "Loading datasets from class Infiltration"
DEBUG | 2026/06/03 12:40:49.780577 | [Dataset Load] -> "Loading datasets from class Mass"
DEBUG | 2026/06/03 12:40:49.788604 | [Dataset Load] -> "Loading datasets from class No Finding"
DEBUG | 2026/06/03 12:40:49.794489 | [Dataset Load] -> "Loading datasets from class Nodule"
DEBUG | 2026/06/03 12:40:49.796325 | [Dataset Load] -> "Loading datasets from class Pleural_Thickening"
DEBUG | 2026/06/03 12:40:49.799854 | [Dataset Load] -> "Loading datasets from class Pneumonia"
DEBUG | 2026/06/03 12:40:49.799993 | [Dataset Load] -> "Loading datasets from class Pneumothorax"
DEBUG | 2026/06/03 12:40:49.802151 | [Dataset Load] -> "Dynamically loaded 22921 datas"
DEBUG | 2026/06/03 12:54:10.916568 | [Dataset Load] -> "Loading datasets from data/train"
DEBUG | 2026/06/03 12:54:10.917702 | [Dataset Load] -> "Loading datasets from class Atelectasis"
DEBUG | 2026/06/03 12:54:10.932156 | [Dataset Load] -> "Loading datasets from class Cardiomegaly"
DEBUG | 2026/06/03 12:54:10.933420 | [Dataset Load] -> "Loading datasets from class Consolidation"
DEBUG | 2026/06/03 12:54:10.936684 | [Dataset Load] -> "Loading datasets from class Edema"
DEBUG | 2026/06/03 12:54:10.939059 | [Dataset Load] -> "Loading datasets from class Effusion"
DEBUG | 2026/06/03 12:54:10.943017 | [Dataset Load] -> "Loading datasets from class Emphysema"
DEBUG | 2026/06/03 12:54:10.945046 | [Dataset Load] -> "Loading datasets from class Fibrosis"
DEBUG | 2026/06/03 12:54:10.945954 | [Dataset Load] -> "Loading datasets from class Hernia"
DEBUG | 2026/06/03 12:54:10.946076 | [Dataset Load] -> "Loading datasets from class Infiltration"
DEBUG | 2026/06/03 12:54:10.949844 | [Dataset Load] -> "Loading datasets from class Mass"
DEBUG | 2026/06/03 12:54:10.957195 | [Dataset Load] -> "Loading datasets from class No Finding"
DEBUG | 2026/06/03 12:54:10.962296 | [Dataset Load] -> "Loading datasets from class Nodule"
DEBUG | 2026/06/03 12:54:10.963912 | [Dataset Load] -> "Loading datasets from class Pleural_Thickening"
DEBUG | 2026/06/03 12:54:10.966968 | [Dataset Load] -> "Loading datasets from class Pneumonia"
DEBUG | 2026/06/03 12:54:10.967103 | [Dataset Load] -> "Loading datasets from class Pneumothorax"
DEBUG | 2026/06/03 12:54:10.969852 | [Dataset Load] -> "Dynamically loaded 22921 datas"
DEBUG | 2026/06/03 13:07:20.243202 | [Dataset Load] -> "Loading datasets from data/train"
DEBUG | 2026/06/03 13:07:20.244040 | [Dataset Load] -> "Loading datasets from class Atelectasis"
DEBUG | 2026/06/03 13:07:20.257501 | [Dataset Load] -> "Loading datasets from class Cardiomegaly"
DEBUG | 2026/06/03 13:07:20.260034 | [Dataset Load] -> "Loading datasets from class Consolidation"
DEBUG | 2026/06/03 13:07:20.264060 | [Dataset Load] -> "Loading datasets from class Edema"
DEBUG | 2026/06/03 13:07:20.269608 | [Dataset Load] -> "Loading datasets from class Effusion"
DEBUG | 2026/06/03 13:07:20.275297 | [Dataset Load] -> "Loading datasets from class Emphysema"
DEBUG | 2026/06/03 13:07:20.277238 | [Dataset Load] -> "Loading datasets from class Fibrosis"
DEBUG | 2026/06/03 13:07:20.279778 | [Dataset Load] -> "Loading datasets from class Hernia"
DEBUG | 2026/06/03 13:07:20.280039 | [Dataset Load] -> "Loading datasets from class Infiltration"
DEBUG | 2026/06/03 13:07:20.286705 | [Dataset Load] -> "Loading datasets from class Mass"
DEBUG | 2026/06/03 13:07:20.292707 | [Dataset Load] -> "Loading datasets from class No Finding"
DEBUG | 2026/06/03 13:07:20.304556 | [Dataset Load] -> "Loading datasets from class Nodule"
DEBUG | 2026/06/03 13:07:20.309069 | [Dataset Load] -> "Loading datasets from class Pleural_Thickening"
DEBUG | 2026/06/03 13:07:20.311994 | [Dataset Load] -> "Loading datasets from class Pneumonia"
DEBUG | 2026/06/03 13:07:20.313585 | [Dataset Load] -> "Loading datasets from class Pneumothorax"
DEBUG | 2026/06/03 13:07:20.316179 | [Dataset Load] -> "Dynamically loaded 22921 datas"
DEBUG | 2026/06/03 13:20:28.270300 | [Dataset Load] -> "Loading datasets from data/train"
DEBUG | 2026/06/03 13:20:28.271024 | [Dataset Load] -> "Loading datasets from class Atelectasis"
DEBUG | 2026/06/03 13:20:28.282683 | [Dataset Load] -> "Loading datasets from class Cardiomegaly"
DEBUG | 2026/06/03 13:20:28.284779 | [Dataset Load] -> "Loading datasets from class Consolidation"
DEBUG | 2026/06/03 13:20:28.289556 | [Dataset Load] -> "Loading datasets from class Edema"
DEBUG | 2026/06/03 13:20:28.294896 | [Dataset Load] -> "Loading datasets from class Effusion"
DEBUG | 2026/06/03 13:20:28.299238 | [Dataset Load] -> "Loading datasets from class Emphysema"
DEBUG | 2026/06/03 13:20:28.301167 | [Dataset Load] -> "Loading datasets from class Fibrosis"
DEBUG | 2026/06/03 13:20:28.303830 | [Dataset Load] -> "Loading datasets from class Hernia"
DEBUG | 2026/06/03 13:20:28.304077 | [Dataset Load] -> "Loading datasets from class Infiltration"
DEBUG | 2026/06/03 13:20:28.311987 | [Dataset Load] -> "Loading datasets from class Mass"
DEBUG | 2026/06/03 13:20:28.318226 | [Dataset Load] -> "Loading datasets from class No Finding"
DEBUG | 2026/06/03 13:20:28.329590 | [Dataset Load] -> "Loading datasets from class Nodule"
DEBUG | 2026/06/03 13:20:28.333818 | [Dataset Load] -> "Loading datasets from class Pleural_Thickening"
DEBUG | 2026/06/03 13:20:28.335278 | [Dataset Load] -> "Loading datasets from class Pneumonia"
DEBUG | 2026/06/03 13:20:28.336779 | [Dataset Load] -> "Loading datasets from class Pneumothorax"
DEBUG | 2026/06/03 13:20:28.339487 | [Dataset Load] -> "Dynamically loaded 22921 datas"
DEBUG | 2026/06/03 13:33:34.745618 | [Dataset Load] -> "Loading datasets from data/train"
DEBUG | 2026/06/03 13:33:34.746539 | [Dataset Load] -> "Loading datasets from class Atelectasis"
DEBUG | 2026/06/03 13:33:34.759727 | [Dataset Load] -> "Loading datasets from class Cardiomegaly"
DEBUG | 2026/06/03 13:33:34.762178 | [Dataset Load] -> "Loading datasets from class Consolidation"
DEBUG | 2026/06/03 13:33:34.766055 | [Dataset Load] -> "Loading datasets from class Edema"
DEBUG | 2026/06/03 13:33:34.771462 | [Dataset Load] -> "Loading datasets from class Effusion"
DEBUG | 2026/06/03 13:33:34.777717 | [Dataset Load] -> "Loading datasets from class Emphysema"
DEBUG | 2026/06/03 13:33:34.779674 | [Dataset Load] -> "Loading datasets from class Fibrosis"
DEBUG | 2026/06/03 13:33:34.782187 | [Dataset Load] -> "Loading datasets from class Hernia"
DEBUG | 2026/06/03 13:33:34.782460 | [Dataset Load] -> "Loading datasets from class Infiltration"
DEBUG | 2026/06/03 13:33:34.793265 | [Dataset Load] -> "Loading datasets from class Mass"
DEBUG | 2026/06/03 13:33:34.799293 | [Dataset Load] -> "Loading datasets from class No Finding"
DEBUG | 2026/06/03 13:33:34.811031 | [Dataset Load] -> "Loading datasets from class Nodule"
DEBUG | 2026/06/03 13:33:34.815603 | [Dataset Load] -> "Loading datasets from class Pleural_Thickening"
DEBUG | 2026/06/03 13:33:34.818391 | [Dataset Load] -> "Loading datasets from class Pneumonia"
DEBUG | 2026/06/03 13:33:34.820015 | [Dataset Load] -> "Loading datasets from class Pneumothorax"
DEBUG | 2026/06/03 13:33:34.822634 | [Dataset Load] -> "Dynamically loaded 22921 datas"
DEBUG | 2026/06/03 13:46:41.919648 | [Dataset Load] -> "Loading datasets from data/train"
DEBUG | 2026/06/03 13:46:41.920444 | [Dataset Load] -> "Loading datasets from class Atelectasis"
DEBUG | 2026/06/03 13:46:41.934183 | [Dataset Load] -> "Loading datasets from class Cardiomegaly"
DEBUG | 2026/06/03 13:46:41.936662 | [Dataset Load] -> "Loading datasets from class Consolidation"
DEBUG | 2026/06/03 13:46:41.940594 | [Dataset Load] -> "Loading datasets from class Edema"
DEBUG | 2026/06/03 13:46:41.945820 | [Dataset Load] -> "Loading datasets from class Effusion"
DEBUG | 2026/06/03 13:46:41.951567 | [Dataset Load] -> "Loading datasets from class Emphysema"
DEBUG | 2026/06/03 13:46:41.953536 | [Dataset Load] -> "Loading datasets from class Fibrosis"
DEBUG | 2026/06/03 13:46:41.956086 | [Dataset Load] -> "Loading datasets from class Hernia"
DEBUG | 2026/06/03 13:46:41.956360 | [Dataset Load] -> "Loading datasets from class Infiltration"
DEBUG | 2026/06/03 13:46:41.963203 | [Dataset Load] -> "Loading datasets from class Mass"
DEBUG | 2026/06/03 13:46:41.969306 | [Dataset Load] -> "Loading datasets from class No Finding"
DEBUG | 2026/06/03 13:46:41.981259 | [Dataset Load] -> "Loading datasets from class Nodule"
DEBUG | 2026/06/03 13:46:41.985797 | [Dataset Load] -> "Loading datasets from class Pleural_Thickening"
DEBUG | 2026/06/03 13:46:41.988481 | [Dataset Load] -> "Loading datasets from class Pneumonia"
DEBUG | 2026/06/03 13:46:41.990041 | [Dataset Load] -> "Loading datasets from class Pneumothorax"
DEBUG | 2026/06/03 13:46:41.992629 | [Dataset Load] -> "Dynamically loaded 22921 datas"
DEBUG | 2026/06/03 14:00:01.359586 | [Dataset Load] -> "Loading datasets from data/train"
DEBUG | 2026/06/03 14:00:01.360754 | [Dataset Load] -> "Loading datasets from class Atelectasis"
DEBUG | 2026/06/03 14:00:01.383468 | [Dataset Load] -> "Loading datasets from class Cardiomegaly"
DEBUG | 2026/06/03 14:00:01.386217 | [Dataset Load] -> "Loading datasets from class Consolidation"
DEBUG | 2026/06/03 14:00:01.394110 | [Dataset Load] -> "Loading datasets from class Edema"
DEBUG | 2026/06/03 14:00:01.399991 | [Dataset Load] -> "Loading datasets from class Effusion"
DEBUG | 2026/06/03 14:00:01.407449 | [Dataset Load] -> "Loading datasets from class Emphysema"
DEBUG | 2026/06/03 14:00:01.409910 | [Dataset Load] -> "Loading datasets from class Fibrosis"
DEBUG | 2026/06/03 14:00:01.411677 | [Dataset Load] -> "Loading datasets from class Hernia"
DEBUG | 2026/06/03 14:00:01.412492 | [Dataset Load] -> "Loading datasets from class Infiltration"
DEBUG | 2026/06/03 14:00:01.423733 | [Dataset Load] -> "Loading datasets from class Mass"
DEBUG | 2026/06/03 14:00:01.431197 | [Dataset Load] -> "Loading datasets from class No Finding"
DEBUG | 2026/06/03 14:00:01.443127 | [Dataset Load] -> "Loading datasets from class Nodule"
DEBUG | 2026/06/03 14:00:01.448166 | [Dataset Load] -> "Loading datasets from class Pleural_Thickening"
DEBUG | 2026/06/03 14:00:01.451009 | [Dataset Load] -> "Loading datasets from class Pneumonia"
DEBUG | 2026/06/03 14:00:01.452630 | [Dataset Load] -> "Loading datasets from class Pneumothorax"
DEBUG | 2026/06/03 14:00:01.457279 | [Dataset Load] -> "Dynamically loaded 22921 datas"
DEBUG | 2026/06/03 14:13:10.855298 | [Dataset Load] -> "Loading datasets from data/train"
DEBUG | 2026/06/03 14:13:10.856106 | [Dataset Load] -> "Loading datasets from class Atelectasis"
DEBUG | 2026/06/03 14:13:10.869492 | [Dataset Load] -> "Loading datasets from class Cardiomegaly"
DEBUG | 2026/06/03 14:13:10.871943 | [Dataset Load] -> "Loading datasets from class Consolidation"
DEBUG | 2026/06/03 14:13:10.876271 | [Dataset Load] -> "Loading datasets from class Edema"
DEBUG | 2026/06/03 14:13:10.882205 | [Dataset Load] -> "Loading datasets from class Effusion"
DEBUG | 2026/06/03 14:13:11.850198 | [Dataset Load] -> "Loading datasets from class Emphysema"
DEBUG | 2026/06/03 14:13:11.852818 | [Dataset Load] -> "Loading datasets from class Fibrosis"
DEBUG | 2026/06/03 14:13:11.855588 | [Dataset Load] -> "Loading datasets from class Hernia"
DEBUG | 2026/06/03 14:13:11.855891 | [Dataset Load] -> "Loading datasets from class Infiltration"
DEBUG | 2026/06/03 14:13:11.863196 | [Dataset Load] -> "Loading datasets from class Mass"
DEBUG | 2026/06/03 14:13:11.870255 | [Dataset Load] -> "Loading datasets from class No Finding"
DEBUG | 2026/06/03 14:13:11.882545 | [Dataset Load] -> "Loading datasets from class Nodule"
DEBUG | 2026/06/03 14:13:11.887004 | [Dataset Load] -> "Loading datasets from class Pleural_Thickening"
DEBUG | 2026/06/03 14:13:11.889616 | [Dataset Load] -> "Loading datasets from class Pneumonia"
DEBUG | 2026/06/03 14:13:11.891204 | [Dataset Load] -> "Loading datasets from class Pneumothorax"
DEBUG | 2026/06/03 14:13:11.893657 | [Dataset Load] -> "Dynamically loaded 22921 datas"
DEBUG | 2026/06/03 14:26:19.626149 | [Dataset Load] -> "Loading datasets from data/train"
DEBUG | 2026/06/03 14:26:19.626876 | [Dataset Load] -> "Loading datasets from class Atelectasis"
DEBUG | 2026/06/03 14:26:19.640211 | [Dataset Load] -> "Loading datasets from class Cardiomegaly"
DEBUG | 2026/06/03 14:26:19.642952 | [Dataset Load] -> "Loading datasets from class Consolidation"
DEBUG | 2026/06/03 14:26:19.646912 | [Dataset Load] -> "Loading datasets from class Edema"
DEBUG | 2026/06/03 14:26:19.652627 | [Dataset Load] -> "Loading datasets from class Effusion"
DEBUG | 2026/06/03 14:26:19.658128 | [Dataset Load] -> "Loading datasets from class Emphysema"
DEBUG | 2026/06/03 14:26:19.660033 | [Dataset Load] -> "Loading datasets from class Fibrosis"
DEBUG | 2026/06/03 14:26:19.662584 | [Dataset Load] -> "Loading datasets from class Hernia"
DEBUG | 2026/06/03 14:26:19.662861 | [Dataset Load] -> "Loading datasets from class Infiltration"
DEBUG | 2026/06/03 14:26:20.236493 | [Dataset Load] -> "Loading datasets from class Mass"
DEBUG | 2026/06/03 14:26:20.243143 | [Dataset Load] -> "Loading datasets from class No Finding"
DEBUG | 2026/06/03 14:26:20.253738 | [Dataset Load] -> "Loading datasets from class Nodule"
DEBUG | 2026/06/03 14:26:20.258170 | [Dataset Load] -> "Loading datasets from class Pleural_Thickening"
DEBUG | 2026/06/03 14:26:20.260725 | [Dataset Load] -> "Loading datasets from class Pneumonia"
DEBUG | 2026/06/03 14:26:20.262296 | [Dataset Load] -> "Loading datasets from class Pneumothorax"
DEBUG | 2026/06/03 14:26:20.264985 | [Dataset Load] -> "Dynamically loaded 22921 datas"
DEBUG | 2026/06/03 14:39:27.641773 | [Dataset Load] -> "Loading datasets from data/train"
DEBUG | 2026/06/03 14:39:27.642745 | [Dataset Load] -> "Loading datasets from class Atelectasis"
DEBUG | 2026/06/03 14:39:27.655676 | [Dataset Load] -> "Loading datasets from class Cardiomegaly"
DEBUG | 2026/06/03 14:39:27.658116 | [Dataset Load] -> "Loading datasets from class Consolidation"
DEBUG | 2026/06/03 14:39:27.661995 | [Dataset Load] -> "Loading datasets from class Edema"
DEBUG | 2026/06/03 14:39:27.667621 | [Dataset Load] -> "Loading datasets from class Effusion"
DEBUG | 2026/06/03 14:39:27.673032 | [Dataset Load] -> "Loading datasets from class Emphysema"
DEBUG | 2026/06/03 14:39:27.675113 | [Dataset Load] -> "Loading datasets from class Fibrosis"
DEBUG | 2026/06/03 14:39:27.677680 | [Dataset Load] -> "Loading datasets from class Hernia"
DEBUG | 2026/06/03 14:39:27.677961 | [Dataset Load] -> "Loading datasets from class Infiltration"
DEBUG | 2026/06/03 14:39:27.684778 | [Dataset Load] -> "Loading datasets from class Mass"
DEBUG | 2026/06/03 14:39:27.691595 | [Dataset Load] -> "Loading datasets from class No Finding"
DEBUG | 2026/06/03 14:39:27.703503 | [Dataset Load] -> "Loading datasets from class Nodule"
DEBUG | 2026/06/03 14:39:27.863765 | [Dataset Load] -> "Loading datasets from class Pleural_Thickening"
DEBUG | 2026/06/03 14:39:27.866961 | [Dataset Load] -> "Loading datasets from class Pneumonia"
DEBUG | 2026/06/03 14:39:27.868574 | [Dataset Load] -> "Loading datasets from class Pneumothorax"
DEBUG | 2026/06/03 14:39:27.871161 | [Dataset Load] -> "Dynamically loaded 22921 datas"
DEBUG | 2026/06/03 14:52:34.957408 | [Dataset Load] -> "Loading datasets from data/train"
DEBUG | 2026/06/03 14:52:34.958012 | [Dataset Load] -> "Loading datasets from class Atelectasis"
DEBUG | 2026/06/03 14:52:34.968591 | [Dataset Load] -> "Loading datasets from class Cardiomegaly"
DEBUG | 2026/06/03 14:52:34.970850 | [Dataset Load] -> "Loading datasets from class Consolidation"
DEBUG | 2026/06/03 14:52:34.974775 | [Dataset Load] -> "Loading datasets from class Edema"
DEBUG | 2026/06/03 14:52:34.979509 | [Dataset Load] -> "Loading datasets from class Effusion"
DEBUG | 2026/06/03 14:52:34.983864 | [Dataset Load] -> "Loading datasets from class Emphysema"
DEBUG | 2026/06/03 14:52:34.985590 | [Dataset Load] -> "Loading datasets from class Fibrosis"
DEBUG | 2026/06/03 14:52:34.987886 | [Dataset Load] -> "Loading datasets from class Hernia"
DEBUG | 2026/06/03 14:52:34.988212 | [Dataset Load] -> "Loading datasets from class Infiltration"
DEBUG | 2026/06/03 14:52:34.997845 | [Dataset Load] -> "Loading datasets from class Mass"
DEBUG | 2026/06/03 14:52:35.004519 | [Dataset Load] -> "Loading datasets from class No Finding"
DEBUG | 2026/06/03 14:52:35.015866 | [Dataset Load] -> "Loading datasets from class Nodule"
DEBUG | 2026/06/03 14:52:35.018681 | [Dataset Load] -> "Loading datasets from class Pleural_Thickening"
DEBUG | 2026/06/03 14:52:35.021258 | [Dataset Load] -> "Loading datasets from class Pneumonia"
DEBUG | 2026/06/03 14:52:35.022842 | [Dataset Load] -> "Loading datasets from class Pneumothorax"
DEBUG | 2026/06/03 14:52:35.025093 | [Dataset Load] -> "Dynamically loaded 22921 datas"
DEBUG | 2026/06/03 15:05:38.517701 | [Dataset Load] -> "Loading datasets from data/train"
DEBUG | 2026/06/03 15:05:38.518703 | [Dataset Load] -> "Loading datasets from class Atelectasis"
DEBUG | 2026/06/03 15:05:38.530847 | [Dataset Load] -> "Loading datasets from class Cardiomegaly"
DEBUG | 2026/06/03 15:05:38.533592 | [Dataset Load] -> "Loading datasets from class Consolidation"
DEBUG | 2026/06/03 15:05:38.538031 | [Dataset Load] -> "Loading datasets from class Edema"
DEBUG | 2026/06/03 15:05:38.543755 | [Dataset Load] -> "Loading datasets from class Effusion"
DEBUG | 2026/06/03 15:05:38.550166 | [Dataset Load] -> "Loading datasets from class Emphysema"
DEBUG | 2026/06/03 15:05:38.552130 | [Dataset Load] -> "Loading datasets from class Fibrosis"
DEBUG | 2026/06/03 15:05:38.554706 | [Dataset Load] -> "Loading datasets from class Hernia"
DEBUG | 2026/06/03 15:05:38.554989 | [Dataset Load] -> "Loading datasets from class Infiltration"
DEBUG | 2026/06/03 15:05:38.562004 | [Dataset Load] -> "Loading datasets from class Mass"
DEBUG | 2026/06/03 15:05:38.568002 | [Dataset Load] -> "Loading datasets from class No Finding"
DEBUG | 2026/06/03 15:05:38.579190 | [Dataset Load] -> "Loading datasets from class Nodule"
DEBUG | 2026/06/03 15:05:38.583698 | [Dataset Load] -> "Loading datasets from class Pleural_Thickening"
DEBUG | 2026/06/03 15:05:38.586506 | [Dataset Load] -> "Loading datasets from class Pneumonia"
DEBUG | 2026/06/03 15:05:38.588126 | [Dataset Load] -> "Loading datasets from class Pneumothorax"
DEBUG | 2026/06/03 15:05:38.590911 | [Dataset Load] -> "Dynamically loaded 22921 datas"
DEBUG | 2026/06/03 15:18:46.093723 | [Dataset Load] -> "Loading datasets from data/train"
DEBUG | 2026/06/03 15:18:46.094734 | [Dataset Load] -> "Loading datasets from class Atelectasis"
DEBUG | 2026/06/03 15:18:46.107717 | [Dataset Load] -> "Loading datasets from class Cardiomegaly"
DEBUG | 2026/06/03 15:18:46.110144 | [Dataset Load] -> "Loading datasets from class Consolidation"
DEBUG | 2026/06/03 15:18:46.113980 | [Dataset Load] -> "Loading datasets from class Edema"
DEBUG | 2026/06/03 15:18:46.119627 | [Dataset Load] -> "Loading datasets from class Effusion"
DEBUG | 2026/06/03 15:18:46.125181 | [Dataset Load] -> "Loading datasets from class Emphysema"
DEBUG | 2026/06/03 15:18:46.127105 | [Dataset Load] -> "Loading datasets from class Fibrosis"
DEBUG | 2026/06/03 15:18:46.129680 | [Dataset Load] -> "Loading datasets from class Hernia"
DEBUG | 2026/06/03 15:18:46.129951 | [Dataset Load] -> "Loading datasets from class Infiltration"
DEBUG | 2026/06/03 15:18:46.136824 | [Dataset Load] -> "Loading datasets from class Mass"
DEBUG | 2026/06/03 15:18:46.142772 | [Dataset Load] -> "Loading datasets from class No Finding"
DEBUG | 2026/06/03 15:18:46.154410 | [Dataset Load] -> "Loading datasets from class Nodule"
DEBUG | 2026/06/03 15:18:46.159148 | [Dataset Load] -> "Loading datasets from class Pleural_Thickening"
DEBUG | 2026/06/03 15:18:46.161813 | [Dataset Load] -> "Loading datasets from class Pneumonia"
DEBUG | 2026/06/03 15:18:46.163374 | [Dataset Load] -> "Loading datasets from class Pneumothorax"
DEBUG | 2026/06/03 15:18:46.166143 | [Dataset Load] -> "Dynamically loaded 22921 datas"
DEBUG | 2026/06/03 15:31:51.631994 | [Dataset Load] -> "Loading datasets from data/train"
DEBUG | 2026/06/03 15:31:51.632793 | [Dataset Load] -> "Loading datasets from class Atelectasis"
DEBUG | 2026/06/03 15:31:51.645816 | [Dataset Load] -> "Loading datasets from class Cardiomegaly"
DEBUG | 2026/06/03 15:31:51.648358 | [Dataset Load] -> "Loading datasets from class Consolidation"
DEBUG | 2026/06/03 15:31:51.652172 | [Dataset Load] -> "Loading datasets from class Edema"
DEBUG | 2026/06/03 15:31:51.658111 | [Dataset Load] -> "Loading datasets from class Effusion"
DEBUG | 2026/06/03 15:31:51.663696 | [Dataset Load] -> "Loading datasets from class Emphysema"
DEBUG | 2026/06/03 15:31:51.665692 | [Dataset Load] -> "Loading datasets from class Fibrosis"
DEBUG | 2026/06/03 15:31:51.668231 | [Dataset Load] -> "Loading datasets from class Hernia"
DEBUG | 2026/06/03 15:31:51.668510 | [Dataset Load] -> "Loading datasets from class Infiltration"
DEBUG | 2026/06/03 15:31:51.675204 | [Dataset Load] -> "Loading datasets from class Mass"
DEBUG | 2026/06/03 15:31:51.681380 | [Dataset Load] -> "Loading datasets from class No Finding"
DEBUG | 2026/06/03 15:31:51.693028 | [Dataset Load] -> "Loading datasets from class Nodule"
DEBUG | 2026/06/03 15:31:51.697545 | [Dataset Load] -> "Loading datasets from class Pleural_Thickening"
DEBUG | 2026/06/03 15:31:51.700326 | [Dataset Load] -> "Loading datasets from class Pneumonia"
DEBUG | 2026/06/03 15:31:51.701895 | [Dataset Load] -> "Loading datasets from class Pneumothorax"
DEBUG | 2026/06/03 15:31:51.704472 | [Dataset Load] -> "Dynamically loaded 22921 datas"
DEBUG | 2026/06/03 15:44:57.350555 | [Dataset Load] -> "Loading datasets from data/train"
DEBUG | 2026/06/03 15:44:57.351480 | [Dataset Load] -> "Loading datasets from class Atelectasis"
DEBUG | 2026/06/03 15:44:57.364109 | [Dataset Load] -> "Loading datasets from class Cardiomegaly"
DEBUG | 2026/06/03 15:44:57.367046 | [Dataset Load] -> "Loading datasets from class Consolidation"
DEBUG | 2026/06/03 15:44:57.371161 | [Dataset Load] -> "Loading datasets from class Edema"
DEBUG | 2026/06/03 15:44:57.376921 | [Dataset Load] -> "Loading datasets from class Effusion"
DEBUG | 2026/06/03 15:44:57.382476 | [Dataset Load] -> "Loading datasets from class Emphysema"
DEBUG | 2026/06/03 15:44:57.384415 | [Dataset Load] -> "Loading datasets from class Fibrosis"
DEBUG | 2026/06/03 15:44:57.387053 | [Dataset Load] -> "Loading datasets from class Hernia"
DEBUG | 2026/06/03 15:44:57.387323 | [Dataset Load] -> "Loading datasets from class Infiltration"
DEBUG | 2026/06/03 15:44:57.393995 | [Dataset Load] -> "Loading datasets from class Mass"
DEBUG | 2026/06/03 15:44:57.400116 | [Dataset Load] -> "Loading datasets from class No Finding"
DEBUG | 2026/06/03 15:44:57.411716 | [Dataset Load] -> "Loading datasets from class Nodule"
DEBUG | 2026/06/03 15:44:57.416152 | [Dataset Load] -> "Loading datasets from class Pleural_Thickening"
DEBUG | 2026/06/03 15:44:57.418795 | [Dataset Load] -> "Loading datasets from class Pneumonia"
DEBUG | 2026/06/03 15:44:57.420417 | [Dataset Load] -> "Loading datasets from class Pneumothorax"
DEBUG | 2026/06/03 15:44:57.423078 | [Dataset Load] -> "Dynamically loaded 22921 datas"
DEBUG | 2026/06/03 15:58:02.801267 | [Dataset Load] -> "Loading datasets from data/train"
DEBUG | 2026/06/03 15:58:02.801963 | [Dataset Load] -> "Loading datasets from class Atelectasis"
DEBUG | 2026/06/03 15:58:02.812152 | [Dataset Load] -> "Loading datasets from class Cardiomegaly"
DEBUG | 2026/06/03 15:58:02.815451 | [Dataset Load] -> "Loading datasets from class Consolidation"
DEBUG | 2026/06/03 15:58:02.821376 | [Dataset Load] -> "Loading datasets from class Edema"
DEBUG | 2026/06/03 15:58:02.826301 | [Dataset Load] -> "Loading datasets from class Effusion"
DEBUG | 2026/06/03 15:58:02.830165 | [Dataset Load] -> "Loading datasets from class Emphysema"
DEBUG | 2026/06/03 15:58:02.832789 | [Dataset Load] -> "Loading datasets from class Fibrosis"
DEBUG | 2026/06/03 15:58:02.835059 | [Dataset Load] -> "Loading datasets from class Hernia"
DEBUG | 2026/06/03 15:58:02.835361 | [Dataset Load] -> "Loading datasets from class Infiltration"
DEBUG | 2026/06/03 15:58:02.844305 | [Dataset Load] -> "Loading datasets from class Mass"
DEBUG | 2026/06/03 15:58:02.849602 | [Dataset Load] -> "Loading datasets from class No Finding"
DEBUG | 2026/06/03 15:58:02.855243 | [Dataset Load] -> "Loading datasets from class Nodule"
DEBUG | 2026/06/03 15:58:02.858049 | [Dataset Load] -> "Loading datasets from class Pleural_Thickening"
DEBUG | 2026/06/03 15:58:02.860228 | [Dataset Load] -> "Loading datasets from class Pneumonia"
DEBUG | 2026/06/03 15:58:02.860485 | [Dataset Load] -> "Loading datasets from class Pneumothorax"
DEBUG | 2026/06/03 15:58:02.862662 | [Dataset Load] -> "Dynamically loaded 22921 datas"
DEBUG | 2026/06/03 16:11:09.506999 | [Dataset Load] -> "Loading datasets from data/train"
DEBUG | 2026/06/03 16:11:09.507679 | [Dataset Load] -> "Loading datasets from class Atelectasis"
DEBUG | 2026/06/03 16:11:09.521737 | [Dataset Load] -> "Loading datasets from class Cardiomegaly"
DEBUG | 2026/06/03 16:11:09.524252 | [Dataset Load] -> "Loading datasets from class Consolidation"
DEBUG | 2026/06/03 16:11:09.529715 | [Dataset Load] -> "Loading datasets from class Edema"
DEBUG | 2026/06/03 16:11:09.537465 | [Dataset Load] -> "Loading datasets from class Effusion"
DEBUG | 2026/06/03 16:11:09.543205 | [Dataset Load] -> "Loading datasets from class Emphysema"
DEBUG | 2026/06/03 16:11:09.545175 | [Dataset Load] -> "Loading datasets from class Fibrosis"
DEBUG | 2026/06/03 16:11:09.547739 | [Dataset Load] -> "Loading datasets from class Hernia"
DEBUG | 2026/06/03 16:11:09.548014 | [Dataset Load] -> "Loading datasets from class Infiltration"
DEBUG | 2026/06/03 16:11:09.554720 | [Dataset Load] -> "Loading datasets from class Mass"
DEBUG | 2026/06/03 16:11:09.560614 | [Dataset Load] -> "Loading datasets from class No Finding"
DEBUG | 2026/06/03 16:11:09.572152 | [Dataset Load] -> "Loading datasets from class Nodule"
DEBUG | 2026/06/03 16:11:09.576661 | [Dataset Load] -> "Loading datasets from class Pleural_Thickening"
DEBUG | 2026/06/03 16:11:09.579258 | [Dataset Load] -> "Loading datasets from class Pneumonia"
DEBUG | 2026/06/03 16:11:09.580980 | [Dataset Load] -> "Loading datasets from class Pneumothorax"
DEBUG | 2026/06/03 16:11:09.583623 | [Dataset Load] -> "Dynamically loaded 22921 datas"
DEBUG | 2026/06/03 16:24:13.371267 | [Dataset Load] -> "Loading datasets from data/train"
DEBUG | 2026/06/03 16:24:13.372045 | [Dataset Load] -> "Loading datasets from class Atelectasis"
DEBUG | 2026/06/03 16:24:13.384985 | [Dataset Load] -> "Loading datasets from class Cardiomegaly"
DEBUG | 2026/06/03 16:24:13.387448 | [Dataset Load] -> "Loading datasets from class Consolidation"
DEBUG | 2026/06/03 16:24:13.391841 | [Dataset Load] -> "Loading datasets from class Edema"
DEBUG | 2026/06/03 16:24:13.398154 | [Dataset Load] -> "Loading datasets from class Effusion"
DEBUG | 2026/06/03 16:24:13.403745 | [Dataset Load] -> "Loading datasets from class Emphysema"
DEBUG | 2026/06/03 16:24:13.405669 | [Dataset Load] -> "Loading datasets from class Fibrosis"
DEBUG | 2026/06/03 16:24:13.408185 | [Dataset Load] -> "Loading datasets from class Hernia"
DEBUG | 2026/06/03 16:24:13.408466 | [Dataset Load] -> "Loading datasets from class Infiltration"
DEBUG | 2026/06/03 16:24:13.415183 | [Dataset Load] -> "Loading datasets from class Mass"
DEBUG | 2026/06/03 16:24:13.421468 | [Dataset Load] -> "Loading datasets from class No Finding"
DEBUG | 2026/06/03 16:24:13.433126 | [Dataset Load] -> "Loading datasets from class Nodule"
DEBUG | 2026/06/03 16:24:13.437719 | [Dataset Load] -> "Loading datasets from class Pleural_Thickening"
DEBUG | 2026/06/03 16:24:13.440430 | [Dataset Load] -> "Loading datasets from class Pneumonia"
DEBUG | 2026/06/03 16:24:13.442111 | [Dataset Load] -> "Loading datasets from class Pneumothorax"
DEBUG | 2026/06/03 16:24:13.444833 | [Dataset Load] -> "Dynamically loaded 22921 datas"
DEBUG | 2026/06/03 16:37:15.955548 | [Dataset Load] -> "Loading datasets from data/train"
DEBUG | 2026/06/03 16:37:15.956343 | [Dataset Load] -> "Loading datasets from class Atelectasis"
DEBUG | 2026/06/03 16:37:15.969881 | [Dataset Load] -> "Loading datasets from class Cardiomegaly"
DEBUG | 2026/06/03 16:37:15.972354 | [Dataset Load] -> "Loading datasets from class Consolidation"
DEBUG | 2026/06/03 16:37:15.976268 | [Dataset Load] -> "Loading datasets from class Edema"
DEBUG | 2026/06/03 16:37:15.982015 | [Dataset Load] -> "Loading datasets from class Effusion"
DEBUG | 2026/06/03 16:37:15.987550 | [Dataset Load] -> "Loading datasets from class Emphysema"
DEBUG | 2026/06/03 16:37:15.989491 | [Dataset Load] -> "Loading datasets from class Fibrosis"
DEBUG | 2026/06/03 16:37:15.992053 | [Dataset Load] -> "Loading datasets from class Hernia"
DEBUG | 2026/06/03 16:37:15.992337 | [Dataset Load] -> "Loading datasets from class Infiltration"
DEBUG | 2026/06/03 16:37:15.999224 | [Dataset Load] -> "Loading datasets from class Mass"
DEBUG | 2026/06/03 16:37:16.005350 | [Dataset Load] -> "Loading datasets from class No Finding"
DEBUG | 2026/06/03 16:37:16.019664 | [Dataset Load] -> "Loading datasets from class Nodule"
DEBUG | 2026/06/03 16:37:16.026989 | [Dataset Load] -> "Loading datasets from class Pleural_Thickening"
DEBUG | 2026/06/03 16:37:16.030425 | [Dataset Load] -> "Loading datasets from class Pneumonia"
DEBUG | 2026/06/03 16:37:16.030867 | [Dataset Load] -> "Loading datasets from class Pneumothorax"
DEBUG | 2026/06/03 16:37:16.034229 | [Dataset Load] -> "Dynamically loaded 22921 datas"
DEBUG | 2026/06/03 16:50:20.708479 | [Dataset Load] -> "Loading datasets from data/train"
DEBUG | 2026/06/03 16:50:20.709324 | [Dataset Load] -> "Loading datasets from class Atelectasis"
DEBUG | 2026/06/03 16:50:20.722387 | [Dataset Load] -> "Loading datasets from class Cardiomegaly"
DEBUG | 2026/06/03 16:50:20.725088 | [Dataset Load] -> "Loading datasets from class Consolidation"
DEBUG | 2026/06/03 16:50:20.728934 | [Dataset Load] -> "Loading datasets from class Edema"
DEBUG | 2026/06/03 16:50:20.734599 | [Dataset Load] -> "Loading datasets from class Effusion"
DEBUG | 2026/06/03 16:50:20.741350 | [Dataset Load] -> "Loading datasets from class Emphysema"
DEBUG | 2026/06/03 16:50:20.743359 | [Dataset Load] -> "Loading datasets from class Fibrosis"
DEBUG | 2026/06/03 16:50:20.745883 | [Dataset Load] -> "Loading datasets from class Hernia"
DEBUG | 2026/06/03 16:50:20.746162 | [Dataset Load] -> "Loading datasets from class Infiltration"
DEBUG | 2026/06/03 16:50:20.753051 | [Dataset Load] -> "Loading datasets from class Mass"
DEBUG | 2026/06/03 16:50:20.759137 | [Dataset Load] -> "Loading datasets from class No Finding"
DEBUG | 2026/06/03 16:50:20.770903 | [Dataset Load] -> "Loading datasets from class Nodule"
DEBUG | 2026/06/03 16:50:20.775496 | [Dataset Load] -> "Loading datasets from class Pleural_Thickening"
DEBUG | 2026/06/03 16:50:20.778062 | [Dataset Load] -> "Loading datasets from class Pneumonia"
DEBUG | 2026/06/03 16:50:20.779762 | [Dataset Load] -> "Loading datasets from class Pneumothorax"
DEBUG | 2026/06/03 16:50:20.782322 | [Dataset Load] -> "Dynamically loaded 22921 datas"
DEBUG | 2026/06/03 17:03:27.125258 | [Dataset Load] -> "Loading datasets from data/train"
DEBUG | 2026/06/03 17:03:27.126003 | [Dataset Load] -> "Loading datasets from class Atelectasis"
DEBUG | 2026/06/03 17:03:27.144320 | [Dataset Load] -> "Loading datasets from class Cardiomegaly"
DEBUG | 2026/06/03 17:03:27.147014 | [Dataset Load] -> "Loading datasets from class Consolidation"
DEBUG | 2026/06/03 17:03:27.151201 | [Dataset Load] -> "Loading datasets from class Edema"
DEBUG | 2026/06/03 17:03:27.157116 | [Dataset Load] -> "Loading datasets from class Effusion"
DEBUG | 2026/06/03 17:03:27.164272 | [Dataset Load] -> "Loading datasets from class Emphysema"
DEBUG | 2026/06/03 17:03:27.166232 | [Dataset Load] -> "Loading datasets from class Fibrosis"
DEBUG | 2026/06/03 17:03:27.168780 | [Dataset Load] -> "Loading datasets from class Hernia"
DEBUG | 2026/06/03 17:03:27.168874 | [Dataset Load] -> "Loading datasets from class Infiltration"
DEBUG | 2026/06/03 17:03:27.176664 | [Dataset Load] -> "Loading datasets from class Mass"
DEBUG | 2026/06/03 17:03:27.182901 | [Dataset Load] -> "Loading datasets from class No Finding"
DEBUG | 2026/06/03 17:03:27.194087 | [Dataset Load] -> "Loading datasets from class Nodule"
DEBUG | 2026/06/03 17:03:27.198588 | [Dataset Load] -> "Loading datasets from class Pleural_Thickening"
DEBUG | 2026/06/03 17:03:27.201162 | [Dataset Load] -> "Loading datasets from class Pneumonia"
DEBUG | 2026/06/03 17:03:27.202775 | [Dataset Load] -> "Loading datasets from class Pneumothorax"
DEBUG | 2026/06/03 17:03:27.206092 | [Dataset Load] -> "Dynamically loaded 22921 datas"
DEBUG | 2026/06/03 17:16:35.406641 | [Dataset Load] -> "Loading datasets from data/train"
DEBUG | 2026/06/03 17:16:35.407452 | [Dataset Load] -> "Loading datasets from class Atelectasis"
DEBUG | 2026/06/03 17:16:35.420378 | [Dataset Load] -> "Loading datasets from class Cardiomegaly"
DEBUG | 2026/06/03 17:16:35.422807 | [Dataset Load] -> "Loading datasets from class Consolidation"
DEBUG | 2026/06/03 17:16:35.426615 | [Dataset Load] -> "Loading datasets from class Edema"
DEBUG | 2026/06/03 17:16:35.432331 | [Dataset Load] -> "Loading datasets from class Effusion"
DEBUG | 2026/06/03 17:16:35.437942 | [Dataset Load] -> "Loading datasets from class Emphysema"
DEBUG | 2026/06/03 17:16:35.439898 | [Dataset Load] -> "Loading datasets from class Fibrosis"
DEBUG | 2026/06/03 17:16:35.442448 | [Dataset Load] -> "Loading datasets from class Hernia"
DEBUG | 2026/06/03 17:16:35.442734 | [Dataset Load] -> "Loading datasets from class Infiltration"
DEBUG | 2026/06/03 17:16:35.449823 | [Dataset Load] -> "Loading datasets from class Mass"
DEBUG | 2026/06/03 17:16:35.455936 | [Dataset Load] -> "Loading datasets from class No Finding"
DEBUG | 2026/06/03 17:16:35.467456 | [Dataset Load] -> "Loading datasets from class Nodule"
DEBUG | 2026/06/03 17:16:35.472051 | [Dataset Load] -> "Loading datasets from class Pleural_Thickening"
DEBUG | 2026/06/03 17:16:35.474719 | [Dataset Load] -> "Loading datasets from class Pneumonia"
DEBUG | 2026/06/03 17:16:35.476376 | [Dataset Load] -> "Loading datasets from class Pneumothorax"
DEBUG | 2026/06/03 17:16:35.478893 | [Dataset Load] -> "Dynamically loaded 22921 datas"
DEBUG | 2026/06/03 17:29:43.334294 | [Dataset Load] -> "Loading datasets from data/train"
DEBUG | 2026/06/03 17:29:43.335017 | [Dataset Load] -> "Loading datasets from class Atelectasis"
DEBUG | 2026/06/03 17:29:43.348022 | [Dataset Load] -> "Loading datasets from class Cardiomegaly"
DEBUG | 2026/06/03 17:29:43.350501 | [Dataset Load] -> "Loading datasets from class Consolidation"
DEBUG | 2026/06/03 17:29:43.354423 | [Dataset Load] -> "Loading datasets from class Edema"
DEBUG | 2026/06/03 17:29:43.360174 | [Dataset Load] -> "Loading datasets from class Effusion"
DEBUG | 2026/06/03 17:29:43.365965 | [Dataset Load] -> "Loading datasets from class Emphysema"
DEBUG | 2026/06/03 17:29:43.367933 | [Dataset Load] -> "Loading datasets from class Fibrosis"
DEBUG | 2026/06/03 17:29:43.370475 | [Dataset Load] -> "Loading datasets from class Hernia"
DEBUG | 2026/06/03 17:29:43.370747 | [Dataset Load] -> "Loading datasets from class Infiltration"
DEBUG | 2026/06/03 17:29:43.377439 | [Dataset Load] -> "Loading datasets from class Mass"
DEBUG | 2026/06/03 17:29:43.383491 | [Dataset Load] -> "Loading datasets from class No Finding"
DEBUG | 2026/06/03 17:29:43.396156 | [Dataset Load] -> "Loading datasets from class Nodule"
DEBUG | 2026/06/03 17:29:43.400742 | [Dataset Load] -> "Loading datasets from class Pleural_Thickening"
DEBUG | 2026/06/03 17:29:43.403513 | [Dataset Load] -> "Loading datasets from class Pneumonia"
DEBUG | 2026/06/03 17:29:43.405130 | [Dataset Load] -> "Loading datasets from class Pneumothorax"
DEBUG | 2026/06/03 17:29:43.407778 | [Dataset Load] -> "Dynamically loaded 22921 datas"
DEBUG | 2026/06/03 17:42:49.375212 | [Dataset Load] -> "Loading datasets from data/train"
DEBUG | 2026/06/03 17:42:49.375954 | [Dataset Load] -> "Loading datasets from class Atelectasis"
DEBUG | 2026/06/03 17:42:49.389597 | [Dataset Load] -> "Loading datasets from class Cardiomegaly"
DEBUG | 2026/06/03 17:42:49.392858 | [Dataset Load] -> "Loading datasets from class Consolidation"
DEBUG | 2026/06/03 17:42:49.398322 | [Dataset Load] -> "Loading datasets from class Edema"
DEBUG | 2026/06/03 17:42:49.403971 | [Dataset Load] -> "Loading datasets from class Effusion"
DEBUG | 2026/06/03 17:42:49.409480 | [Dataset Load] -> "Loading datasets from class Emphysema"
DEBUG | 2026/06/03 17:42:49.411372 | [Dataset Load] -> "Loading datasets from class Fibrosis"
DEBUG | 2026/06/03 17:42:49.413874 | [Dataset Load] -> "Loading datasets from class Hernia"
DEBUG | 2026/06/03 17:42:49.414144 | [Dataset Load] -> "Loading datasets from class Infiltration"
DEBUG | 2026/06/03 17:42:49.420745 | [Dataset Load] -> "Loading datasets from class Mass"
DEBUG | 2026/06/03 17:42:49.426963 | [Dataset Load] -> "Loading datasets from class No Finding"
DEBUG | 2026/06/03 17:42:49.437072 | [Dataset Load] -> "Loading datasets from class Nodule"
DEBUG | 2026/06/03 17:42:49.442152 | [Dataset Load] -> "Loading datasets from class Pleural_Thickening"
DEBUG | 2026/06/03 17:42:49.445529 | [Dataset Load] -> "Loading datasets from class Pneumonia"
DEBUG | 2026/06/03 17:42:49.446202 | [Dataset Load] -> "Loading datasets from class Pneumothorax"
DEBUG | 2026/06/03 17:42:49.449812 | [Dataset Load] -> "Dynamically loaded 22921 datas"
DEBUG | 2026/06/03 17:55:55.851336 | [Dataset Load] -> "Loading datasets from data/train"
DEBUG | 2026/06/03 17:55:55.852084 | [Dataset Load] -> "Loading datasets from class Atelectasis"
DEBUG | 2026/06/03 17:55:55.865762 | [Dataset Load] -> "Loading datasets from class Cardiomegaly"
DEBUG | 2026/06/03 17:55:55.868469 | [Dataset Load] -> "Loading datasets from class Consolidation"
DEBUG | 2026/06/03 17:55:55.872462 | [Dataset Load] -> "Loading datasets from class Edema"
DEBUG | 2026/06/03 17:55:55.877824 | [Dataset Load] -> "Loading datasets from class Effusion"
DEBUG | 2026/06/03 17:55:55.883431 | [Dataset Load] -> "Loading datasets from class Emphysema"
DEBUG | 2026/06/03 17:55:55.885382 | [Dataset Load] -> "Loading datasets from class Fibrosis"
DEBUG | 2026/06/03 17:55:55.887919 | [Dataset Load] -> "Loading datasets from class Hernia"
DEBUG | 2026/06/03 17:55:55.888201 | [Dataset Load] -> "Loading datasets from class Infiltration"
DEBUG | 2026/06/03 17:55:55.895142 | [Dataset Load] -> "Loading datasets from class Mass"
DEBUG | 2026/06/03 17:55:55.901308 | [Dataset Load] -> "Loading datasets from class No Finding"
DEBUG | 2026/06/03 17:55:55.913827 | [Dataset Load] -> "Loading datasets from class Nodule"
DEBUG | 2026/06/03 17:55:55.918459 | [Dataset Load] -> "Loading datasets from class Pleural_Thickening"
DEBUG | 2026/06/03 17:55:55.921076 | [Dataset Load] -> "Loading datasets from class Pneumonia"
DEBUG | 2026/06/03 17:55:55.922752 | [Dataset Load] -> "Loading datasets from class Pneumothorax"
DEBUG | 2026/06/03 17:55:55.925225 | [Dataset Load] -> "Dynamically loaded 22921 datas"
DEBUG | 2026/06/03 18:09:02.123609 | [Dataset Load] -> "Loading datasets from data/train"
DEBUG | 2026/06/03 18:09:02.124440 | [Dataset Load] -> "Loading datasets from class Atelectasis"
DEBUG | 2026/06/03 18:09:02.138109 | [Dataset Load] -> "Loading datasets from class Cardiomegaly"
DEBUG | 2026/06/03 18:09:02.140707 | [Dataset Load] -> "Loading datasets from class Consolidation"
DEBUG | 2026/06/03 18:09:02.144715 | [Dataset Load] -> "Loading datasets from class Edema"
DEBUG | 2026/06/03 18:09:02.150132 | [Dataset Load] -> "Loading datasets from class Effusion"
DEBUG | 2026/06/03 18:09:02.156087 | [Dataset Load] -> "Loading datasets from class Emphysema"
DEBUG | 2026/06/03 18:09:02.158817 | [Dataset Load] -> "Loading datasets from class Fibrosis"
DEBUG | 2026/06/03 18:09:02.161534 | [Dataset Load] -> "Loading datasets from class Hernia"
DEBUG | 2026/06/03 18:09:02.161825 | [Dataset Load] -> "Loading datasets from class Infiltration"
DEBUG | 2026/06/03 18:09:02.168586 | [Dataset Load] -> "Loading datasets from class Mass"
DEBUG | 2026/06/03 18:09:02.176837 | [Dataset Load] -> "Loading datasets from class No Finding"
DEBUG | 2026/06/03 18:09:02.188607 | [Dataset Load] -> "Loading datasets from class Nodule"
DEBUG | 2026/06/03 18:09:02.193082 | [Dataset Load] -> "Loading datasets from class Pleural_Thickening"
DEBUG | 2026/06/03 18:09:02.195719 | [Dataset Load] -> "Loading datasets from class Pneumonia"
DEBUG | 2026/06/03 18:09:02.197388 | [Dataset Load] -> "Loading datasets from class Pneumothorax"
DEBUG | 2026/06/03 18:09:02.199929 | [Dataset Load] -> "Dynamically loaded 22921 datas"
DEBUG | 2026/06/03 18:22:09.824686 | [Dataset Load] -> "Loading datasets from data/train"
DEBUG | 2026/06/03 18:22:09.825732 | [Dataset Load] -> "Loading datasets from class Atelectasis"
DEBUG | 2026/06/03 18:22:09.837966 | [Dataset Load] -> "Loading datasets from class Cardiomegaly"
DEBUG | 2026/06/03 18:22:09.840382 | [Dataset Load] -> "Loading datasets from class Consolidation"
DEBUG | 2026/06/03 18:22:09.844170 | [Dataset Load] -> "Loading datasets from class Edema"
DEBUG | 2026/06/03 18:22:09.849872 | [Dataset Load] -> "Loading datasets from class Effusion"
DEBUG | 2026/06/03 18:22:09.855330 | [Dataset Load] -> "Loading datasets from class Emphysema"
DEBUG | 2026/06/03 18:22:09.857388 | [Dataset Load] -> "Loading datasets from class Fibrosis"
DEBUG | 2026/06/03 18:22:09.859900 | [Dataset Load] -> "Loading datasets from class Hernia"
DEBUG | 2026/06/03 18:22:09.860176 | [Dataset Load] -> "Loading datasets from class Infiltration"
DEBUG | 2026/06/03 18:22:09.866819 | [Dataset Load] -> "Loading datasets from class Mass"
DEBUG | 2026/06/03 18:22:09.873097 | [Dataset Load] -> "Loading datasets from class No Finding"
DEBUG | 2026/06/03 18:22:09.884669 | [Dataset Load] -> "Loading datasets from class Nodule"
DEBUG | 2026/06/03 18:22:09.889655 | [Dataset Load] -> "Loading datasets from class Pleural_Thickening"
DEBUG | 2026/06/03 18:22:09.892416 | [Dataset Load] -> "Loading datasets from class Pneumonia"
DEBUG | 2026/06/03 18:22:09.894010 | [Dataset Load] -> "Loading datasets from class Pneumothorax"
DEBUG | 2026/06/03 18:22:09.896532 | [Dataset Load] -> "Dynamically loaded 22921 datas"
DEBUG | 2026/06/03 18:35:18.915807 | [Dataset Load] -> "Loading datasets from data/train"
DEBUG | 2026/06/03 18:35:18.916725 | [Dataset Load] -> "Loading datasets from class Atelectasis"
DEBUG | 2026/06/03 18:35:18.926244 | [Dataset Load] -> "Loading datasets from class Cardiomegaly"
DEBUG | 2026/06/03 18:35:18.930222 | [Dataset Load] -> "Loading datasets from class Consolidation"
DEBUG | 2026/06/03 18:35:18.936961 | [Dataset Load] -> "Loading datasets from class Edema"
DEBUG | 2026/06/03 18:35:18.943554 | [Dataset Load] -> "Loading datasets from class Effusion"
DEBUG | 2026/06/03 18:35:18.949061 | [Dataset Load] -> "Loading datasets from class Emphysema"
DEBUG | 2026/06/03 18:35:18.951194 | [Dataset Load] -> "Loading datasets from class Fibrosis"
DEBUG | 2026/06/03 18:35:18.953703 | [Dataset Load] -> "Loading datasets from class Hernia"
DEBUG | 2026/06/03 18:35:18.953982 | [Dataset Load] -> "Loading datasets from class Infiltration"
DEBUG | 2026/06/03 18:35:18.960582 | [Dataset Load] -> "Loading datasets from class Mass"
DEBUG | 2026/06/03 18:35:18.966568 | [Dataset Load] -> "Loading datasets from class No Finding"
DEBUG | 2026/06/03 18:35:18.978153 | [Dataset Load] -> "Loading datasets from class Nodule"
DEBUG | 2026/06/03 18:35:18.982821 | [Dataset Load] -> "Loading datasets from class Pleural_Thickening"
DEBUG | 2026/06/03 18:35:18.985543 | [Dataset Load] -> "Loading datasets from class Pneumonia"
DEBUG | 2026/06/03 18:35:18.987133 | [Dataset Load] -> "Loading datasets from class Pneumothorax"
DEBUG | 2026/06/03 18:35:18.989668 | [Dataset Load] -> "Dynamically loaded 22921 datas"
DEBUG | 2026/06/03 18:48:26.809746 | [Dataset Load] -> "Loading datasets from data/train"
DEBUG | 2026/06/03 18:48:26.810734 | [Dataset Load] -> "Loading datasets from class Atelectasis"
DEBUG | 2026/06/03 18:48:26.824298 | [Dataset Load] -> "Loading datasets from class Cardiomegaly"
DEBUG | 2026/06/03 18:48:26.827014 | [Dataset Load] -> "Loading datasets from class Consolidation"
DEBUG | 2026/06/03 18:48:26.831271 | [Dataset Load] -> "Loading datasets from class Edema"
DEBUG | 2026/06/03 18:48:26.836830 | [Dataset Load] -> "Loading datasets from class Effusion"
DEBUG | 2026/06/03 18:48:26.842407 | [Dataset Load] -> "Loading datasets from class Emphysema"
DEBUG | 2026/06/03 18:48:26.844322 | [Dataset Load] -> "Loading datasets from class Fibrosis"
DEBUG | 2026/06/03 18:48:26.846836 | [Dataset Load] -> "Loading datasets from class Hernia"
DEBUG | 2026/06/03 18:48:26.847107 | [Dataset Load] -> "Loading datasets from class Infiltration"
DEBUG | 2026/06/03 18:48:26.853588 | [Dataset Load] -> "Loading datasets from class Mass"
DEBUG | 2026/06/03 18:48:26.859555 | [Dataset Load] -> "Loading datasets from class No Finding"
DEBUG | 2026/06/03 18:48:26.871317 | [Dataset Load] -> "Loading datasets from class Nodule"
DEBUG | 2026/06/03 18:48:26.875725 | [Dataset Load] -> "Loading datasets from class Pleural_Thickening"
DEBUG | 2026/06/03 18:48:26.878474 | [Dataset Load] -> "Loading datasets from class Pneumonia"
DEBUG | 2026/06/03 18:48:26.880139 | [Dataset Load] -> "Loading datasets from class Pneumothorax"
DEBUG | 2026/06/03 18:48:26.882665 | [Dataset Load] -> "Dynamically loaded 22921 datas"
DEBUG | 2026/06/03 19:01:38.258254 | [Dataset Load] -> "Loading datasets from data/train"
DEBUG | 2026/06/03 19:01:38.259034 | [Dataset Load] -> "Loading datasets from class Atelectasis"
DEBUG | 2026/06/03 19:01:38.273196 | [Dataset Load] -> "Loading datasets from class Cardiomegaly"
DEBUG | 2026/06/03 19:01:38.275637 | [Dataset Load] -> "Loading datasets from class Consolidation"
DEBUG | 2026/06/03 19:01:38.279450 | [Dataset Load] -> "Loading datasets from class Edema"
DEBUG | 2026/06/03 19:01:38.285114 | [Dataset Load] -> "Loading datasets from class Effusion"
DEBUG | 2026/06/03 19:01:38.290594 | [Dataset Load] -> "Loading datasets from class Emphysema"
DEBUG | 2026/06/03 19:01:38.292486 | [Dataset Load] -> "Loading datasets from class Fibrosis"
DEBUG | 2026/06/03 19:01:38.294999 | [Dataset Load] -> "Loading datasets from class Hernia"
DEBUG | 2026/06/03 19:01:38.295276 | [Dataset Load] -> "Loading datasets from class Infiltration"
DEBUG | 2026/06/03 19:01:38.301673 | [Dataset Load] -> "Loading datasets from class Mass"
DEBUG | 2026/06/03 19:01:38.307900 | [Dataset Load] -> "Loading datasets from class No Finding"
DEBUG | 2026/06/03 19:01:38.319592 | [Dataset Load] -> "Loading datasets from class Nodule"
DEBUG | 2026/06/03 19:01:38.324052 | [Dataset Load] -> "Loading datasets from class Pleural_Thickening"
DEBUG | 2026/06/03 19:01:38.326720 | [Dataset Load] -> "Loading datasets from class Pneumonia"
DEBUG | 2026/06/03 19:01:38.328387 | [Dataset Load] -> "Loading datasets from class Pneumothorax"
DEBUG | 2026/06/03 19:01:38.330932 | [Dataset Load] -> "Dynamically loaded 22921 datas"
DEBUG | 2026/06/03 19:14:44.985485 | [Dataset Load] -> "Loading datasets from data/train"
DEBUG | 2026/06/03 19:14:44.986249 | [Dataset Load] -> "Loading datasets from class Atelectasis"
DEBUG | 2026/06/03 19:14:45.004659 | [Dataset Load] -> "Loading datasets from class Cardiomegaly"
DEBUG | 2026/06/03 19:14:45.007907 | [Dataset Load] -> "Loading datasets from class Consolidation"
DEBUG | 2026/06/03 19:14:45.012099 | [Dataset Load] -> "Loading datasets from class Edema"
DEBUG | 2026/06/03 19:14:45.018346 | [Dataset Load] -> "Loading datasets from class Effusion"
DEBUG | 2026/06/03 19:14:45.024095 | [Dataset Load] -> "Loading datasets from class Emphysema"
DEBUG | 2026/06/03 19:14:45.026123 | [Dataset Load] -> "Loading datasets from class Fibrosis"
DEBUG | 2026/06/03 19:14:45.028665 | [Dataset Load] -> "Loading datasets from class Hernia"
DEBUG | 2026/06/03 19:14:45.028952 | [Dataset Load] -> "Loading datasets from class Infiltration"
DEBUG | 2026/06/03 19:14:45.035932 | [Dataset Load] -> "Loading datasets from class Mass"
DEBUG | 2026/06/03 19:14:45.042644 | [Dataset Load] -> "Loading datasets from class No Finding"
DEBUG | 2026/06/03 19:14:45.053262 | [Dataset Load] -> "Loading datasets from class Nodule"
DEBUG | 2026/06/03 19:14:45.058128 | [Dataset Load] -> "Loading datasets from class Pleural_Thickening"
DEBUG | 2026/06/03 19:14:45.060851 | [Dataset Load] -> "Loading datasets from class Pneumonia"
DEBUG | 2026/06/03 19:14:45.062465 | [Dataset Load] -> "Loading datasets from class Pneumothorax"
DEBUG | 2026/06/03 19:14:45.065103 | [Dataset Load] -> "Dynamically loaded 22921 datas"
DEBUG | 2026/06/03 19:27:50.594284 | [Dataset Load] -> "Loading datasets from data/train"
DEBUG | 2026/06/03 19:27:50.595268 | [Dataset Load] -> "Loading datasets from class Atelectasis"
DEBUG | 2026/06/03 19:27:50.608666 | [Dataset Load] -> "Loading datasets from class Cardiomegaly"
DEBUG | 2026/06/03 19:27:50.611076 | [Dataset Load] -> "Loading datasets from class Consolidation"
DEBUG | 2026/06/03 19:27:50.614896 | [Dataset Load] -> "Loading datasets from class Edema"
DEBUG | 2026/06/03 19:27:50.620364 | [Dataset Load] -> "Loading datasets from class Effusion"
DEBUG | 2026/06/03 19:27:50.626022 | [Dataset Load] -> "Loading datasets from class Emphysema"
DEBUG | 2026/06/03 19:27:50.627957 | [Dataset Load] -> "Loading datasets from class Fibrosis"
DEBUG | 2026/06/03 19:27:50.630483 | [Dataset Load] -> "Loading datasets from class Hernia"
DEBUG | 2026/06/03 19:27:50.630766 | [Dataset Load] -> "Loading datasets from class Infiltration"
DEBUG | 2026/06/03 19:27:50.637601 | [Dataset Load] -> "Loading datasets from class Mass"
DEBUG | 2026/06/03 19:27:50.643726 | [Dataset Load] -> "Loading datasets from class No Finding"
DEBUG | 2026/06/03 19:27:50.655413 | [Dataset Load] -> "Loading datasets from class Nodule"
DEBUG | 2026/06/03 19:27:50.659855 | [Dataset Load] -> "Loading datasets from class Pleural_Thickening"
DEBUG | 2026/06/03 19:27:50.662681 | [Dataset Load] -> "Loading datasets from class Pneumonia"
DEBUG | 2026/06/03 19:27:50.664390 | [Dataset Load] -> "Loading datasets from class Pneumothorax"
DEBUG | 2026/06/03 19:27:50.666856 | [Dataset Load] -> "Dynamically loaded 22921 datas"
DEBUG | 2026/06/03 19:41:01.296731 | [Dataset Load] -> "Loading datasets from data/train"
DEBUG | 2026/06/03 19:41:01.297905 | [Dataset Load] -> "Loading datasets from class Atelectasis"
DEBUG | 2026/06/03 19:41:01.311592 | [Dataset Load] -> "Loading datasets from class Cardiomegaly"
DEBUG | 2026/06/03 19:41:01.314100 | [Dataset Load] -> "Loading datasets from class Consolidation"
DEBUG | 2026/06/03 19:41:01.318550 | [Dataset Load] -> "Loading datasets from class Edema"
DEBUG | 2026/06/03 19:41:01.324283 | [Dataset Load] -> "Loading datasets from class Effusion"
DEBUG | 2026/06/03 19:41:01.330147 | [Dataset Load] -> "Loading datasets from class Emphysema"
DEBUG | 2026/06/03 19:41:01.332210 | [Dataset Load] -> "Loading datasets from class Fibrosis"
DEBUG | 2026/06/03 19:41:01.335250 | [Dataset Load] -> "Loading datasets from class Hernia"
DEBUG | 2026/06/03 19:41:01.335763 | [Dataset Load] -> "Loading datasets from class Infiltration"
DEBUG | 2026/06/03 19:41:01.343272 | [Dataset Load] -> "Loading datasets from class Mass"
DEBUG | 2026/06/03 19:41:01.349659 | [Dataset Load] -> "Loading datasets from class No Finding"
DEBUG | 2026/06/03 19:41:01.361661 | [Dataset Load] -> "Loading datasets from class Nodule"
DEBUG | 2026/06/03 19:41:01.366423 | [Dataset Load] -> "Loading datasets from class Pleural_Thickening"
DEBUG | 2026/06/03 19:41:01.369308 | [Dataset Load] -> "Loading datasets from class Pneumonia"
DEBUG | 2026/06/03 19:41:01.370960 | [Dataset Load] -> "Loading datasets from class Pneumothorax"
DEBUG | 2026/06/03 19:41:01.373548 | [Dataset Load] -> "Dynamically loaded 22921 datas"
DEBUG | 2026/06/03 19:54:06.118503 | [Dataset Load] -> "Loading datasets from data/train"
DEBUG | 2026/06/03 19:54:06.119490 | [Dataset Load] -> "Loading datasets from class Atelectasis"
DEBUG | 2026/06/03 19:54:06.131956 | [Dataset Load] -> "Loading datasets from class Cardiomegaly"
DEBUG | 2026/06/03 19:54:06.134576 | [Dataset Load] -> "Loading datasets from class Consolidation"
DEBUG | 2026/06/03 19:54:06.138466 | [Dataset Load] -> "Loading datasets from class Edema"
DEBUG | 2026/06/03 19:54:06.144049 | [Dataset Load] -> "Loading datasets from class Effusion"
DEBUG | 2026/06/03 19:54:06.149597 | [Dataset Load] -> "Loading datasets from class Emphysema"
DEBUG | 2026/06/03 19:54:06.151573 | [Dataset Load] -> "Loading datasets from class Fibrosis"
DEBUG | 2026/06/03 19:54:06.154244 | [Dataset Load] -> "Loading datasets from class Hernia"
DEBUG | 2026/06/03 19:54:06.154524 | [Dataset Load] -> "Loading datasets from class Infiltration"
DEBUG | 2026/06/03 19:54:06.161338 | [Dataset Load] -> "Loading datasets from class Mass"
DEBUG | 2026/06/03 19:54:06.167475 | [Dataset Load] -> "Loading datasets from class No Finding"
DEBUG | 2026/06/03 19:54:06.179266 | [Dataset Load] -> "Loading datasets from class Nodule"
DEBUG | 2026/06/03 19:54:06.183871 | [Dataset Load] -> "Loading datasets from class Pleural_Thickening"
DEBUG | 2026/06/03 19:54:06.186559 | [Dataset Load] -> "Loading datasets from class Pneumonia"
DEBUG | 2026/06/03 19:54:06.188255 | [Dataset Load] -> "Loading datasets from class Pneumothorax"
DEBUG | 2026/06/03 19:54:06.192825 | [Dataset Load] -> "Dynamically loaded 22921 datas"
DEBUG | 2026/06/03 20:07:09.595709 | [Dataset Load] -> "Loading datasets from data/train"
DEBUG | 2026/06/03 20:07:09.596553 | [Dataset Load] -> "Loading datasets from class Atelectasis"
DEBUG | 2026/06/03 20:07:09.610352 | [Dataset Load] -> "Loading datasets from class Cardiomegaly"
DEBUG | 2026/06/03 20:07:09.613227 | [Dataset Load] -> "Loading datasets from class Consolidation"
DEBUG | 2026/06/03 20:07:10.247523 | [Dataset Load] -> "Loading datasets from class Edema"
DEBUG | 2026/06/03 20:07:10.253696 | [Dataset Load] -> "Loading datasets from class Effusion"
DEBUG | 2026/06/03 20:07:10.259209 | [Dataset Load] -> "Loading datasets from class Emphysema"
DEBUG | 2026/06/03 20:07:10.261178 | [Dataset Load] -> "Loading datasets from class Fibrosis"
DEBUG | 2026/06/03 20:07:10.263863 | [Dataset Load] -> "Loading datasets from class Hernia"
DEBUG | 2026/06/03 20:07:10.264149 | [Dataset Load] -> "Loading datasets from class Infiltration"
DEBUG | 2026/06/03 20:07:10.270560 | [Dataset Load] -> "Loading datasets from class Mass"
DEBUG | 2026/06/03 20:07:10.276781 | [Dataset Load] -> "Loading datasets from class No Finding"
DEBUG | 2026/06/03 20:07:10.288280 | [Dataset Load] -> "Loading datasets from class Nodule"
DEBUG | 2026/06/03 20:07:10.292821 | [Dataset Load] -> "Loading datasets from class Pleural_Thickening"
DEBUG | 2026/06/03 20:07:10.295445 | [Dataset Load] -> "Loading datasets from class Pneumonia"
DEBUG | 2026/06/03 20:07:10.297165 | [Dataset Load] -> "Loading datasets from class Pneumothorax"
DEBUG | 2026/06/03 20:07:10.299797 | [Dataset Load] -> "Dynamically loaded 22921 datas"
DEBUG | 2026/06/03 20:20:20.054695 | [Dataset Load] -> "Loading datasets from data/train"
DEBUG | 2026/06/03 20:20:20.055924 | [Dataset Load] -> "Loading datasets from class Atelectasis"
DEBUG | 2026/06/03 20:20:20.069353 | [Dataset Load] -> "Loading datasets from class Cardiomegaly"
DEBUG | 2026/06/03 20:20:20.072052 | [Dataset Load] -> "Loading datasets from class Consolidation"
DEBUG | 2026/06/03 20:20:20.076254 | [Dataset Load] -> "Loading datasets from class Edema"
DEBUG | 2026/06/03 20:20:20.081828 | [Dataset Load] -> "Loading datasets from class Effusion"
DEBUG | 2026/06/03 20:20:20.087806 | [Dataset Load] -> "Loading datasets from class Emphysema"
DEBUG | 2026/06/03 20:20:20.089900 | [Dataset Load] -> "Loading datasets from class Fibrosis"
DEBUG | 2026/06/03 20:20:20.092812 | [Dataset Load] -> "Loading datasets from class Hernia"
DEBUG | 2026/06/03 20:20:20.093116 | [Dataset Load] -> "Loading datasets from class Infiltration"
DEBUG | 2026/06/03 20:20:20.775382 | [Dataset Load] -> "Loading datasets from class Mass"
DEBUG | 2026/06/03 20:20:20.782447 | [Dataset Load] -> "Loading datasets from class No Finding"
DEBUG | 2026/06/03 20:20:20.794529 | [Dataset Load] -> "Loading datasets from class Nodule"
DEBUG | 2026/06/03 20:20:20.799893 | [Dataset Load] -> "Loading datasets from class Pleural_Thickening"
DEBUG | 2026/06/03 20:20:20.802851 | [Dataset Load] -> "Loading datasets from class Pneumonia"
DEBUG | 2026/06/03 20:20:20.804537 | [Dataset Load] -> "Loading datasets from class Pneumothorax"
DEBUG | 2026/06/03 20:20:20.807494 | [Dataset Load] -> "Dynamically loaded 22921 datas"
DEBUG | 2026/06/03 20:33:25.895614 | [Dataset Load] -> "Loading datasets from data/train"
DEBUG | 2026/06/03 20:33:25.896750 | [Dataset Load] -> "Loading datasets from class Atelectasis"
DEBUG | 2026/06/03 20:33:25.909244 | [Dataset Load] -> "Loading datasets from class Cardiomegaly"
DEBUG | 2026/06/03 20:33:25.911699 | [Dataset Load] -> "Loading datasets from class Consolidation"
DEBUG | 2026/06/03 20:33:25.915587 | [Dataset Load] -> "Loading datasets from class Edema"
DEBUG | 2026/06/03 20:33:25.921121 | [Dataset Load] -> "Loading datasets from class Effusion"
DEBUG | 2026/06/03 20:33:25.926815 | [Dataset Load] -> "Loading datasets from class Emphysema"
DEBUG | 2026/06/03 20:33:25.928803 | [Dataset Load] -> "Loading datasets from class Fibrosis"
DEBUG | 2026/06/03 20:33:25.931532 | [Dataset Load] -> "Loading datasets from class Hernia"
DEBUG | 2026/06/03 20:33:25.931814 | [Dataset Load] -> "Loading datasets from class Infiltration"
DEBUG | 2026/06/03 20:33:25.938374 | [Dataset Load] -> "Loading datasets from class Mass"
DEBUG | 2026/06/03 20:33:25.944449 | [Dataset Load] -> "Loading datasets from class No Finding"
DEBUG | 2026/06/03 20:33:26.090689 | [Dataset Load] -> "Loading datasets from class Nodule"
DEBUG | 2026/06/03 20:33:26.095986 | [Dataset Load] -> "Loading datasets from class Pleural_Thickening"
DEBUG | 2026/06/03 20:33:26.098780 | [Dataset Load] -> "Loading datasets from class Pneumonia"
DEBUG | 2026/06/03 20:33:26.100598 | [Dataset Load] -> "Loading datasets from class Pneumothorax"
DEBUG | 2026/06/03 20:33:26.103091 | [Dataset Load] -> "Dynamically loaded 22921 datas"
DEBUG | 2026/06/03 20:46:31.701333 | [Dataset Load] -> "Loading datasets from data/train"
DEBUG | 2026/06/03 20:46:31.702346 | [Dataset Load] -> "Loading datasets from class Atelectasis"
DEBUG | 2026/06/03 20:46:31.715563 | [Dataset Load] -> "Loading datasets from class Cardiomegaly"
DEBUG | 2026/06/03 20:46:31.717995 | [Dataset Load] -> "Loading datasets from class Consolidation"
DEBUG | 2026/06/03 20:46:31.722156 | [Dataset Load] -> "Loading datasets from class Edema"
DEBUG | 2026/06/03 20:46:31.727598 | [Dataset Load] -> "Loading datasets from class Effusion"
DEBUG | 2026/06/03 20:46:31.733003 | [Dataset Load] -> "Loading datasets from class Emphysema"
DEBUG | 2026/06/03 20:46:31.734923 | [Dataset Load] -> "Loading datasets from class Fibrosis"
DEBUG | 2026/06/03 20:46:31.737659 | [Dataset Load] -> "Loading datasets from class Hernia"
DEBUG | 2026/06/03 20:46:31.737985 | [Dataset Load] -> "Loading datasets from class Infiltration"
DEBUG | 2026/06/03 20:46:31.744599 | [Dataset Load] -> "Loading datasets from class Mass"
DEBUG | 2026/06/03 20:46:31.750606 | [Dataset Load] -> "Loading datasets from class No Finding"
DEBUG | 2026/06/03 20:46:31.762319 | [Dataset Load] -> "Loading datasets from class Nodule"
DEBUG | 2026/06/03 20:46:31.766824 | [Dataset Load] -> "Loading datasets from class Pleural_Thickening"
DEBUG | 2026/06/03 20:46:31.769752 | [Dataset Load] -> "Loading datasets from class Pneumonia"
DEBUG | 2026/06/03 20:46:31.771465 | [Dataset Load] -> "Loading datasets from class Pneumothorax"
DEBUG | 2026/06/03 20:46:32.534186 | [Dataset Load] -> "Dynamically loaded 22921 datas"
DEBUG | 2026/06/03 20:59:40.825885 | [Dataset Load] -> "Loading datasets from data/train"
DEBUG | 2026/06/03 20:59:40.826855 | [Dataset Load] -> "Loading datasets from class Atelectasis"
DEBUG | 2026/06/03 20:59:40.839611 | [Dataset Load] -> "Loading datasets from class Cardiomegaly"
DEBUG | 2026/06/03 20:59:40.842038 | [Dataset Load] -> "Loading datasets from class Consolidation"
DEBUG | 2026/06/03 20:59:40.845883 | [Dataset Load] -> "Loading datasets from class Edema"
DEBUG | 2026/06/03 20:59:40.851363 | [Dataset Load] -> "Loading datasets from class Effusion"
DEBUG | 2026/06/03 20:59:40.856828 | [Dataset Load] -> "Loading datasets from class Emphysema"
DEBUG | 2026/06/03 20:59:40.858776 | [Dataset Load] -> "Loading datasets from class Fibrosis"
DEBUG | 2026/06/03 20:59:40.861699 | [Dataset Load] -> "Loading datasets from class Hernia"
DEBUG | 2026/06/03 20:59:40.861999 | [Dataset Load] -> "Loading datasets from class Infiltration"
DEBUG | 2026/06/03 20:59:40.868616 | [Dataset Load] -> "Loading datasets from class Mass"
DEBUG | 2026/06/03 20:59:40.874654 | [Dataset Load] -> "Loading datasets from class No Finding"
DEBUG | 2026/06/03 20:59:40.886431 | [Dataset Load] -> "Loading datasets from class Nodule"
DEBUG | 2026/06/03 20:59:40.891049 | [Dataset Load] -> "Loading datasets from class Pleural_Thickening"
DEBUG | 2026/06/03 20:59:40.893763 | [Dataset Load] -> "Loading datasets from class Pneumonia"
DEBUG | 2026/06/03 20:59:40.895498 | [Dataset Load] -> "Loading datasets from class Pneumothorax"
DEBUG | 2026/06/03 20:59:40.898033 | [Dataset Load] -> "Dynamically loaded 22921 datas"
DEBUG | 2026/06/03 21:12:50.045497 | [Dataset Load] -> "Loading datasets from data/train"
DEBUG | 2026/06/03 21:12:50.046471 | [Dataset Load] -> "Loading datasets from class Atelectasis"
DEBUG | 2026/06/03 21:12:50.058914 | [Dataset Load] -> "Loading datasets from class Cardiomegaly"
DEBUG | 2026/06/03 21:12:50.061445 | [Dataset Load] -> "Loading datasets from class Consolidation"
DEBUG | 2026/06/03 21:12:50.065301 | [Dataset Load] -> "Loading datasets from class Edema"
DEBUG | 2026/06/03 21:12:50.070797 | [Dataset Load] -> "Loading datasets from class Effusion"
DEBUG | 2026/06/03 21:12:50.076491 | [Dataset Load] -> "Loading datasets from class Emphysema"
DEBUG | 2026/06/03 21:12:50.078480 | [Dataset Load] -> "Loading datasets from class Fibrosis"
DEBUG | 2026/06/03 21:12:50.081193 | [Dataset Load] -> "Loading datasets from class Hernia"
DEBUG | 2026/06/03 21:12:50.081480 | [Dataset Load] -> "Loading datasets from class Infiltration"
DEBUG | 2026/06/03 21:12:50.088089 | [Dataset Load] -> "Loading datasets from class Mass"
DEBUG | 2026/06/03 21:12:50.094134 | [Dataset Load] -> "Loading datasets from class No Finding"
DEBUG | 2026/06/03 21:12:50.106064 | [Dataset Load] -> "Loading datasets from class Nodule"
DEBUG | 2026/06/03 21:12:50.110547 | [Dataset Load] -> "Loading datasets from class Pleural_Thickening"
DEBUG | 2026/06/03 21:12:50.113229 | [Dataset Load] -> "Loading datasets from class Pneumonia"
DEBUG | 2026/06/03 21:12:50.114959 | [Dataset Load] -> "Loading datasets from class Pneumothorax"
DEBUG | 2026/06/03 21:12:50.117420 | [Dataset Load] -> "Dynamically loaded 22921 datas"
DEBUG | 2026/06/03 21:26:06.348104 | [Dataset Load] -> "Loading datasets from data/train"
DEBUG | 2026/06/03 21:26:06.349103 | [Dataset Load] -> "Loading datasets from class Atelectasis"
DEBUG | 2026/06/03 21:26:06.372991 | [Dataset Load] -> "Loading datasets from class Cardiomegaly"
DEBUG | 2026/06/03 21:26:06.375620 | [Dataset Load] -> "Loading datasets from class Consolidation"
DEBUG | 2026/06/03 21:26:06.380292 | [Dataset Load] -> "Loading datasets from class Edema"
DEBUG | 2026/06/03 21:26:06.386867 | [Dataset Load] -> "Loading datasets from class Effusion"
DEBUG | 2026/06/03 21:26:06.394045 | [Dataset Load] -> "Loading datasets from class Emphysema"
DEBUG | 2026/06/03 21:26:06.396914 | [Dataset Load] -> "Loading datasets from class Fibrosis"
DEBUG | 2026/06/03 21:26:06.399743 | [Dataset Load] -> "Loading datasets from class Hernia"
DEBUG | 2026/06/03 21:26:06.400078 | [Dataset Load] -> "Loading datasets from class Infiltration"
DEBUG | 2026/06/03 21:26:06.409931 | [Dataset Load] -> "Loading datasets from class Mass"
DEBUG | 2026/06/03 21:26:06.416534 | [Dataset Load] -> "Loading datasets from class No Finding"
DEBUG | 2026/06/03 21:26:06.429104 | [Dataset Load] -> "Loading datasets from class Nodule"
DEBUG | 2026/06/03 21:26:06.435358 | [Dataset Load] -> "Loading datasets from class Pleural_Thickening"
DEBUG | 2026/06/03 21:26:06.439440 | [Dataset Load] -> "Loading datasets from class Pneumonia"
DEBUG | 2026/06/03 21:26:06.441529 | [Dataset Load] -> "Loading datasets from class Pneumothorax"
DEBUG | 2026/06/03 21:26:06.444547 | [Dataset Load] -> "Dynamically loaded 22921 datas"
DEBUG | 2026/06/03 21:39:16.568957 | [Dataset Load] -> "Loading datasets from data/train"
DEBUG | 2026/06/03 21:39:16.569886 | [Dataset Load] -> "Loading datasets from class Atelectasis"
DEBUG | 2026/06/03 21:39:16.582382 | [Dataset Load] -> "Loading datasets from class Cardiomegaly"
DEBUG | 2026/06/03 21:39:16.584823 | [Dataset Load] -> "Loading datasets from class Consolidation"
DEBUG | 2026/06/03 21:39:16.588929 | [Dataset Load] -> "Loading datasets from class Edema"
DEBUG | 2026/06/03 21:39:16.594475 | [Dataset Load] -> "Loading datasets from class Effusion"
DEBUG | 2026/06/03 21:39:16.599883 | [Dataset Load] -> "Loading datasets from class Emphysema"
DEBUG | 2026/06/03 21:39:16.601810 | [Dataset Load] -> "Loading datasets from class Fibrosis"
DEBUG | 2026/06/03 21:39:16.604545 | [Dataset Load] -> "Loading datasets from class Hernia"
DEBUG | 2026/06/03 21:39:16.604829 | [Dataset Load] -> "Loading datasets from class Infiltration"
DEBUG | 2026/06/03 21:39:16.611462 | [Dataset Load] -> "Loading datasets from class Mass"
DEBUG | 2026/06/03 21:39:16.617534 | [Dataset Load] -> "Loading datasets from class No Finding"
DEBUG | 2026/06/03 21:39:16.629399 | [Dataset Load] -> "Loading datasets from class Nodule"
DEBUG | 2026/06/03 21:39:16.635419 | [Dataset Load] -> "Loading datasets from class Pleural_Thickening"
DEBUG | 2026/06/03 21:39:16.639561 | [Dataset Load] -> "Loading datasets from class Pneumonia"
DEBUG | 2026/06/03 21:39:16.641265 | [Dataset Load] -> "Loading datasets from class Pneumothorax"
DEBUG | 2026/06/03 21:39:16.644052 | [Dataset Load] -> "Dynamically loaded 22921 datas"
DEBUG | 2026/06/03 21:52:24.541161 | [Dataset Load] -> "Loading datasets from data/train"
DEBUG | 2026/06/03 21:52:24.542120 | [Dataset Load] -> "Loading datasets from class Atelectasis"
DEBUG | 2026/06/03 21:52:24.555705 | [Dataset Load] -> "Loading datasets from class Cardiomegaly"
DEBUG | 2026/06/03 21:52:24.558139 | [Dataset Load] -> "Loading datasets from class Consolidation"
DEBUG | 2026/06/03 21:52:24.562027 | [Dataset Load] -> "Loading datasets from class Edema"
DEBUG | 2026/06/03 21:52:24.567456 | [Dataset Load] -> "Loading datasets from class Effusion"
DEBUG | 2026/06/03 21:52:24.572899 | [Dataset Load] -> "Loading datasets from class Emphysema"
DEBUG | 2026/06/03 21:52:24.574825 | [Dataset Load] -> "Loading datasets from class Fibrosis"
DEBUG | 2026/06/03 21:52:24.577694 | [Dataset Load] -> "Loading datasets from class Hernia"
DEBUG | 2026/06/03 21:52:24.577996 | [Dataset Load] -> "Loading datasets from class Infiltration"
DEBUG | 2026/06/03 21:52:24.584510 | [Dataset Load] -> "Loading datasets from class Mass"
DEBUG | 2026/06/03 21:52:24.590685 | [Dataset Load] -> "Loading datasets from class No Finding"
DEBUG | 2026/06/03 21:52:24.602452 | [Dataset Load] -> "Loading datasets from class Nodule"
DEBUG | 2026/06/03 21:52:24.608260 | [Dataset Load] -> "Loading datasets from class Pleural_Thickening"
DEBUG | 2026/06/03 21:52:24.611052 | [Dataset Load] -> "Loading datasets from class Pneumonia"
DEBUG | 2026/06/03 21:52:24.612780 | [Dataset Load] -> "Loading datasets from class Pneumothorax"
DEBUG | 2026/06/03 21:52:24.615356 | [Dataset Load] -> "Dynamically loaded 22921 datas"
DEBUG | 2026/06/03 22:05:32.900427 | [Dataset Load] -> "Loading datasets from data/train"
DEBUG | 2026/06/03 22:05:32.901430 | [Dataset Load] -> "Loading datasets from class Atelectasis"
DEBUG | 2026/06/03 22:05:32.913962 | [Dataset Load] -> "Loading datasets from class Cardiomegaly"
DEBUG | 2026/06/03 22:05:32.916416 | [Dataset Load] -> "Loading datasets from class Consolidation"
DEBUG | 2026/06/03 22:05:32.920751 | [Dataset Load] -> "Loading datasets from class Edema"
DEBUG | 2026/06/03 22:05:32.926306 | [Dataset Load] -> "Loading datasets from class Effusion"
DEBUG | 2026/06/03 22:05:32.931929 | [Dataset Load] -> "Loading datasets from class Emphysema"
DEBUG | 2026/06/03 22:05:32.933915 | [Dataset Load] -> "Loading datasets from class Fibrosis"
DEBUG | 2026/06/03 22:05:32.936630 | [Dataset Load] -> "Loading datasets from class Hernia"
DEBUG | 2026/06/03 22:05:32.936900 | [Dataset Load] -> "Loading datasets from class Infiltration"
DEBUG | 2026/06/03 22:05:32.944002 | [Dataset Load] -> "Loading datasets from class Mass"
DEBUG | 2026/06/03 22:05:32.950026 | [Dataset Load] -> "Loading datasets from class No Finding"
DEBUG | 2026/06/03 22:05:32.961957 | [Dataset Load] -> "Loading datasets from class Nodule"
DEBUG | 2026/06/03 22:05:32.966376 | [Dataset Load] -> "Loading datasets from class Pleural_Thickening"
DEBUG | 2026/06/03 22:05:32.969104 | [Dataset Load] -> "Loading datasets from class Pneumonia"
DEBUG | 2026/06/03 22:05:32.970825 | [Dataset Load] -> "Loading datasets from class Pneumothorax"
DEBUG | 2026/06/03 22:05:32.973315 | [Dataset Load] -> "Dynamically loaded 22921 datas"
DEBUG | 2026/06/03 22:18:40.476725 | [Dataset Load] -> "Loading datasets from data/train"
DEBUG | 2026/06/03 22:18:40.477671 | [Dataset Load] -> "Loading datasets from class Atelectasis"
DEBUG | 2026/06/03 22:18:40.490319 | [Dataset Load] -> "Loading datasets from class Cardiomegaly"
DEBUG | 2026/06/03 22:18:40.492895 | [Dataset Load] -> "Loading datasets from class Consolidation"
DEBUG | 2026/06/03 22:18:40.497305 | [Dataset Load] -> "Loading datasets from class Edema"
DEBUG | 2026/06/03 22:18:40.503016 | [Dataset Load] -> "Loading datasets from class Effusion"
DEBUG | 2026/06/03 22:18:40.508548 | [Dataset Load] -> "Loading datasets from class Emphysema"
DEBUG | 2026/06/03 22:18:40.510431 | [Dataset Load] -> "Loading datasets from class Fibrosis"
DEBUG | 2026/06/03 22:18:40.513148 | [Dataset Load] -> "Loading datasets from class Hernia"
DEBUG | 2026/06/03 22:18:40.513420 | [Dataset Load] -> "Loading datasets from class Infiltration"
DEBUG | 2026/06/03 22:18:40.519978 | [Dataset Load] -> "Loading datasets from class Mass"
DEBUG | 2026/06/03 22:18:40.525963 | [Dataset Load] -> "Loading datasets from class No Finding"
DEBUG | 2026/06/03 22:18:40.537706 | [Dataset Load] -> "Loading datasets from class Nodule"
DEBUG | 2026/06/03 22:18:40.542065 | [Dataset Load] -> "Loading datasets from class Pleural_Thickening"
DEBUG | 2026/06/03 22:18:40.544793 | [Dataset Load] -> "Loading datasets from class Pneumonia"
DEBUG | 2026/06/03 22:18:40.546486 | [Dataset Load] -> "Loading datasets from class Pneumothorax"
DEBUG | 2026/06/03 22:18:40.549216 | [Dataset Load] -> "Dynamically loaded 22921 datas"
DEBUG | 2026/06/03 22:31:44.563812 | [Dataset Load] -> "Loading datasets from data/train"
DEBUG | 2026/06/03 22:31:44.564940 | [Dataset Load] -> "Loading datasets from class Atelectasis"
DEBUG | 2026/06/03 22:31:44.577703 | [Dataset Load] -> "Loading datasets from class Cardiomegaly"
DEBUG | 2026/06/03 22:31:44.580206 | [Dataset Load] -> "Loading datasets from class Consolidation"
DEBUG | 2026/06/03 22:31:44.584076 | [Dataset Load] -> "Loading datasets from class Edema"
DEBUG | 2026/06/03 22:31:44.589562 | [Dataset Load] -> "Loading datasets from class Effusion"
DEBUG | 2026/06/03 22:31:44.595160 | [Dataset Load] -> "Loading datasets from class Emphysema"
DEBUG | 2026/06/03 22:31:44.597084 | [Dataset Load] -> "Loading datasets from class Fibrosis"
DEBUG | 2026/06/03 22:31:44.599987 | [Dataset Load] -> "Loading datasets from class Hernia"
DEBUG | 2026/06/03 22:31:44.600321 | [Dataset Load] -> "Loading datasets from class Infiltration"
DEBUG | 2026/06/03 22:31:44.607473 | [Dataset Load] -> "Loading datasets from class Mass"
DEBUG | 2026/06/03 22:31:44.614296 | [Dataset Load] -> "Loading datasets from class No Finding"
DEBUG | 2026/06/03 22:31:44.626177 | [Dataset Load] -> "Loading datasets from class Nodule"
DEBUG | 2026/06/03 22:31:44.630815 | [Dataset Load] -> "Loading datasets from class Pleural_Thickening"
DEBUG | 2026/06/03 22:31:44.633515 | [Dataset Load] -> "Loading datasets from class Pneumonia"
DEBUG | 2026/06/03 22:31:44.635225 | [Dataset Load] -> "Loading datasets from class Pneumothorax"
DEBUG | 2026/06/03 22:31:44.638207 | [Dataset Load] -> "Dynamically loaded 22921 datas"
DEBUG | 2026/06/03 22:44:51.071156 | [Dataset Load] -> "Loading datasets from data/train"
DEBUG | 2026/06/03 22:44:51.072210 | [Dataset Load] -> "Loading datasets from class Atelectasis"
DEBUG | 2026/06/03 22:44:51.084742 | [Dataset Load] -> "Loading datasets from class Cardiomegaly"
DEBUG | 2026/06/03 22:44:51.087150 | [Dataset Load] -> "Loading datasets from class Consolidation"
DEBUG | 2026/06/03 22:44:51.090954 | [Dataset Load] -> "Loading datasets from class Edema"
DEBUG | 2026/06/03 22:44:51.096529 | [Dataset Load] -> "Loading datasets from class Effusion"
DEBUG | 2026/06/03 22:44:51.102337 | [Dataset Load] -> "Loading datasets from class Emphysema"
DEBUG | 2026/06/03 22:44:51.104237 | [Dataset Load] -> "Loading datasets from class Fibrosis"
DEBUG | 2026/06/03 22:44:51.106941 | [Dataset Load] -> "Loading datasets from class Hernia"
DEBUG | 2026/06/03 22:44:51.107221 | [Dataset Load] -> "Loading datasets from class Infiltration"
DEBUG | 2026/06/03 22:44:51.115232 | [Dataset Load] -> "Loading datasets from class Mass"
DEBUG | 2026/06/03 22:44:51.122918 | [Dataset Load] -> "Loading datasets from class No Finding"
DEBUG | 2026/06/03 22:44:51.135058 | [Dataset Load] -> "Loading datasets from class Nodule"
DEBUG | 2026/06/03 22:44:51.139461 | [Dataset Load] -> "Loading datasets from class Pleural_Thickening"
DEBUG | 2026/06/03 22:44:51.142056 | [Dataset Load] -> "Loading datasets from class Pneumonia"
DEBUG | 2026/06/03 22:44:51.143695 | [Dataset Load] -> "Loading datasets from class Pneumothorax"
DEBUG | 2026/06/03 22:44:51.146228 | [Dataset Load] -> "Dynamically loaded 22921 datas"
DEBUG | 2026/06/03 22:57:57.051816 | [Dataset Load] -> "Loading datasets from data/train"
DEBUG | 2026/06/03 22:57:57.052684 | [Dataset Load] -> "Loading datasets from class Atelectasis"
DEBUG | 2026/06/03 22:57:57.065275 | [Dataset Load] -> "Loading datasets from class Cardiomegaly"
DEBUG | 2026/06/03 22:57:57.067699 | [Dataset Load] -> "Loading datasets from class Consolidation"
DEBUG | 2026/06/03 22:57:57.071949 | [Dataset Load] -> "Loading datasets from class Edema"
DEBUG | 2026/06/03 22:57:57.079321 | [Dataset Load] -> "Loading datasets from class Effusion"
DEBUG | 2026/06/03 22:57:57.084895 | [Dataset Load] -> "Loading datasets from class Emphysema"
DEBUG | 2026/06/03 22:57:57.086815 | [Dataset Load] -> "Loading datasets from class Fibrosis"
DEBUG | 2026/06/03 22:57:57.089535 | [Dataset Load] -> "Loading datasets from class Hernia"
DEBUG | 2026/06/03 22:57:57.089809 | [Dataset Load] -> "Loading datasets from class Infiltration"
DEBUG | 2026/06/03 22:57:57.096463 | [Dataset Load] -> "Loading datasets from class Mass"
DEBUG | 2026/06/03 22:57:57.102431 | [Dataset Load] -> "Loading datasets from class No Finding"
DEBUG | 2026/06/03 22:57:57.114270 | [Dataset Load] -> "Loading datasets from class Nodule"
DEBUG | 2026/06/03 22:57:57.118559 | [Dataset Load] -> "Loading datasets from class Pleural_Thickening"
DEBUG | 2026/06/03 22:57:57.121209 | [Dataset Load] -> "Loading datasets from class Pneumonia"
DEBUG | 2026/06/03 22:57:57.122973 | [Dataset Load] -> "Loading datasets from class Pneumothorax"
DEBUG | 2026/06/03 22:57:57.125760 | [Dataset Load] -> "Dynamically loaded 22921 datas"
DEBUG | 2026/06/03 23:11:02.342517 | [Dataset Load] -> "Loading datasets from data/train"
DEBUG | 2026/06/03 23:11:02.343466 | [Dataset Load] -> "Loading datasets from class Atelectasis"
DEBUG | 2026/06/03 23:11:02.356016 | [Dataset Load] -> "Loading datasets from class Cardiomegaly"
DEBUG | 2026/06/03 23:11:02.358513 | [Dataset Load] -> "Loading datasets from class Consolidation"
DEBUG | 2026/06/03 23:11:02.362376 | [Dataset Load] -> "Loading datasets from class Edema"
DEBUG | 2026/06/03 23:11:02.367969 | [Dataset Load] -> "Loading datasets from class Effusion"
DEBUG | 2026/06/03 23:11:02.373563 | [Dataset Load] -> "Loading datasets from class Emphysema"
DEBUG | 2026/06/03 23:11:02.375520 | [Dataset Load] -> "Loading datasets from class Fibrosis"
DEBUG | 2026/06/03 23:11:02.378365 | [Dataset Load] -> "Loading datasets from class Hernia"
DEBUG | 2026/06/03 23:11:02.378653 | [Dataset Load] -> "Loading datasets from class Infiltration"
DEBUG | 2026/06/03 23:11:02.385116 | [Dataset Load] -> "Loading datasets from class Mass"
DEBUG | 2026/06/03 23:11:02.391175 | [Dataset Load] -> "Loading datasets from class No Finding"
DEBUG | 2026/06/03 23:11:02.403008 | [Dataset Load] -> "Loading datasets from class Nodule"
DEBUG | 2026/06/03 23:11:02.407531 | [Dataset Load] -> "Loading datasets from class Pleural_Thickening"
DEBUG | 2026/06/03 23:11:02.410278 | [Dataset Load] -> "Loading datasets from class Pneumonia"
DEBUG | 2026/06/03 23:11:02.411983 | [Dataset Load] -> "Loading datasets from class Pneumothorax"
DEBUG | 2026/06/03 23:11:02.414493 | [Dataset Load] -> "Dynamically loaded 22921 datas"
DEBUG | 2026/06/03 23:24:10.021587 | [Dataset Load] -> "Loading datasets from data/train"
DEBUG | 2026/06/03 23:24:10.022811 | [Dataset Load] -> "Loading datasets from class Atelectasis"
DEBUG | 2026/06/03 23:24:10.035706 | [Dataset Load] -> "Loading datasets from class Cardiomegaly"
DEBUG | 2026/06/03 23:24:10.038109 | [Dataset Load] -> "Loading datasets from class Consolidation"
DEBUG | 2026/06/03 23:24:10.041980 | [Dataset Load] -> "Loading datasets from class Edema"
DEBUG | 2026/06/03 23:24:10.047519 | [Dataset Load] -> "Loading datasets from class Effusion"
DEBUG | 2026/06/03 23:24:10.053326 | [Dataset Load] -> "Loading datasets from class Emphysema"
DEBUG | 2026/06/03 23:24:10.055291 | [Dataset Load] -> "Loading datasets from class Fibrosis"
DEBUG | 2026/06/03 23:24:10.058041 | [Dataset Load] -> "Loading datasets from class Hernia"
DEBUG | 2026/06/03 23:24:10.058319 | [Dataset Load] -> "Loading datasets from class Infiltration"
DEBUG | 2026/06/03 23:24:10.064816 | [Dataset Load] -> "Loading datasets from class Mass"
DEBUG | 2026/06/03 23:24:10.070993 | [Dataset Load] -> "Loading datasets from class No Finding"
DEBUG | 2026/06/03 23:24:10.082957 | [Dataset Load] -> "Loading datasets from class Nodule"
DEBUG | 2026/06/03 23:24:10.087295 | [Dataset Load] -> "Loading datasets from class Pleural_Thickening"
DEBUG | 2026/06/03 23:24:10.089960 | [Dataset Load] -> "Loading datasets from class Pneumonia"
DEBUG | 2026/06/03 23:24:10.091738 | [Dataset Load] -> "Loading datasets from class Pneumothorax"
DEBUG | 2026/06/03 23:24:10.094221 | [Dataset Load] -> "Dynamically loaded 22921 datas"
DEBUG | 2026/06/03 23:37:16.964820 | [Dataset Load] -> "Loading datasets from data/train"
DEBUG | 2026/06/03 23:37:16.965629 | [Dataset Load] -> "Loading datasets from class Atelectasis"
DEBUG | 2026/06/03 23:37:16.978275 | [Dataset Load] -> "Loading datasets from class Cardiomegaly"
DEBUG | 2026/06/03 23:37:16.980746 | [Dataset Load] -> "Loading datasets from class Consolidation"
DEBUG | 2026/06/03 23:37:16.984623 | [Dataset Load] -> "Loading datasets from class Edema"
DEBUG | 2026/06/03 23:37:16.990270 | [Dataset Load] -> "Loading datasets from class Effusion"
DEBUG | 2026/06/03 23:37:16.996135 | [Dataset Load] -> "Loading datasets from class Emphysema"
DEBUG | 2026/06/03 23:37:16.998077 | [Dataset Load] -> "Loading datasets from class Fibrosis"
DEBUG | 2026/06/03 23:37:17.000799 | [Dataset Load] -> "Loading datasets from class Hernia"
DEBUG | 2026/06/03 23:37:17.001080 | [Dataset Load] -> "Loading datasets from class Infiltration"
DEBUG | 2026/06/03 23:37:17.007703 | [Dataset Load] -> "Loading datasets from class Mass"
DEBUG | 2026/06/03 23:37:17.013937 | [Dataset Load] -> "Loading datasets from class No Finding"
DEBUG | 2026/06/03 23:37:17.026284 | [Dataset Load] -> "Loading datasets from class Nodule"
DEBUG | 2026/06/03 23:37:17.030639 | [Dataset Load] -> "Loading datasets from class Pleural_Thickening"
DEBUG | 2026/06/03 23:37:17.033374 | [Dataset Load] -> "Loading datasets from class Pneumonia"
DEBUG | 2026/06/03 23:37:17.035095 | [Dataset Load] -> "Loading datasets from class Pneumothorax"
DEBUG | 2026/06/03 23:37:17.037621 | [Dataset Load] -> "Dynamically loaded 22921 datas"
DEBUG | 2026/06/03 23:50:24.694295 | [Dataset Load] -> "Loading datasets from data/train"
DEBUG | 2026/06/03 23:50:24.696780 | [Dataset Load] -> "Loading datasets from class Atelectasis"
DEBUG | 2026/06/03 23:50:24.730383 | [Dataset Load] -> "Loading datasets from class Cardiomegaly"
DEBUG | 2026/06/03 23:50:24.733983 | [Dataset Load] -> "Loading datasets from class Consolidation"
DEBUG | 2026/06/03 23:50:24.743473 | [Dataset Load] -> "Loading datasets from class Edema"
DEBUG | 2026/06/03 23:50:24.750163 | [Dataset Load] -> "Loading datasets from class Effusion"
DEBUG | 2026/06/03 23:50:24.760360 | [Dataset Load] -> "Loading datasets from class Emphysema"
DEBUG | 2026/06/03 23:50:24.762574 | [Dataset Load] -> "Loading datasets from class Fibrosis"
DEBUG | 2026/06/03 23:50:24.765539 | [Dataset Load] -> "Loading datasets from class Hernia"
DEBUG | 2026/06/03 23:50:24.765813 | [Dataset Load] -> "Loading datasets from class Infiltration"
DEBUG | 2026/06/03 23:50:24.775601 | [Dataset Load] -> "Loading datasets from class Mass"
DEBUG | 2026/06/03 23:50:24.782712 | [Dataset Load] -> "Loading datasets from class No Finding"
DEBUG | 2026/06/03 23:50:24.794609 | [Dataset Load] -> "Loading datasets from class Nodule"
DEBUG | 2026/06/03 23:50:24.799563 | [Dataset Load] -> "Loading datasets from class Pleural_Thickening"
DEBUG | 2026/06/03 23:50:24.802539 | [Dataset Load] -> "Loading datasets from class Pneumonia"
DEBUG | 2026/06/03 23:50:24.804189 | [Dataset Load] -> "Loading datasets from class Pneumothorax"
DEBUG | 2026/06/03 23:50:24.810538 | [Dataset Load] -> "Dynamically loaded 22921 datas"
