DEBUG | 2026/05/26 13:37:13.547532 | [Test Dataset Load] -> "Loading datasets from data/test"
DEBUG | 2026/05/26 13:37:13.580029 | [Test Dataset Load] -> "Dynamically loaded 5000 datas"
DEBUG | 2026/05/26 13:37:13.581798 | [Dataset Load] -> "Loading datasets from data/train"
DEBUG | 2026/05/26 13:37:13.582094 | [Dataset Load] -> "Loading datasets from class Atelectasis"
DEBUG | 2026/05/26 13:37:13.594674 | [Dataset Load] -> "Loading datasets from class Cardiomegaly"
DEBUG | 2026/05/26 13:37:13.597684 | [Dataset Load] -> "Loading datasets from class Consolidation"
DEBUG | 2026/05/26 13:37:13.601807 | [Dataset Load] -> "Loading datasets from class Edema"
DEBUG | 2026/05/26 13:37:13.606882 | [Dataset Load] -> "Loading datasets from class Effusion"
DEBUG | 2026/05/26 13:37:13.613116 | [Dataset Load] -> "Loading datasets from class Emphysema"
DEBUG | 2026/05/26 13:37:13.616169 | [Dataset Load] -> "Loading datasets from class Fibrosis"
DEBUG | 2026/05/26 13:37:13.618692 | [Dataset Load] -> "Loading datasets from class Hernia"
DEBUG | 2026/05/26 13:37:13.618898 | [Dataset Load] -> "Loading datasets from class Infiltration"
DEBUG | 2026/05/26 13:37:13.625733 | [Dataset Load] -> "Loading datasets from class Mass"
DEBUG | 2026/05/26 13:37:13.631760 | [Dataset Load] -> "Loading datasets from class No Finding"
DEBUG | 2026/05/26 13:37:13.642727 | [Dataset Load] -> "Loading datasets from class Nodule"
DEBUG | 2026/05/26 13:37:13.647708 | [Dataset Load] -> "Loading datasets from class Pleural_Thickening"
DEBUG | 2026/05/26 13:37:13.650178 | [Dataset Load] -> "Loading datasets from class Pneumonia"
DEBUG | 2026/05/26 13:37:13.651952 | [Dataset Load] -> "Loading datasets from class Pneumothorax"
DEBUG | 2026/05/26 13:37:13.654985 | [Dataset Load] -> "Dynamically loaded 22921 datas"
DEBUG | 2026/05/26 13:37:13.655674 | [Dataset Load] -> "Loading datasets from data/train"
DEBUG | 2026/05/26 13:37:13.655742 | [Dataset Load] -> "Dynamically loaded 700 datas"
DEBUG | 2026/05/26 13:37:13.655773 | [Dataset Load] -> "Loading datasets from data/train"
DEBUG | 2026/05/26 13:37:13.655818 | [Dataset Load] -> "Dynamically loaded 300 datas"
DEBUG | 2026/05/26 13:37:21.542897 | [Test Dataset Load] -> "Loading datasets from data/test"
DEBUG | 2026/05/26 13:37:21.544638 | [Test Dataset Load] -> "Dynamically loaded 5000 datas"
DEBUG | 2026/05/26 13:37:21.544907 | [Dataset Load] -> "Loading datasets from data/train"
DEBUG | 2026/05/26 13:37:21.544980 | [Dataset Load] -> "Loading datasets from class Atelectasis"
DEBUG | 2026/05/26 13:37:21.546318 | [Dataset Load] -> "Loading datasets from class Cardiomegaly"
DEBUG | 2026/05/26 13:37:21.546875 | [Dataset Load] -> "Loading datasets from class Consolidation"
DEBUG | 2026/05/26 13:37:21.547721 | [Dataset Load] -> "Loading datasets from class Edema"
DEBUG | 2026/05/26 13:37:21.548236 | [Dataset Load] -> "Loading datasets from class Effusion"
DEBUG | 2026/05/26 13:37:21.549413 | [Dataset Load] -> "Loading datasets from class Emphysema"
DEBUG | 2026/05/26 13:37:21.549943 | [Dataset Load] -> "Loading datasets from class Fibrosis"
DEBUG | 2026/05/26 13:37:21.550289 | [Dataset Load] -> "Loading datasets from class Hernia"
DEBUG | 2026/05/26 13:37:21.550381 | [Dataset Load] -> "Loading datasets from class Infiltration"
DEBUG | 2026/05/26 13:37:21.552361 | [Dataset Load] -> "Loading datasets from class Mass"
DEBUG | 2026/05/26 13:37:21.553481 | [Dataset Load] -> "Loading datasets from class No Finding"
DEBUG | 2026/05/26 13:37:21.555166 | [Dataset Load] -> "Loading datasets from class Nodule"
DEBUG | 2026/05/26 13:37:21.555984 | [Dataset Load] -> "Loading datasets from class Pleural_Thickening"
DEBUG | 2026/05/26 13:37:21.556341 | [Dataset Load] -> "Loading datasets from class Pneumonia"
DEBUG | 2026/05/26 13:37:21.556470 | [Dataset Load] -> "Loading datasets from class Pneumothorax"
DEBUG | 2026/05/26 13:37:21.557155 | [Dataset Load] -> "Dynamically loaded 22921 datas"
DEBUG | 2026/05/26 13:37:21.557893 | [Dataset Load] -> "Loading datasets from data/train"
DEBUG | 2026/05/26 13:37:21.557955 | [Dataset Load] -> "Dynamically loaded 700 datas"
DEBUG | 2026/05/26 13:37:21.558025 | [Dataset Load] -> "Loading datasets from data/train"
DEBUG | 2026/05/26 13:37:21.558077 | [Dataset Load] -> "Dynamically loaded 300 datas"
DEBUG | 2026/05/26 13:38:11.806513 | [Test Dataset Load] -> "Loading datasets from data/test"
DEBUG | 2026/05/26 13:38:11.808538 | [Test Dataset Load] -> "Dynamically loaded 5000 datas"
DEBUG | 2026/05/26 13:38:11.809060 | [Dataset Load] -> "Loading datasets from data/train"
DEBUG | 2026/05/26 13:38:11.809139 | [Dataset Load] -> "Loading datasets from class Atelectasis"
DEBUG | 2026/05/26 13:38:11.810550 | [Dataset Load] -> "Loading datasets from class Cardiomegaly"
DEBUG | 2026/05/26 13:38:11.811105 | [Dataset Load] -> "Loading datasets from class Consolidation"
DEBUG | 2026/05/26 13:38:11.811922 | [Dataset Load] -> "Loading datasets from class Edema"
DEBUG | 2026/05/26 13:38:11.812450 | [Dataset Load] -> "Loading datasets from class Effusion"
DEBUG | 2026/05/26 13:38:11.813417 | [Dataset Load] -> "Loading datasets from class Emphysema"
DEBUG | 2026/05/26 13:38:11.813880 | [Dataset Load] -> "Loading datasets from class Fibrosis"
DEBUG | 2026/05/26 13:38:11.814169 | [Dataset Load] -> "Loading datasets from class Hernia"
DEBUG | 2026/05/26 13:38:11.814243 | [Dataset Load] -> "Loading datasets from class Infiltration"
DEBUG | 2026/05/26 13:38:11.815497 | [Dataset Load] -> "Loading datasets from class Mass"
DEBUG | 2026/05/26 13:38:11.816294 | [Dataset Load] -> "Loading datasets from class No Finding"
DEBUG | 2026/05/26 13:38:11.817894 | [Dataset Load] -> "Loading datasets from class Nodule"
DEBUG | 2026/05/26 13:38:11.818882 | [Dataset Load] -> "Loading datasets from class Pleural_Thickening"
DEBUG | 2026/05/26 13:38:11.819382 | [Dataset Load] -> "Loading datasets from class Pneumonia"
DEBUG | 2026/05/26 13:38:11.819578 | [Dataset Load] -> "Loading datasets from class Pneumothorax"
DEBUG | 2026/05/26 13:38:11.820604 | [Dataset Load] -> "Dynamically loaded 22921 datas"
DEBUG | 2026/05/26 13:38:11.821655 | [Dataset Load] -> "Loading datasets from data/train"
DEBUG | 2026/05/26 13:38:11.821732 | [Dataset Load] -> "Dynamically loaded 700 datas"
DEBUG | 2026/05/26 13:38:11.821766 | [Dataset Load] -> "Loading datasets from data/train"
DEBUG | 2026/05/26 13:38:11.821822 | [Dataset Load] -> "Dynamically loaded 300 datas"
DEBUG | 2026/05/26 13:39:01.129614 | [Test Dataset Load] -> "Loading datasets from data/test"
DEBUG | 2026/05/26 13:39:01.132226 | [Test Dataset Load] -> "Dynamically loaded 5000 datas"
DEBUG | 2026/05/26 13:39:01.133016 | [Dataset Load] -> "Loading datasets from data/train"
DEBUG | 2026/05/26 13:39:01.133092 | [Dataset Load] -> "Loading datasets from class Atelectasis"
DEBUG | 2026/05/26 13:39:01.134368 | [Dataset Load] -> "Loading datasets from class Cardiomegaly"
DEBUG | 2026/05/26 13:39:01.134906 | [Dataset Load] -> "Loading datasets from class Consolidation"
DEBUG | 2026/05/26 13:39:01.135706 | [Dataset Load] -> "Loading datasets from class Edema"
DEBUG | 2026/05/26 13:39:01.136181 | [Dataset Load] -> "Loading datasets from class Effusion"
DEBUG | 2026/05/26 13:39:01.137184 | [Dataset Load] -> "Loading datasets from class Emphysema"
DEBUG | 2026/05/26 13:39:01.137608 | [Dataset Load] -> "Loading datasets from class Fibrosis"
DEBUG | 2026/05/26 13:39:01.137893 | [Dataset Load] -> "Loading datasets from class Hernia"
DEBUG | 2026/05/26 13:39:01.137963 | [Dataset Load] -> "Loading datasets from class Infiltration"
DEBUG | 2026/05/26 13:39:01.139207 | [Dataset Load] -> "Loading datasets from class Mass"
DEBUG | 2026/05/26 13:39:01.139965 | [Dataset Load] -> "Loading datasets from class No Finding"
DEBUG | 2026/05/26 13:39:01.141442 | [Dataset Load] -> "Loading datasets from class Nodule"
DEBUG | 2026/05/26 13:39:01.142211 | [Dataset Load] -> "Loading datasets from class Pleural_Thickening"
DEBUG | 2026/05/26 13:39:01.142548 | [Dataset Load] -> "Loading datasets from class Pneumonia"
DEBUG | 2026/05/26 13:39:01.142672 | [Dataset Load] -> "Loading datasets from class Pneumothorax"
DEBUG | 2026/05/26 13:39:01.143306 | [Dataset Load] -> "Dynamically loaded 22921 datas"
DEBUG | 2026/05/26 13:39:01.143986 | [Dataset Load] -> "Loading datasets from data/train"
DEBUG | 2026/05/26 13:39:01.144045 | [Dataset Load] -> "Dynamically loaded 700 datas"
DEBUG | 2026/05/26 13:39:01.144075 | [Dataset Load] -> "Loading datasets from data/train"
DEBUG | 2026/05/26 13:39:01.144122 | [Dataset Load] -> "Dynamically loaded 300 datas"
DEBUG | 2026/05/26 13:39:15.417763 | [Test Dataset Load] -> "Loading datasets from data/test"
DEBUG | 2026/05/26 13:39:15.419751 | [Test Dataset Load] -> "Dynamically loaded 5000 datas"
DEBUG | 2026/05/26 13:39:15.420611 | [Dataset Load] -> "Loading datasets from data/train"
DEBUG | 2026/05/26 13:39:15.420712 | [Dataset Load] -> "Loading datasets from class Atelectasis"
DEBUG | 2026/05/26 13:39:15.422285 | [Dataset Load] -> "Loading datasets from class Cardiomegaly"
DEBUG | 2026/05/26 13:39:15.422879 | [Dataset Load] -> "Loading datasets from class Consolidation"
DEBUG | 2026/05/26 13:39:15.423747 | [Dataset Load] -> "Loading datasets from class Edema"
DEBUG | 2026/05/26 13:39:15.424478 | [Dataset Load] -> "Loading datasets from class Effusion"
DEBUG | 2026/05/26 13:39:15.426218 | [Dataset Load] -> "Loading datasets from class Emphysema"
DEBUG | 2026/05/26 13:39:15.426762 | [Dataset Load] -> "Loading datasets from class Fibrosis"
DEBUG | 2026/05/26 13:39:15.427272 | [Dataset Load] -> "Loading datasets from class Hernia"
DEBUG | 2026/05/26 13:39:15.427399 | [Dataset Load] -> "Loading datasets from class Infiltration"
DEBUG | 2026/05/26 13:39:15.429412 | [Dataset Load] -> "Loading datasets from class Mass"
DEBUG | 2026/05/26 13:39:15.430298 | [Dataset Load] -> "Loading datasets from class No Finding"
DEBUG | 2026/05/26 13:39:15.432296 | [Dataset Load] -> "Loading datasets from class Nodule"
DEBUG | 2026/05/26 13:39:15.433120 | [Dataset Load] -> "Loading datasets from class Pleural_Thickening"
DEBUG | 2026/05/26 13:39:15.433494 | [Dataset Load] -> "Loading datasets from class Pneumonia"
DEBUG | 2026/05/26 13:39:15.433636 | [Dataset Load] -> "Loading datasets from class Pneumothorax"
DEBUG | 2026/05/26 13:39:15.434254 | [Dataset Load] -> "Dynamically loaded 22921 datas"
DEBUG | 2026/05/26 13:39:15.435067 | [Dataset Load] -> "Loading datasets from data/train"
DEBUG | 2026/05/26 13:39:15.435166 | [Dataset Load] -> "Dynamically loaded 700 datas"
DEBUG | 2026/05/26 13:39:15.435208 | [Dataset Load] -> "Loading datasets from data/train"
DEBUG | 2026/05/26 13:39:15.435263 | [Dataset Load] -> "Dynamically loaded 300 datas"
DEBUG | 2026/05/26 13:40:46.207134 | [Test Dataset Load] -> "Loading datasets from data/test"
DEBUG | 2026/05/26 13:40:46.209573 | [Test Dataset Load] -> "Dynamically loaded 5000 datas"
DEBUG | 2026/05/26 13:40:46.210112 | [Dataset Load] -> "Loading datasets from data/train"
DEBUG | 2026/05/26 13:40:46.210179 | [Dataset Load] -> "Loading datasets from class Atelectasis"
DEBUG | 2026/05/26 13:40:46.211424 | [Dataset Load] -> "Loading datasets from class Cardiomegaly"
DEBUG | 2026/05/26 13:40:46.211977 | [Dataset Load] -> "Loading datasets from class Consolidation"
DEBUG | 2026/05/26 13:40:46.212800 | [Dataset Load] -> "Loading datasets from class Edema"
DEBUG | 2026/05/26 13:40:46.213306 | [Dataset Load] -> "Loading datasets from class Effusion"
DEBUG | 2026/05/26 13:40:46.214280 | [Dataset Load] -> "Loading datasets from class Emphysema"
DEBUG | 2026/05/26 13:40:46.214712 | [Dataset Load] -> "Loading datasets from class Fibrosis"
DEBUG | 2026/05/26 13:40:46.214996 | [Dataset Load] -> "Loading datasets from class Hernia"
DEBUG | 2026/05/26 13:40:46.215069 | [Dataset Load] -> "Loading datasets from class Infiltration"
DEBUG | 2026/05/26 13:40:46.216265 | [Dataset Load] -> "Loading datasets from class Mass"
DEBUG | 2026/05/26 13:40:46.217034 | [Dataset Load] -> "Loading datasets from class No Finding"
DEBUG | 2026/05/26 13:40:46.218501 | [Dataset Load] -> "Loading datasets from class Nodule"
DEBUG | 2026/05/26 13:40:46.219258 | [Dataset Load] -> "Loading datasets from class Pleural_Thickening"
DEBUG | 2026/05/26 13:40:46.219591 | [Dataset Load] -> "Loading datasets from class Pneumonia"
DEBUG | 2026/05/26 13:40:46.219737 | [Dataset Load] -> "Loading datasets from class Pneumothorax"
DEBUG | 2026/05/26 13:40:46.220352 | [Dataset Load] -> "Dynamically loaded 22921 datas"
DEBUG | 2026/05/26 13:40:46.220972 | [Dataset Load] -> "Loading datasets from data/train"
DEBUG | 2026/05/26 13:40:46.221028 | [Dataset Load] -> "Dynamically loaded 700 datas"
DEBUG | 2026/05/26 13:40:46.221057 | [Dataset Load] -> "Loading datasets from data/train"
DEBUG | 2026/05/26 13:40:46.221103 | [Dataset Load] -> "Dynamically loaded 300 datas"
DEBUG | 2026/05/26 13:41:09.212983 | [Test Dataset Load] -> "Loading datasets from data/test"
DEBUG | 2026/05/26 13:41:09.215507 | [Test Dataset Load] -> "Dynamically loaded 5000 datas"
DEBUG | 2026/05/26 13:41:09.216057 | [Dataset Load] -> "Loading datasets from data/train"
DEBUG | 2026/05/26 13:41:09.216123 | [Dataset Load] -> "Loading datasets from class Atelectasis"
DEBUG | 2026/05/26 13:41:09.217401 | [Dataset Load] -> "Loading datasets from class Cardiomegaly"
DEBUG | 2026/05/26 13:41:09.217957 | [Dataset Load] -> "Loading datasets from class Consolidation"
DEBUG | 2026/05/26 13:41:09.218764 | [Dataset Load] -> "Loading datasets from class Edema"
DEBUG | 2026/05/26 13:41:09.219251 | [Dataset Load] -> "Loading datasets from class Effusion"
DEBUG | 2026/05/26 13:41:09.220272 | [Dataset Load] -> "Loading datasets from class Emphysema"
DEBUG | 2026/05/26 13:41:09.220714 | [Dataset Load] -> "Loading datasets from class Fibrosis"
DEBUG | 2026/05/26 13:41:09.221001 | [Dataset Load] -> "Loading datasets from class Hernia"
DEBUG | 2026/05/26 13:41:09.221073 | [Dataset Load] -> "Loading datasets from class Infiltration"
DEBUG | 2026/05/26 13:41:09.222302 | [Dataset Load] -> "Loading datasets from class Mass"
DEBUG | 2026/05/26 13:41:09.223124 | [Dataset Load] -> "Loading datasets from class No Finding"
DEBUG | 2026/05/26 13:41:09.224596 | [Dataset Load] -> "Loading datasets from class Nodule"
DEBUG | 2026/05/26 13:41:09.225381 | [Dataset Load] -> "Loading datasets from class Pleural_Thickening"
DEBUG | 2026/05/26 13:41:09.225705 | [Dataset Load] -> "Loading datasets from class Pneumonia"
DEBUG | 2026/05/26 13:41:09.225824 | [Dataset Load] -> "Loading datasets from class Pneumothorax"
DEBUG | 2026/05/26 13:41:09.226422 | [Dataset Load] -> "Dynamically loaded 22921 datas"
DEBUG | 2026/05/26 13:41:09.227041 | [Dataset Load] -> "Loading datasets from data/train"
DEBUG | 2026/05/26 13:41:09.227100 | [Dataset Load] -> "Dynamically loaded 700 datas"
DEBUG | 2026/05/26 13:41:09.227130 | [Dataset Load] -> "Loading datasets from data/train"
DEBUG | 2026/05/26 13:41:09.227178 | [Dataset Load] -> "Dynamically loaded 300 datas"
DEBUG | 2026/05/26 13:41:27.751887 | [Test Dataset Load] -> "Loading datasets from data/test"
DEBUG | 2026/05/26 13:41:27.754269 | [Test Dataset Load] -> "Dynamically loaded 5000 datas"
DEBUG | 2026/05/26 13:41:27.754859 | [Dataset Load] -> "Loading datasets from data/train"
DEBUG | 2026/05/26 13:41:27.754933 | [Dataset Load] -> "Loading datasets from class Atelectasis"
DEBUG | 2026/05/26 13:41:27.756285 | [Dataset Load] -> "Loading datasets from class Cardiomegaly"
DEBUG | 2026/05/26 13:41:27.756857 | [Dataset Load] -> "Loading datasets from class Consolidation"
DEBUG | 2026/05/26 13:41:27.758000 | [Dataset Load] -> "Loading datasets from class Edema"
DEBUG | 2026/05/26 13:41:27.758642 | [Dataset Load] -> "Loading datasets from class Effusion"
DEBUG | 2026/05/26 13:41:27.759891 | [Dataset Load] -> "Loading datasets from class Emphysema"
DEBUG | 2026/05/26 13:41:27.760356 | [Dataset Load] -> "Loading datasets from class Fibrosis"
DEBUG | 2026/05/26 13:41:27.760653 | [Dataset Load] -> "Loading datasets from class Hernia"
DEBUG | 2026/05/26 13:41:27.760729 | [Dataset Load] -> "Loading datasets from class Infiltration"
DEBUG | 2026/05/26 13:41:27.762058 | [Dataset Load] -> "Loading datasets from class Mass"
DEBUG | 2026/05/26 13:41:27.762888 | [Dataset Load] -> "Loading datasets from class No Finding"
DEBUG | 2026/05/26 13:41:27.764451 | [Dataset Load] -> "Loading datasets from class Nodule"
DEBUG | 2026/05/26 13:41:27.765241 | [Dataset Load] -> "Loading datasets from class Pleural_Thickening"
DEBUG | 2026/05/26 13:41:27.765564 | [Dataset Load] -> "Loading datasets from class Pneumonia"
DEBUG | 2026/05/26 13:41:27.765680 | [Dataset Load] -> "Loading datasets from class Pneumothorax"
DEBUG | 2026/05/26 13:41:27.766274 | [Dataset Load] -> "Dynamically loaded 22921 datas"
DEBUG | 2026/05/26 13:41:27.766907 | [Dataset Load] -> "Loading datasets from data/train"
DEBUG | 2026/05/26 13:41:27.766962 | [Dataset Load] -> "Dynamically loaded 700 datas"
DEBUG | 2026/05/26 13:41:27.766989 | [Dataset Load] -> "Loading datasets from data/train"
DEBUG | 2026/05/26 13:41:27.767031 | [Dataset Load] -> "Dynamically loaded 300 datas"
DEBUG | 2026/05/26 13:41:53.426646 | [Test Dataset Load] -> "Loading datasets from data/test"
DEBUG | 2026/05/26 13:41:53.428460 | [Test Dataset Load] -> "Dynamically loaded 5000 datas"
DEBUG | 2026/05/26 13:41:53.429487 | [Dataset Load] -> "Loading datasets from data/train"
DEBUG | 2026/05/26 13:41:53.429549 | [Dataset Load] -> "Loading datasets from class Atelectasis"
DEBUG | 2026/05/26 13:41:53.430858 | [Dataset Load] -> "Loading datasets from class Cardiomegaly"
DEBUG | 2026/05/26 13:41:53.431406 | [Dataset Load] -> "Loading datasets from class Consolidation"
DEBUG | 2026/05/26 13:41:53.432194 | [Dataset Load] -> "Loading datasets from class Edema"
DEBUG | 2026/05/26 13:41:53.432670 | [Dataset Load] -> "Loading datasets from class Effusion"
DEBUG | 2026/05/26 13:41:53.433620 | [Dataset Load] -> "Loading datasets from class Emphysema"
DEBUG | 2026/05/26 13:41:53.434078 | [Dataset Load] -> "Loading datasets from class Fibrosis"
DEBUG | 2026/05/26 13:41:53.434366 | [Dataset Load] -> "Loading datasets from class Hernia"
DEBUG | 2026/05/26 13:41:53.434437 | [Dataset Load] -> "Loading datasets from class Infiltration"
DEBUG | 2026/05/26 13:41:53.435646 | [Dataset Load] -> "Loading datasets from class Mass"
DEBUG | 2026/05/26 13:41:53.436419 | [Dataset Load] -> "Loading datasets from class No Finding"
DEBUG | 2026/05/26 13:41:53.437907 | [Dataset Load] -> "Loading datasets from class Nodule"
DEBUG | 2026/05/26 13:41:53.438651 | [Dataset Load] -> "Loading datasets from class Pleural_Thickening"
DEBUG | 2026/05/26 13:41:53.438969 | [Dataset Load] -> "Loading datasets from class Pneumonia"
DEBUG | 2026/05/26 13:41:53.439109 | [Dataset Load] -> "Loading datasets from class Pneumothorax"
DEBUG | 2026/05/26 13:41:53.439762 | [Dataset Load] -> "Dynamically loaded 22921 datas"
DEBUG | 2026/05/26 13:41:53.440461 | [Dataset Load] -> "Loading datasets from data/train"
DEBUG | 2026/05/26 13:41:53.440538 | [Dataset Load] -> "Dynamically loaded 700 datas"
DEBUG | 2026/05/26 13:41:53.440571 | [Dataset Load] -> "Loading datasets from data/train"
DEBUG | 2026/05/26 13:41:53.440618 | [Dataset Load] -> "Dynamically loaded 300 datas"
DEBUG | 2026/05/29 10:18:17.811813 | [Test Dataset Load] -> "Loading datasets from data/test"
DEBUG | 2026/05/29 10:18:17.841133 | [Test Dataset Load] -> "Dynamically loaded 5000 datas"
DEBUG | 2026/05/29 10:18:17.842620 | [Dataset Load] -> "Loading datasets from data/train"
DEBUG | 2026/05/29 10:18:17.842846 | [Dataset Load] -> "Loading datasets from class Atelectasis"
DEBUG | 2026/05/29 10:18:17.854529 | [Dataset Load] -> "Loading datasets from class Cardiomegaly"
DEBUG | 2026/05/29 10:18:17.857673 | [Dataset Load] -> "Loading datasets from class Consolidation"
DEBUG | 2026/05/29 10:18:17.862000 | [Dataset Load] -> "Loading datasets from class Edema"
DEBUG | 2026/05/29 10:18:17.866831 | [Dataset Load] -> "Loading datasets from class Effusion"
DEBUG | 2026/05/29 10:18:17.872802 | [Dataset Load] -> "Loading datasets from class Emphysema"
DEBUG | 2026/05/29 10:18:17.874612 | [Dataset Load] -> "Loading datasets from class Fibrosis"
DEBUG | 2026/05/29 10:18:17.877914 | [Dataset Load] -> "Loading datasets from class Hernia"
DEBUG | 2026/05/29 10:18:17.878170 | [Dataset Load] -> "Loading datasets from class Infiltration"
DEBUG | 2026/05/29 10:18:17.884640 | [Dataset Load] -> "Loading datasets from class Mass"
DEBUG | 2026/05/29 10:18:17.891007 | [Dataset Load] -> "Loading datasets from class No Finding"
DEBUG | 2026/05/29 10:18:17.902621 | [Dataset Load] -> "Loading datasets from class Nodule"
DEBUG | 2026/05/29 10:18:17.906896 | [Dataset Load] -> "Loading datasets from class Pleural_Thickening"
DEBUG | 2026/05/29 10:18:17.909758 | [Dataset Load] -> "Loading datasets from class Pneumonia"
DEBUG | 2026/05/29 10:18:17.911446 | [Dataset Load] -> "Loading datasets from class Pneumothorax"
DEBUG | 2026/05/29 10:18:17.914382 | [Dataset Load] -> "Dynamically loaded 22921 datas"
DEBUG | 2026/05/29 10:18:18.009384 | [Dataset Load] -> "Loading datasets from data/train"
DEBUG | 2026/05/29 10:18:18.009641 | [Dataset Load] -> "Dynamically loaded 16044 datas"
DEBUG | 2026/05/29 10:18:18.009821 | [Dataset Load] -> "Loading datasets from data/train"
DEBUG | 2026/05/29 10:18:18.009891 | [Dataset Load] -> "Dynamically loaded 6877 datas"
DEBUG | 2026/05/29 10:18:54.109300 | [Test Dataset Load] -> "Loading datasets from data/test"
DEBUG | 2026/05/29 10:18:54.111343 | [Test Dataset Load] -> "Dynamically loaded 5000 datas"
DEBUG | 2026/05/29 10:18:54.112815 | [Dataset Load] -> "Loading datasets from data/train"
DEBUG | 2026/05/29 10:18:54.112908 | [Dataset Load] -> "Loading datasets from class Atelectasis"
DEBUG | 2026/05/29 10:18:54.114345 | [Dataset Load] -> "Loading datasets from class Cardiomegaly"
DEBUG | 2026/05/29 10:18:54.115278 | [Dataset Load] -> "Loading datasets from class Consolidation"
DEBUG | 2026/05/29 10:18:54.116135 | [Dataset Load] -> "Loading datasets from class Edema"
DEBUG | 2026/05/29 10:18:54.116659 | [Dataset Load] -> "Loading datasets from class Effusion"
DEBUG | 2026/05/29 10:18:54.117504 | [Dataset Load] -> "Loading datasets from class Emphysema"
DEBUG | 2026/05/29 10:18:54.117942 | [Dataset Load] -> "Loading datasets from class Fibrosis"
DEBUG | 2026/05/29 10:18:54.118225 | [Dataset Load] -> "Loading datasets from class Hernia"
DEBUG | 2026/05/29 10:18:54.118302 | [Dataset Load] -> "Loading datasets from class Infiltration"
DEBUG | 2026/05/29 10:18:54.119672 | [Dataset Load] -> "Loading datasets from class Mass"
DEBUG | 2026/05/29 10:18:54.120471 | [Dataset Load] -> "Loading datasets from class No Finding"
DEBUG | 2026/05/29 10:18:54.121899 | [Dataset Load] -> "Loading datasets from class Nodule"
DEBUG | 2026/05/29 10:18:54.122818 | [Dataset Load] -> "Loading datasets from class Pleural_Thickening"
DEBUG | 2026/05/29 10:18:54.123447 | [Dataset Load] -> "Loading datasets from class Pneumonia"
DEBUG | 2026/05/29 10:18:54.123629 | [Dataset Load] -> "Loading datasets from class Pneumothorax"
DEBUG | 2026/05/29 10:18:54.124550 | [Dataset Load] -> "Dynamically loaded 22921 datas"
DEBUG | 2026/05/29 10:18:54.219279 | [Dataset Load] -> "Loading datasets from data/train"
DEBUG | 2026/05/29 10:18:54.219512 | [Dataset Load] -> "Dynamically loaded 16044 datas"
DEBUG | 2026/05/29 10:18:54.219694 | [Dataset Load] -> "Loading datasets from data/train"
DEBUG | 2026/05/29 10:18:54.219758 | [Dataset Load] -> "Dynamically loaded 6877 datas"
DEBUG | 2026/05/29 10:20:45.385095 | [Test Dataset Load] -> "Loading datasets from data/test"
DEBUG | 2026/05/29 10:20:45.416149 | [Test Dataset Load] -> "Dynamically loaded 5000 datas"
DEBUG | 2026/05/29 10:20:45.417608 | [Dataset Load] -> "Loading datasets from data/train"
DEBUG | 2026/05/29 10:20:45.417843 | [Dataset Load] -> "Loading datasets from class Atelectasis"
DEBUG | 2026/05/29 10:20:45.429791 | [Dataset Load] -> "Loading datasets from class Cardiomegaly"
DEBUG | 2026/05/29 10:20:45.432637 | [Dataset Load] -> "Loading datasets from class Consolidation"
DEBUG | 2026/05/29 10:20:45.437207 | [Dataset Load] -> "Loading datasets from class Edema"
DEBUG | 2026/05/29 10:20:45.442206 | [Dataset Load] -> "Loading datasets from class Effusion"
DEBUG | 2026/05/29 10:20:45.447578 | [Dataset Load] -> "Loading datasets from class Emphysema"
DEBUG | 2026/05/29 10:20:45.449646 | [Dataset Load] -> "Loading datasets from class Fibrosis"
DEBUG | 2026/05/29 10:20:45.453092 | [Dataset Load] -> "Loading datasets from class Hernia"
DEBUG | 2026/05/29 10:20:45.453427 | [Dataset Load] -> "Loading datasets from class Infiltration"
DEBUG | 2026/05/29 10:20:45.459990 | [Dataset Load] -> "Loading datasets from class Mass"
DEBUG | 2026/05/29 10:20:45.465883 | [Dataset Load] -> "Loading datasets from class No Finding"
DEBUG | 2026/05/29 10:20:45.477433 | [Dataset Load] -> "Loading datasets from class Nodule"
DEBUG | 2026/05/29 10:20:45.481972 | [Dataset Load] -> "Loading datasets from class Pleural_Thickening"
DEBUG | 2026/05/29 10:20:45.484936 | [Dataset Load] -> "Loading datasets from class Pneumonia"
DEBUG | 2026/05/29 10:20:45.486681 | [Dataset Load] -> "Loading datasets from class Pneumothorax"
DEBUG | 2026/05/29 10:20:45.489683 | [Dataset Load] -> "Dynamically loaded 22921 datas"
DEBUG | 2026/05/29 10:20:45.566429 | [Dataset Load] -> "Loading datasets from data/train"
DEBUG | 2026/05/29 10:20:45.566821 | [Dataset Load] -> "Dynamically loaded 16044 datas"
DEBUG | 2026/05/29 10:20:45.566902 | [Dataset Load] -> "Loading datasets from data/train"
DEBUG | 2026/05/29 10:20:45.566979 | [Dataset Load] -> "Dynamically loaded 6877 datas"
DEBUG | 2026/05/29 10:22:23.622956 | [Test Dataset Load] -> "Loading datasets from data/test"
DEBUG | 2026/05/29 10:22:23.655108 | [Test Dataset Load] -> "Dynamically loaded 5000 datas"
DEBUG | 2026/05/29 10:22:23.656513 | [Dataset Load] -> "Loading datasets from data/train"
DEBUG | 2026/05/29 10:22:23.656599 | [Dataset Load] -> "Loading datasets from class Atelectasis"
DEBUG | 2026/05/29 10:22:23.657896 | [Dataset Load] -> "Loading datasets from class Cardiomegaly"
DEBUG | 2026/05/29 10:22:23.658455 | [Dataset Load] -> "Loading datasets from class Consolidation"
DEBUG | 2026/05/29 10:22:23.659503 | [Dataset Load] -> "Loading datasets from class Edema"
DEBUG | 2026/05/29 10:22:23.659984 | [Dataset Load] -> "Loading datasets from class Effusion"
DEBUG | 2026/05/29 10:22:23.660805 | [Dataset Load] -> "Loading datasets from class Emphysema"
DEBUG | 2026/05/29 10:22:23.661228 | [Dataset Load] -> "Loading datasets from class Fibrosis"
DEBUG | 2026/05/29 10:22:23.661515 | [Dataset Load] -> "Loading datasets from class Hernia"
DEBUG | 2026/05/29 10:22:23.661586 | [Dataset Load] -> "Loading datasets from class Infiltration"
DEBUG | 2026/05/29 10:22:23.662775 | [Dataset Load] -> "Loading datasets from class Mass"
DEBUG | 2026/05/29 10:22:23.663636 | [Dataset Load] -> "Loading datasets from class No Finding"
DEBUG | 2026/05/29 10:22:23.665017 | [Dataset Load] -> "Loading datasets from class Nodule"
DEBUG | 2026/05/29 10:22:23.665761 | [Dataset Load] -> "Loading datasets from class Pleural_Thickening"
DEBUG | 2026/05/29 10:22:23.666090 | [Dataset Load] -> "Loading datasets from class Pneumonia"
DEBUG | 2026/05/29 10:22:23.666215 | [Dataset Load] -> "Loading datasets from class Pneumothorax"
DEBUG | 2026/05/29 10:22:23.666912 | [Dataset Load] -> "Dynamically loaded 22921 datas"
DEBUG | 2026/05/29 10:22:23.756606 | [Dataset Load] -> "Loading datasets from data/train"
DEBUG | 2026/05/29 10:22:23.756773 | [Dataset Load] -> "Dynamically loaded 16044 datas"
DEBUG | 2026/05/29 10:22:23.756823 | [Dataset Load] -> "Loading datasets from data/train"
DEBUG | 2026/05/29 10:22:23.756879 | [Dataset Load] -> "Dynamically loaded 6877 datas"
DEBUG | 2026/05/29 10:23:56.428570 | [Test Dataset Load] -> "Loading datasets from data/test"
DEBUG | 2026/05/29 10:23:56.461028 | [Test Dataset Load] -> "Dynamically loaded 5000 datas"
DEBUG | 2026/05/29 10:23:56.462640 | [Dataset Load] -> "Loading datasets from data/train"
DEBUG | 2026/05/29 10:23:56.462887 | [Dataset Load] -> "Loading datasets from class Atelectasis"
DEBUG | 2026/05/29 10:23:56.474677 | [Dataset Load] -> "Loading datasets from class Cardiomegaly"
DEBUG | 2026/05/29 10:23:56.477268 | [Dataset Load] -> "Loading datasets from class Consolidation"
DEBUG | 2026/05/29 10:23:56.550193 | [Dataset Load] -> "Loading datasets from class Edema"
DEBUG | 2026/05/29 10:23:56.556173 | [Dataset Load] -> "Loading datasets from class Effusion"
DEBUG | 2026/05/29 10:23:56.561751 | [Dataset Load] -> "Loading datasets from class Emphysema"
DEBUG | 2026/05/29 10:23:56.563792 | [Dataset Load] -> "Loading datasets from class Fibrosis"
DEBUG | 2026/05/29 10:23:56.566956 | [Dataset Load] -> "Loading datasets from class Hernia"
DEBUG | 2026/05/29 10:23:56.567138 | [Dataset Load] -> "Loading datasets from class Infiltration"
DEBUG | 2026/05/29 10:23:56.573638 | [Dataset Load] -> "Loading datasets from class Mass"
DEBUG | 2026/05/29 10:23:56.579405 | [Dataset Load] -> "Loading datasets from class No Finding"
DEBUG | 2026/05/29 10:23:56.591107 | [Dataset Load] -> "Loading datasets from class Nodule"
DEBUG | 2026/05/29 10:23:56.595192 | [Dataset Load] -> "Loading datasets from class Pleural_Thickening"
DEBUG | 2026/05/29 10:23:56.598318 | [Dataset Load] -> "Loading datasets from class Pneumonia"
DEBUG | 2026/05/29 10:23:56.600073 | [Dataset Load] -> "Loading datasets from class Pneumothorax"
DEBUG | 2026/05/29 10:23:56.602859 | [Dataset Load] -> "Dynamically loaded 22921 datas"
DEBUG | 2026/05/29 10:23:56.610520 | [Dataset Load] -> "Loading datasets from data/train"
DEBUG | 2026/05/29 10:23:56.610605 | [Dataset Load] -> "Dynamically loaded 16044 datas"
DEBUG | 2026/05/29 10:23:56.610657 | [Dataset Load] -> "Loading datasets from data/train"
DEBUG | 2026/05/29 10:23:56.610713 | [Dataset Load] -> "Dynamically loaded 6877 datas"
DEBUG | 2026/05/29 10:24:57.572747 | [Test Dataset Load] -> "Loading datasets from data/test"
DEBUG | 2026/05/29 10:24:57.606784 | [Test Dataset Load] -> "Dynamically loaded 5000 datas"
DEBUG | 2026/05/29 10:24:57.608406 | [Dataset Load] -> "Loading datasets from data/train"
DEBUG | 2026/05/29 10:24:57.608953 | [Dataset Load] -> "Loading datasets from class Atelectasis"
DEBUG | 2026/05/29 10:24:57.625229 | [Dataset Load] -> "Loading datasets from class Cardiomegaly"
DEBUG | 2026/05/29 10:24:57.628457 | [Dataset Load] -> "Loading datasets from class Consolidation"
DEBUG | 2026/05/29 10:24:57.633739 | [Dataset Load] -> "Loading datasets from class Edema"
DEBUG | 2026/05/29 10:24:57.705351 | [Dataset Load] -> "Loading datasets from class Effusion"
DEBUG | 2026/05/29 10:24:57.712019 | [Dataset Load] -> "Loading datasets from class Emphysema"
DEBUG | 2026/05/29 10:24:57.714557 | [Dataset Load] -> "Loading datasets from class Fibrosis"
DEBUG | 2026/05/29 10:24:57.717859 | [Dataset Load] -> "Loading datasets from class Hernia"
DEBUG | 2026/05/29 10:24:57.718185 | [Dataset Load] -> "Loading datasets from class Infiltration"
DEBUG | 2026/05/29 10:24:57.725451 | [Dataset Load] -> "Loading datasets from class Mass"
DEBUG | 2026/05/29 10:24:57.732168 | [Dataset Load] -> "Loading datasets from class No Finding"
DEBUG | 2026/05/29 10:24:57.744218 | [Dataset Load] -> "Loading datasets from class Nodule"
DEBUG | 2026/05/29 10:24:57.749806 | [Dataset Load] -> "Loading datasets from class Pleural_Thickening"
DEBUG | 2026/05/29 10:24:57.751946 | [Dataset Load] -> "Loading datasets from class Pneumonia"
DEBUG | 2026/05/29 10:24:57.754542 | [Dataset Load] -> "Loading datasets from class Pneumothorax"
DEBUG | 2026/05/29 10:24:57.757480 | [Dataset Load] -> "Dynamically loaded 22921 datas"
DEBUG | 2026/05/29 10:24:57.766546 | [Dataset Load] -> "Loading datasets from data/train"
DEBUG | 2026/05/29 10:24:57.766714 | [Dataset Load] -> "Dynamically loaded 16044 datas"
DEBUG | 2026/05/29 10:24:57.766779 | [Dataset Load] -> "Loading datasets from data/train"
DEBUG | 2026/05/29 10:24:57.766840 | [Dataset Load] -> "Dynamically loaded 6877 datas"
DEBUG | 2026/05/29 10:25:21.687279 | [Test Dataset Load] -> "Loading datasets from data/test"
DEBUG | 2026/05/29 10:25:21.689249 | [Test Dataset Load] -> "Dynamically loaded 5000 datas"
DEBUG | 2026/05/29 10:25:21.690757 | [Dataset Load] -> "Loading datasets from data/train"
DEBUG | 2026/05/29 10:25:21.690851 | [Dataset Load] -> "Loading datasets from class Atelectasis"
DEBUG | 2026/05/29 10:25:21.692268 | [Dataset Load] -> "Loading datasets from class Cardiomegaly"
DEBUG | 2026/05/29 10:25:21.692902 | [Dataset Load] -> "Loading datasets from class Consolidation"
DEBUG | 2026/05/29 10:25:21.760132 | [Dataset Load] -> "Loading datasets from class Edema"
DEBUG | 2026/05/29 10:25:21.760737 | [Dataset Load] -> "Loading datasets from class Effusion"
DEBUG | 2026/05/29 10:25:21.761566 | [Dataset Load] -> "Loading datasets from class Emphysema"
DEBUG | 2026/05/29 10:25:21.762004 | [Dataset Load] -> "Loading datasets from class Fibrosis"
DEBUG | 2026/05/29 10:25:21.762304 | [Dataset Load] -> "Loading datasets from class Hernia"
DEBUG | 2026/05/29 10:25:21.762382 | [Dataset Load] -> "Loading datasets from class Infiltration"
DEBUG | 2026/05/29 10:25:21.763612 | [Dataset Load] -> "Loading datasets from class Mass"
DEBUG | 2026/05/29 10:25:21.764478 | [Dataset Load] -> "Loading datasets from class No Finding"
DEBUG | 2026/05/29 10:25:21.765869 | [Dataset Load] -> "Loading datasets from class Nodule"
DEBUG | 2026/05/29 10:25:21.766609 | [Dataset Load] -> "Loading datasets from class Pleural_Thickening"
DEBUG | 2026/05/29 10:25:21.766936 | [Dataset Load] -> "Loading datasets from class Pneumonia"
DEBUG | 2026/05/29 10:25:21.767054 | [Dataset Load] -> "Loading datasets from class Pneumothorax"
DEBUG | 2026/05/29 10:25:21.767764 | [Dataset Load] -> "Dynamically loaded 22921 datas"
DEBUG | 2026/05/29 10:25:21.776243 | [Dataset Load] -> "Loading datasets from data/train"
DEBUG | 2026/05/29 10:25:21.776336 | [Dataset Load] -> "Dynamically loaded 16044 datas"
DEBUG | 2026/05/29 10:25:21.776377 | [Dataset Load] -> "Loading datasets from data/train"
DEBUG | 2026/05/29 10:25:21.776429 | [Dataset Load] -> "Dynamically loaded 6877 datas"
DEBUG | 2026/05/29 10:25:46.415934 | [Test Dataset Load] -> "Loading datasets from data/test"
DEBUG | 2026/05/29 10:25:46.417873 | [Test Dataset Load] -> "Dynamically loaded 5000 datas"
DEBUG | 2026/05/29 10:25:46.419349 | [Dataset Load] -> "Loading datasets from data/train"
DEBUG | 2026/05/29 10:25:46.419451 | [Dataset Load] -> "Loading datasets from class Atelectasis"
DEBUG | 2026/05/29 10:25:46.420941 | [Dataset Load] -> "Loading datasets from class Cardiomegaly"
DEBUG | 2026/05/29 10:25:46.421493 | [Dataset Load] -> "Loading datasets from class Consolidation"
DEBUG | 2026/05/29 10:25:46.422643 | [Dataset Load] -> "Loading datasets from class Edema"
DEBUG | 2026/05/29 10:25:46.498918 | [Dataset Load] -> "Loading datasets from class Effusion"
DEBUG | 2026/05/29 10:25:46.500070 | [Dataset Load] -> "Loading datasets from class Emphysema"
DEBUG | 2026/05/29 10:25:46.500516 | [Dataset Load] -> "Loading datasets from class Fibrosis"
DEBUG | 2026/05/29 10:25:46.500806 | [Dataset Load] -> "Loading datasets from class Hernia"
DEBUG | 2026/05/29 10:25:46.500882 | [Dataset Load] -> "Loading datasets from class Infiltration"
DEBUG | 2026/05/29 10:25:46.502127 | [Dataset Load] -> "Loading datasets from class Mass"
DEBUG | 2026/05/29 10:25:46.503027 | [Dataset Load] -> "Loading datasets from class No Finding"
DEBUG | 2026/05/29 10:25:46.504421 | [Dataset Load] -> "Loading datasets from class Nodule"
DEBUG | 2026/05/29 10:25:46.505169 | [Dataset Load] -> "Loading datasets from class Pleural_Thickening"
DEBUG | 2026/05/29 10:25:46.505514 | [Dataset Load] -> "Loading datasets from class Pneumonia"
DEBUG | 2026/05/29 10:25:46.505639 | [Dataset Load] -> "Loading datasets from class Pneumothorax"
DEBUG | 2026/05/29 10:25:46.506263 | [Dataset Load] -> "Dynamically loaded 22921 datas"
DEBUG | 2026/05/29 10:25:46.514596 | [Dataset Load] -> "Loading datasets from data/train"
DEBUG | 2026/05/29 10:25:46.514713 | [Dataset Load] -> "Dynamically loaded 16044 datas"
DEBUG | 2026/05/29 10:25:46.514752 | [Dataset Load] -> "Loading datasets from data/train"
DEBUG | 2026/05/29 10:25:46.514797 | [Dataset Load] -> "Dynamically loaded 6877 datas"
DEBUG | 2026/05/29 10:26:08.583258 | [Test Dataset Load] -> "Loading datasets from data/test"
DEBUG | 2026/05/29 10:26:08.585307 | [Test Dataset Load] -> "Dynamically loaded 5000 datas"
DEBUG | 2026/05/29 10:26:08.586740 | [Dataset Load] -> "Loading datasets from data/train"
DEBUG | 2026/05/29 10:26:08.586822 | [Dataset Load] -> "Loading datasets from class Atelectasis"
DEBUG | 2026/05/29 10:26:08.588247 | [Dataset Load] -> "Loading datasets from class Cardiomegaly"
DEBUG | 2026/05/29 10:26:08.588808 | [Dataset Load] -> "Loading datasets from class Consolidation"
DEBUG | 2026/05/29 10:26:08.657459 | [Dataset Load] -> "Loading datasets from class Edema"
DEBUG | 2026/05/29 10:26:08.658037 | [Dataset Load] -> "Loading datasets from class Effusion"
DEBUG | 2026/05/29 10:26:08.658891 | [Dataset Load] -> "Loading datasets from class Emphysema"
DEBUG | 2026/05/29 10:26:08.659334 | [Dataset Load] -> "Loading datasets from class Fibrosis"
DEBUG | 2026/05/29 10:26:08.659626 | [Dataset Load] -> "Loading datasets from class Hernia"
DEBUG | 2026/05/29 10:26:08.659697 | [Dataset Load] -> "Loading datasets from class Infiltration"
DEBUG | 2026/05/29 10:26:08.660957 | [Dataset Load] -> "Loading datasets from class Mass"
DEBUG | 2026/05/29 10:26:08.661812 | [Dataset Load] -> "Loading datasets from class No Finding"
DEBUG | 2026/05/29 10:26:08.663195 | [Dataset Load] -> "Loading datasets from class Nodule"
DEBUG | 2026/05/29 10:26:08.663953 | [Dataset Load] -> "Loading datasets from class Pleural_Thickening"
DEBUG | 2026/05/29 10:26:08.664279 | [Dataset Load] -> "Loading datasets from class Pneumonia"
DEBUG | 2026/05/29 10:26:08.664394 | [Dataset Load] -> "Loading datasets from class Pneumothorax"
DEBUG | 2026/05/29 10:26:08.665104 | [Dataset Load] -> "Dynamically loaded 22921 datas"
DEBUG | 2026/05/29 10:26:08.673162 | [Dataset Load] -> "Loading datasets from data/train"
DEBUG | 2026/05/29 10:26:08.673234 | [Dataset Load] -> "Dynamically loaded 16044 datas"
DEBUG | 2026/05/29 10:26:08.673271 | [Dataset Load] -> "Loading datasets from data/train"
DEBUG | 2026/05/29 10:26:08.673316 | [Dataset Load] -> "Dynamically loaded 6877 datas"
DEBUG | 2026/05/29 10:27:08.556148 | [Test Dataset Load] -> "Loading datasets from data/test"
DEBUG | 2026/05/29 10:27:08.558099 | [Test Dataset Load] -> "Dynamically loaded 5000 datas"
DEBUG | 2026/05/29 10:27:08.559481 | [Dataset Load] -> "Loading datasets from data/train"
DEBUG | 2026/05/29 10:27:08.559567 | [Dataset Load] -> "Loading datasets from class Atelectasis"
DEBUG | 2026/05/29 10:27:08.560856 | [Dataset Load] -> "Loading datasets from class Cardiomegaly"
DEBUG | 2026/05/29 10:27:08.561393 | [Dataset Load] -> "Loading datasets from class Consolidation"
DEBUG | 2026/05/29 10:27:08.637633 | [Dataset Load] -> "Loading datasets from class Edema"
DEBUG | 2026/05/29 10:27:08.642462 | [Dataset Load] -> "Loading datasets from class Effusion"
DEBUG | 2026/05/29 10:27:08.649260 | [Dataset Load] -> "Loading datasets from class Emphysema"
DEBUG | 2026/05/29 10:27:08.651305 | [Dataset Load] -> "Loading datasets from class Fibrosis"
DEBUG | 2026/05/29 10:27:08.654384 | [Dataset Load] -> "Loading datasets from class Hernia"
DEBUG | 2026/05/29 10:27:08.654589 | [Dataset Load] -> "Loading datasets from class Infiltration"
DEBUG | 2026/05/29 10:27:08.661113 | [Dataset Load] -> "Loading datasets from class Mass"
DEBUG | 2026/05/29 10:27:08.664959 | [Dataset Load] -> "Loading datasets from class No Finding"
DEBUG | 2026/05/29 10:27:08.666406 | [Dataset Load] -> "Loading datasets from class Nodule"
DEBUG | 2026/05/29 10:27:08.667179 | [Dataset Load] -> "Loading datasets from class Pleural_Thickening"
DEBUG | 2026/05/29 10:27:08.667528 | [Dataset Load] -> "Loading datasets from class Pneumonia"
DEBUG | 2026/05/29 10:27:08.667661 | [Dataset Load] -> "Loading datasets from class Pneumothorax"
DEBUG | 2026/05/29 10:27:08.668404 | [Dataset Load] -> "Dynamically loaded 22921 datas"
DEBUG | 2026/05/29 10:27:08.676727 | [Dataset Load] -> "Loading datasets from data/train"
DEBUG | 2026/05/29 10:27:08.676902 | [Dataset Load] -> "Dynamically loaded 16044 datas"
DEBUG | 2026/05/29 10:27:08.676945 | [Dataset Load] -> "Loading datasets from data/train"
DEBUG | 2026/05/29 10:27:08.677000 | [Dataset Load] -> "Dynamically loaded 6877 datas"
DEBUG | 2026/05/29 10:27:32.885708 | [Test Dataset Load] -> "Loading datasets from data/test"
DEBUG | 2026/05/29 10:27:32.887693 | [Test Dataset Load] -> "Dynamically loaded 5000 datas"
DEBUG | 2026/05/29 10:27:32.889123 | [Dataset Load] -> "Loading datasets from data/train"
DEBUG | 2026/05/29 10:27:32.889231 | [Dataset Load] -> "Loading datasets from class Atelectasis"
DEBUG | 2026/05/29 10:27:32.890610 | [Dataset Load] -> "Loading datasets from class Cardiomegaly"
DEBUG | 2026/05/29 10:27:32.891272 | [Dataset Load] -> "Loading datasets from class Consolidation"
DEBUG | 2026/05/29 10:27:32.960890 | [Dataset Load] -> "Loading datasets from class Edema"
DEBUG | 2026/05/29 10:27:32.961573 | [Dataset Load] -> "Loading datasets from class Effusion"
DEBUG | 2026/05/29 10:27:32.962417 | [Dataset Load] -> "Loading datasets from class Emphysema"
DEBUG | 2026/05/29 10:27:32.962861 | [Dataset Load] -> "Loading datasets from class Fibrosis"
DEBUG | 2026/05/29 10:27:32.963178 | [Dataset Load] -> "Loading datasets from class Hernia"
DEBUG | 2026/05/29 10:27:32.963266 | [Dataset Load] -> "Loading datasets from class Infiltration"
DEBUG | 2026/05/29 10:27:32.964547 | [Dataset Load] -> "Loading datasets from class Mass"
DEBUG | 2026/05/29 10:27:32.965508 | [Dataset Load] -> "Loading datasets from class No Finding"
DEBUG | 2026/05/29 10:27:32.966926 | [Dataset Load] -> "Loading datasets from class Nodule"
DEBUG | 2026/05/29 10:27:32.967679 | [Dataset Load] -> "Loading datasets from class Pleural_Thickening"
DEBUG | 2026/05/29 10:27:32.968042 | [Dataset Load] -> "Loading datasets from class Pneumonia"
DEBUG | 2026/05/29 10:27:32.968176 | [Dataset Load] -> "Loading datasets from class Pneumothorax"
DEBUG | 2026/05/29 10:27:32.968909 | [Dataset Load] -> "Dynamically loaded 22921 datas"
DEBUG | 2026/05/29 10:27:32.977258 | [Dataset Load] -> "Loading datasets from data/train"
DEBUG | 2026/05/29 10:27:32.977404 | [Dataset Load] -> "Dynamically loaded 16044 datas"
DEBUG | 2026/05/29 10:27:32.977452 | [Dataset Load] -> "Loading datasets from data/train"
DEBUG | 2026/05/29 10:27:32.977513 | [Dataset Load] -> "Dynamically loaded 6877 datas"
DEBUG | 2026/05/29 10:31:56.342304 | [Dataset Load] -> "Loading datasets from data/train/"
DEBUG | 2026/05/29 10:31:56.343691 | [Dataset Load] -> "Loading datasets from class Atelectasis"
DEBUG | 2026/05/29 10:31:56.358340 | [Dataset Load] -> "Loading datasets from class Cardiomegaly"
DEBUG | 2026/05/29 10:31:56.361636 | [Dataset Load] -> "Loading datasets from class Consolidation"
DEBUG | 2026/05/29 10:31:56.366641 | [Dataset Load] -> "Loading datasets from class Edema"
DEBUG | 2026/05/29 10:31:56.370737 | [Dataset Load] -> "Loading datasets from class Effusion"
DEBUG | 2026/05/29 10:31:56.376839 | [Dataset Load] -> "Loading datasets from class Emphysema"
DEBUG | 2026/05/29 10:31:56.378877 | [Dataset Load] -> "Loading datasets from class Fibrosis"
DEBUG | 2026/05/29 10:31:56.381056 | [Dataset Load] -> "Loading datasets from class Hernia"
DEBUG | 2026/05/29 10:31:56.381150 | [Dataset Load] -> "Loading datasets from class Infiltration"
DEBUG | 2026/05/29 10:31:56.387707 | [Dataset Load] -> "Loading datasets from class Mass"
DEBUG | 2026/05/29 10:31:56.393723 | [Dataset Load] -> "Loading datasets from class No Finding"
DEBUG | 2026/05/29 10:31:56.405491 | [Dataset Load] -> "Loading datasets from class Nodule"
DEBUG | 2026/05/29 10:31:56.409800 | [Dataset Load] -> "Loading datasets from class Pleural_Thickening"
DEBUG | 2026/05/29 10:31:56.411428 | [Dataset Load] -> "Loading datasets from class Pneumonia"
DEBUG | 2026/05/29 10:31:56.413903 | [Dataset Load] -> "Loading datasets from class Pneumothorax"
DEBUG | 2026/05/29 10:31:56.416882 | [Dataset Load] -> "Dynamically loaded 22921 datas"
DEBUG | 2026/05/29 10:40:24.141810 | [Test Dataset Load] -> "Loading datasets from data/test"
DEBUG | 2026/05/29 10:40:24.175583 | [Test Dataset Load] -> "Dynamically loaded 5000 datas"
DEBUG | 2026/05/29 10:40:24.177310 | [Dataset Load] -> "Loading datasets from data/train"
DEBUG | 2026/05/29 10:40:24.177605 | [Dataset Load] -> "Loading datasets from class Atelectasis"
DEBUG | 2026/05/29 10:40:24.188781 | [Dataset Load] -> "Loading datasets from class Cardiomegaly"
DEBUG | 2026/05/29 10:40:24.191793 | [Dataset Load] -> "Loading datasets from class Consolidation"
DEBUG | 2026/05/29 10:40:24.196463 | [Dataset Load] -> "Loading datasets from class Edema"
DEBUG | 2026/05/29 10:40:24.201236 | [Dataset Load] -> "Loading datasets from class Effusion"
DEBUG | 2026/05/29 10:40:24.207778 | [Dataset Load] -> "Loading datasets from class Emphysema"
DEBUG | 2026/05/29 10:40:24.209832 | [Dataset Load] -> "Loading datasets from class Fibrosis"
DEBUG | 2026/05/29 10:40:24.210947 | [Dataset Load] -> "Loading datasets from class Hernia"
DEBUG | 2026/05/29 10:40:24.211474 | [Dataset Load] -> "Loading datasets from class Infiltration"
DEBUG | 2026/05/29 10:40:24.217774 | [Dataset Load] -> "Loading datasets from class Mass"
DEBUG | 2026/05/29 10:40:24.223993 | [Dataset Load] -> "Loading datasets from class No Finding"
DEBUG | 2026/05/29 10:40:24.235085 | [Dataset Load] -> "Loading datasets from class Nodule"
DEBUG | 2026/05/29 10:40:24.239394 | [Dataset Load] -> "Loading datasets from class Pleural_Thickening"
DEBUG | 2026/05/29 10:40:24.242707 | [Dataset Load] -> "Loading datasets from class Pneumonia"
DEBUG | 2026/05/29 10:40:24.244484 | [Dataset Load] -> "Loading datasets from class Pneumothorax"
DEBUG | 2026/05/29 10:40:24.247254 | [Dataset Load] -> "Dynamically loaded 22921 datas"
DEBUG | 2026/05/29 10:40:24.348407 | [Dataset Load] -> "Loading datasets from data/train"
DEBUG | 2026/05/29 10:40:24.348867 | [Dataset Load] -> "Dynamically loaded 16044 datas"
DEBUG | 2026/05/29 10:40:24.349072 | [Dataset Load] -> "Loading datasets from data/train"
DEBUG | 2026/05/29 10:40:24.349141 | [Dataset Load] -> "Dynamically loaded 6877 datas"
DEBUG | 2026/05/29 10:40:50.307991 | [Test Dataset Load] -> "Loading datasets from data/test"
DEBUG | 2026/05/29 10:40:50.312598 | [Test Dataset Load] -> "Dynamically loaded 5000 datas"
DEBUG | 2026/05/29 10:40:50.324246 | [Dataset Load] -> "Loading datasets from data/train"
DEBUG | 2026/05/29 10:40:50.324483 | [Dataset Load] -> "Loading datasets from class Atelectasis"
DEBUG | 2026/05/29 10:40:50.326597 | [Dataset Load] -> "Loading datasets from class Cardiomegaly"
DEBUG | 2026/05/29 10:40:50.327839 | [Dataset Load] -> "Loading datasets from class Consolidation"
DEBUG | 2026/05/29 10:40:50.330724 | [Dataset Load] -> "Loading datasets from class Edema"
DEBUG | 2026/05/29 10:40:50.331608 | [Dataset Load] -> "Loading datasets from class Effusion"
DEBUG | 2026/05/29 10:40:50.333060 | [Dataset Load] -> "Loading datasets from class Emphysema"
DEBUG | 2026/05/29 10:40:50.334005 | [Dataset Load] -> "Loading datasets from class Fibrosis"
DEBUG | 2026/05/29 10:40:50.334459 | [Dataset Load] -> "Loading datasets from class Hernia"
DEBUG | 2026/05/29 10:40:50.334602 | [Dataset Load] -> "Loading datasets from class Infiltration"
DEBUG | 2026/05/29 10:40:50.336420 | [Dataset Load] -> "Loading datasets from class Mass"
DEBUG | 2026/05/29 10:40:50.337764 | [Dataset Load] -> "Loading datasets from class No Finding"
DEBUG | 2026/05/29 10:40:50.340025 | [Dataset Load] -> "Loading datasets from class Nodule"
DEBUG | 2026/05/29 10:40:50.341628 | [Dataset Load] -> "Loading datasets from class Pleural_Thickening"
DEBUG | 2026/05/29 10:40:50.342134 | [Dataset Load] -> "Loading datasets from class Pneumonia"
DEBUG | 2026/05/29 10:40:50.342340 | [Dataset Load] -> "Loading datasets from class Pneumothorax"
DEBUG | 2026/05/29 10:40:50.343419 | [Dataset Load] -> "Dynamically loaded 22921 datas"
DEBUG | 2026/05/29 10:40:50.449883 | [Dataset Load] -> "Loading datasets from data/train"
DEBUG | 2026/05/29 10:40:50.450061 | [Dataset Load] -> "Dynamically loaded 16044 datas"
DEBUG | 2026/05/29 10:40:50.450120 | [Dataset Load] -> "Loading datasets from data/train"
DEBUG | 2026/05/29 10:40:50.450181 | [Dataset Load] -> "Dynamically loaded 6877 datas"
DEBUG | 2026/05/29 10:41:27.900938 | [Test Dataset Load] -> "Loading datasets from data/test"
DEBUG | 2026/05/29 10:41:27.934041 | [Test Dataset Load] -> "Dynamically loaded 5000 datas"
DEBUG | 2026/05/29 10:41:27.935623 | [Dataset Load] -> "Loading datasets from data/train"
DEBUG | 2026/05/29 10:41:27.935802 | [Dataset Load] -> "Loading datasets from class Atelectasis"
DEBUG | 2026/05/29 10:41:27.947620 | [Dataset Load] -> "Loading datasets from class Cardiomegaly"
DEBUG | 2026/05/29 10:41:27.950337 | [Dataset Load] -> "Loading datasets from class Consolidation"
DEBUG | 2026/05/29 10:41:27.954359 | [Dataset Load] -> "Loading datasets from class Edema"
DEBUG | 2026/05/29 10:41:27.954876 | [Dataset Load] -> "Loading datasets from class Effusion"
DEBUG | 2026/05/29 10:41:27.955833 | [Dataset Load] -> "Loading datasets from class Emphysema"
DEBUG | 2026/05/29 10:41:27.956301 | [Dataset Load] -> "Loading datasets from class Fibrosis"
DEBUG | 2026/05/29 10:41:27.956638 | [Dataset Load] -> "Loading datasets from class Hernia"
DEBUG | 2026/05/29 10:41:27.956725 | [Dataset Load] -> "Loading datasets from class Infiltration"
DEBUG | 2026/05/29 10:41:27.958078 | [Dataset Load] -> "Loading datasets from class Mass"
DEBUG | 2026/05/29 10:41:27.959036 | [Dataset Load] -> "Loading datasets from class No Finding"
DEBUG | 2026/05/29 10:41:27.960578 | [Dataset Load] -> "Loading datasets from class Nodule"
DEBUG | 2026/05/29 10:41:27.961435 | [Dataset Load] -> "Loading datasets from class Pleural_Thickening"
DEBUG | 2026/05/29 10:41:27.961789 | [Dataset Load] -> "Loading datasets from class Pneumonia"
DEBUG | 2026/05/29 10:41:27.961938 | [Dataset Load] -> "Loading datasets from class Pneumothorax"
DEBUG | 2026/05/29 10:41:27.962759 | [Dataset Load] -> "Dynamically loaded 22921 datas"
DEBUG | 2026/05/29 10:41:28.063525 | [Dataset Load] -> "Loading datasets from data/train"
DEBUG | 2026/05/29 10:41:28.063921 | [Dataset Load] -> "Dynamically loaded 16044 datas"
DEBUG | 2026/05/29 10:41:28.063975 | [Dataset Load] -> "Loading datasets from data/train"
DEBUG | 2026/05/29 10:41:28.064046 | [Dataset Load] -> "Dynamically loaded 6877 datas"
DEBUG | 2026/05/29 10:42:20.535382 | [Test Dataset Load] -> "Loading datasets from data/test"
DEBUG | 2026/05/29 10:42:20.569289 | [Test Dataset Load] -> "Dynamically loaded 5000 datas"
DEBUG | 2026/05/29 10:42:20.571212 | [Dataset Load] -> "Loading datasets from data/train"
DEBUG | 2026/05/29 10:42:20.571472 | [Dataset Load] -> "Loading datasets from class Atelectasis"
DEBUG | 2026/05/29 10:42:20.582159 | [Dataset Load] -> "Loading datasets from class Cardiomegaly"
DEBUG | 2026/05/29 10:42:20.586045 | [Dataset Load] -> "Loading datasets from class Consolidation"
DEBUG | 2026/05/29 10:42:20.590043 | [Dataset Load] -> "Loading datasets from class Edema"
DEBUG | 2026/05/29 10:42:20.594643 | [Dataset Load] -> "Loading datasets from class Effusion"
DEBUG | 2026/05/29 10:42:20.600070 | [Dataset Load] -> "Loading datasets from class Emphysema"
DEBUG | 2026/05/29 10:42:20.602239 | [Dataset Load] -> "Loading datasets from class Fibrosis"
DEBUG | 2026/05/29 10:42:20.604373 | [Dataset Load] -> "Loading datasets from class Hernia"
DEBUG | 2026/05/29 10:42:20.604468 | [Dataset Load] -> "Loading datasets from class Infiltration"
DEBUG | 2026/05/29 10:42:20.611173 | [Dataset Load] -> "Loading datasets from class Mass"
DEBUG | 2026/05/29 10:42:20.617098 | [Dataset Load] -> "Loading datasets from class No Finding"
DEBUG | 2026/05/29 10:42:20.626862 | [Dataset Load] -> "Loading datasets from class Nodule"
DEBUG | 2026/05/29 10:42:20.631346 | [Dataset Load] -> "Loading datasets from class Pleural_Thickening"
DEBUG | 2026/05/29 10:42:20.633405 | [Dataset Load] -> "Loading datasets from class Pneumonia"
DEBUG | 2026/05/29 10:42:20.635750 | [Dataset Load] -> "Loading datasets from class Pneumothorax"
DEBUG | 2026/05/29 10:42:20.638485 | [Dataset Load] -> "Dynamically loaded 22921 datas"
DEBUG | 2026/05/29 10:42:20.725920 | [Dataset Load] -> "Loading datasets from data/train"
DEBUG | 2026/05/29 10:42:20.726075 | [Dataset Load] -> "Dynamically loaded 16044 datas"
DEBUG | 2026/05/29 10:42:20.726126 | [Dataset Load] -> "Loading datasets from data/train"
DEBUG | 2026/05/29 10:42:20.726178 | [Dataset Load] -> "Dynamically loaded 6877 datas"
DEBUG | 2026/05/29 10:42:35.058461 | [Test Dataset Load] -> "Loading datasets from data/test"
DEBUG | 2026/05/29 10:42:35.063309 | [Test Dataset Load] -> "Dynamically loaded 5000 datas"
DEBUG | 2026/05/29 10:42:35.065169 | [Dataset Load] -> "Loading datasets from data/train"
DEBUG | 2026/05/29 10:42:35.065341 | [Dataset Load] -> "Loading datasets from class Atelectasis"
DEBUG | 2026/05/29 10:42:35.068721 | [Dataset Load] -> "Loading datasets from class Cardiomegaly"
DEBUG | 2026/05/29 10:42:35.070063 | [Dataset Load] -> "Loading datasets from class Consolidation"
DEBUG | 2026/05/29 10:42:35.071935 | [Dataset Load] -> "Loading datasets from class Edema"
DEBUG | 2026/05/29 10:42:35.073392 | [Dataset Load] -> "Loading datasets from class Effusion"
DEBUG | 2026/05/29 10:42:35.074298 | [Dataset Load] -> "Loading datasets from class Emphysema"
DEBUG | 2026/05/29 10:42:35.074739 | [Dataset Load] -> "Loading datasets from class Fibrosis"
DEBUG | 2026/05/29 10:42:35.075021 | [Dataset Load] -> "Loading datasets from class Hernia"
DEBUG | 2026/05/29 10:42:35.075091 | [Dataset Load] -> "Loading datasets from class Infiltration"
DEBUG | 2026/05/29 10:42:35.076262 | [Dataset Load] -> "Loading datasets from class Mass"
DEBUG | 2026/05/29 10:42:35.077121 | [Dataset Load] -> "Loading datasets from class No Finding"
DEBUG | 2026/05/29 10:42:35.078489 | [Dataset Load] -> "Loading datasets from class Nodule"
DEBUG | 2026/05/29 10:42:35.079219 | [Dataset Load] -> "Loading datasets from class Pleural_Thickening"
DEBUG | 2026/05/29 10:42:35.079543 | [Dataset Load] -> "Loading datasets from class Pneumonia"
DEBUG | 2026/05/29 10:42:35.079657 | [Dataset Load] -> "Loading datasets from class Pneumothorax"
DEBUG | 2026/05/29 10:42:35.080246 | [Dataset Load] -> "Dynamically loaded 22921 datas"
DEBUG | 2026/05/29 10:42:35.167959 | [Dataset Load] -> "Loading datasets from data/train"
DEBUG | 2026/05/29 10:42:35.168110 | [Dataset Load] -> "Dynamically loaded 16044 datas"
DEBUG | 2026/05/29 10:42:35.168156 | [Dataset Load] -> "Loading datasets from data/train"
DEBUG | 2026/05/29 10:42:35.168210 | [Dataset Load] -> "Dynamically loaded 6877 datas"
DEBUG | 2026/05/29 10:47:29.164761 | [Test Dataset Load] -> "Loading datasets from data/test"
DEBUG | 2026/05/29 10:47:29.200897 | [Test Dataset Load] -> "Dynamically loaded 5000 datas"
DEBUG | 2026/05/29 10:47:29.202652 | [Dataset Load] -> "Loading datasets from data/train"
DEBUG | 2026/05/29 10:47:29.202988 | [Dataset Load] -> "Loading datasets from class Atelectasis"
DEBUG | 2026/05/29 10:47:29.216033 | [Dataset Load] -> "Loading datasets from class Cardiomegaly"
DEBUG | 2026/05/29 10:47:29.218954 | [Dataset Load] -> "Loading datasets from class Consolidation"
DEBUG | 2026/05/29 10:47:29.223352 | [Dataset Load] -> "Loading datasets from class Edema"
DEBUG | 2026/05/29 10:47:29.228776 | [Dataset Load] -> "Loading datasets from class Effusion"
DEBUG | 2026/05/29 10:47:29.234215 | [Dataset Load] -> "Loading datasets from class Emphysema"
DEBUG | 2026/05/29 10:47:29.236198 | [Dataset Load] -> "Loading datasets from class Fibrosis"
DEBUG | 2026/05/29 10:47:29.238247 | [Dataset Load] -> "Loading datasets from class Hernia"
DEBUG | 2026/05/29 10:47:29.238533 | [Dataset Load] -> "Loading datasets from class Infiltration"
DEBUG | 2026/05/29 10:47:29.244975 | [Dataset Load] -> "Loading datasets from class Mass"
DEBUG | 2026/05/29 10:47:29.250621 | [Dataset Load] -> "Loading datasets from class No Finding"
DEBUG | 2026/05/29 10:47:29.262007 | [Dataset Load] -> "Loading datasets from class Nodule"
DEBUG | 2026/05/29 10:47:29.266412 | [Dataset Load] -> "Loading datasets from class Pleural_Thickening"
DEBUG | 2026/05/29 10:47:29.269471 | [Dataset Load] -> "Loading datasets from class Pneumonia"
DEBUG | 2026/05/29 10:47:29.271358 | [Dataset Load] -> "Loading datasets from class Pneumothorax"
DEBUG | 2026/05/29 10:47:29.273955 | [Dataset Load] -> "Dynamically loaded 22921 datas"
DEBUG | 2026/05/29 10:47:29.335414 | [Dataset Load] -> "Loading datasets from data/train"
DEBUG | 2026/05/29 10:47:29.335608 | [Dataset Load] -> "Dynamically loaded 16044 datas"
DEBUG | 2026/05/29 10:47:29.335691 | [Dataset Load] -> "Loading datasets from data/train"
DEBUG | 2026/05/29 10:47:29.335750 | [Dataset Load] -> "Dynamically loaded 6877 datas"
DEBUG | 2026/05/29 10:49:18.108689 | [Test Dataset Load] -> "Loading datasets from data/test"
DEBUG | 2026/05/29 10:49:18.116577 | [Test Dataset Load] -> "Dynamically loaded 5000 datas"
DEBUG | 2026/05/29 10:49:18.118880 | [Dataset Load] -> "Loading datasets from data/train"
DEBUG | 2026/05/29 10:49:18.119158 | [Dataset Load] -> "Loading datasets from class Atelectasis"
DEBUG | 2026/05/29 10:49:18.123267 | [Dataset Load] -> "Loading datasets from class Cardiomegaly"
DEBUG | 2026/05/29 10:49:18.124905 | [Dataset Load] -> "Loading datasets from class Consolidation"
DEBUG | 2026/05/29 10:49:18.126984 | [Dataset Load] -> "Loading datasets from class Edema"
DEBUG | 2026/05/29 10:49:18.128873 | [Dataset Load] -> "Loading datasets from class Effusion"
DEBUG | 2026/05/29 10:49:18.130791 | [Dataset Load] -> "Loading datasets from class Emphysema"
DEBUG | 2026/05/29 10:49:18.131803 | [Dataset Load] -> "Loading datasets from class Fibrosis"
DEBUG | 2026/05/29 10:49:18.132538 | [Dataset Load] -> "Loading datasets from class Hernia"
DEBUG | 2026/05/29 10:49:18.132814 | [Dataset Load] -> "Loading datasets from class Infiltration"
DEBUG | 2026/05/29 10:49:18.135990 | [Dataset Load] -> "Loading datasets from class Mass"
DEBUG | 2026/05/29 10:49:18.137957 | [Dataset Load] -> "Loading datasets from class No Finding"
DEBUG | 2026/05/29 10:49:18.141018 | [Dataset Load] -> "Loading datasets from class Nodule"
DEBUG | 2026/05/29 10:49:18.142662 | [Dataset Load] -> "Loading datasets from class Pleural_Thickening"
DEBUG | 2026/05/29 10:49:18.143377 | [Dataset Load] -> "Loading datasets from class Pneumonia"
DEBUG | 2026/05/29 10:49:18.143651 | [Dataset Load] -> "Loading datasets from class Pneumothorax"
DEBUG | 2026/05/29 10:49:18.144854 | [Dataset Load] -> "Dynamically loaded 22921 datas"
DEBUG | 2026/05/29 10:49:18.216086 | [Dataset Load] -> "Loading datasets from data/train"
DEBUG | 2026/05/29 10:49:18.216278 | [Dataset Load] -> "Dynamically loaded 16044 datas"
DEBUG | 2026/05/29 10:49:18.216335 | [Dataset Load] -> "Loading datasets from data/train"
DEBUG | 2026/05/29 10:49:18.216398 | [Dataset Load] -> "Dynamically loaded 6877 datas"
DEBUG | 2026/05/29 10:58:29.553566 | [Dataset Load] -> "Loading datasets from data/train"
DEBUG | 2026/05/29 10:58:29.554162 | [Dataset Load] -> "Loading datasets from class Atelectasis"
DEBUG | 2026/05/29 10:58:29.566106 | [Dataset Load] -> "Loading datasets from class Cardiomegaly"
DEBUG | 2026/05/29 10:58:29.568602 | [Dataset Load] -> "Loading datasets from class Consolidation"
DEBUG | 2026/05/29 10:58:29.574802 | [Dataset Load] -> "Loading datasets from class Edema"
DEBUG | 2026/05/29 10:58:29.579697 | [Dataset Load] -> "Loading datasets from class Effusion"
DEBUG | 2026/05/29 10:58:29.585070 | [Dataset Load] -> "Loading datasets from class Emphysema"
DEBUG | 2026/05/29 10:58:29.587036 | [Dataset Load] -> "Loading datasets from class Fibrosis"
DEBUG | 2026/05/29 10:58:29.589206 | [Dataset Load] -> "Loading datasets from class Hernia"
DEBUG | 2026/05/29 10:58:29.589480 | [Dataset Load] -> "Loading datasets from class Infiltration"
DEBUG | 2026/05/29 10:58:29.595899 | [Dataset Load] -> "Loading datasets from class Mass"
DEBUG | 2026/05/29 10:58:29.601482 | [Dataset Load] -> "Loading datasets from class No Finding"
DEBUG | 2026/05/29 10:58:29.612916 | [Dataset Load] -> "Loading datasets from class Nodule"
DEBUG | 2026/05/29 10:58:29.617200 | [Dataset Load] -> "Loading datasets from class Pleural_Thickening"
DEBUG | 2026/05/29 10:58:29.620122 | [Dataset Load] -> "Loading datasets from class Pneumonia"
DEBUG | 2026/05/29 10:58:29.621706 | [Dataset Load] -> "Loading datasets from class Pneumothorax"
DEBUG | 2026/05/29 10:58:29.624490 | [Dataset Load] -> "Dynamically loaded 22921 datas"
DEBUG | 2026/05/29 11:08:58.961368 | [Dataset Load] -> "Loading datasets from data/train"
DEBUG | 2026/05/29 11:08:58.961603 | [Dataset Load] -> "Loading datasets from class Atelectasis"
DEBUG | 2026/05/29 11:08:58.963594 | [Dataset Load] -> "Loading datasets from class Cardiomegaly"
DEBUG | 2026/05/29 11:08:58.964240 | [Dataset Load] -> "Loading datasets from class Consolidation"
DEBUG | 2026/05/29 11:08:58.965102 | [Dataset Load] -> "Loading datasets from class Edema"
DEBUG | 2026/05/29 11:08:58.965627 | [Dataset Load] -> "Loading datasets from class Effusion"
DEBUG | 2026/05/29 11:08:58.966526 | [Dataset Load] -> "Loading datasets from class Emphysema"
DEBUG | 2026/05/29 11:08:58.967000 | [Dataset Load] -> "Loading datasets from class Fibrosis"
DEBUG | 2026/05/29 11:08:58.967477 | [Dataset Load] -> "Loading datasets from class Hernia"
DEBUG | 2026/05/29 11:08:58.967558 | [Dataset Load] -> "Loading datasets from class Infiltration"
DEBUG | 2026/05/29 11:08:58.968908 | [Dataset Load] -> "Loading datasets from class Mass"
DEBUG | 2026/05/29 11:08:58.969725 | [Dataset Load] -> "Loading datasets from class No Finding"
DEBUG | 2026/05/29 11:08:58.971250 | [Dataset Load] -> "Loading datasets from class Nodule"
DEBUG | 2026/05/29 11:08:58.972228 | [Dataset Load] -> "Loading datasets from class Pleural_Thickening"
DEBUG | 2026/05/29 11:08:58.972607 | [Dataset Load] -> "Loading datasets from class Pneumonia"
DEBUG | 2026/05/29 11:08:58.972749 | [Dataset Load] -> "Loading datasets from class Pneumothorax"
DEBUG | 2026/05/29 11:08:58.973408 | [Dataset Load] -> "Dynamically loaded 22921 datas"
DEBUG | 2026/05/29 11:15:44.854791 | [Test Dataset Load] -> "Loading datasets from data/test"
DEBUG | 2026/05/29 11:15:44.891761 | [Test Dataset Load] -> "Dynamically loaded 5000 datas"
DEBUG | 2026/05/29 11:15:44.893846 | [Dataset Load] -> "Loading datasets from data/train"
DEBUG | 2026/05/29 11:15:44.894211 | [Dataset Load] -> "Loading datasets from class Atelectasis"
DEBUG | 2026/05/29 11:15:44.907584 | [Dataset Load] -> "Loading datasets from class Cardiomegaly"
DEBUG | 2026/05/29 11:15:44.910800 | [Dataset Load] -> "Loading datasets from class Consolidation"
DEBUG | 2026/05/29 11:15:44.915318 | [Dataset Load] -> "Loading datasets from class Edema"
DEBUG | 2026/05/29 11:15:44.920842 | [Dataset Load] -> "Loading datasets from class Effusion"
DEBUG | 2026/05/29 11:15:44.926516 | [Dataset Load] -> "Loading datasets from class Emphysema"
DEBUG | 2026/05/29 11:15:44.928761 | [Dataset Load] -> "Loading datasets from class Fibrosis"
DEBUG | 2026/05/29 11:15:44.931237 | [Dataset Load] -> "Loading datasets from class Hernia"
DEBUG | 2026/05/29 11:15:44.931441 | [Dataset Load] -> "Loading datasets from class Infiltration"
DEBUG | 2026/05/29 11:15:44.938036 | [Dataset Load] -> "Loading datasets from class Mass"
DEBUG | 2026/05/29 11:15:44.944007 | [Dataset Load] -> "Loading datasets from class No Finding"
DEBUG | 2026/05/29 11:15:44.955846 | [Dataset Load] -> "Loading datasets from class Nodule"
DEBUG | 2026/05/29 11:15:44.960031 | [Dataset Load] -> "Loading datasets from class Pleural_Thickening"
DEBUG | 2026/05/29 11:15:44.961592 | [Dataset Load] -> "Loading datasets from class Pneumonia"
DEBUG | 2026/05/29 11:15:44.964164 | [Dataset Load] -> "Loading datasets from class Pneumothorax"
DEBUG | 2026/05/29 11:15:44.966896 | [Dataset Load] -> "Dynamically loaded 22921 datas"
DEBUG | 2026/05/29 11:15:45.041276 | [Dataset Load] -> "Loading datasets from data/train"
DEBUG | 2026/05/29 11:15:45.041580 | [Dataset Load] -> "Dynamically loaded 16044 datas"
DEBUG | 2026/05/29 11:15:45.041726 | [Dataset Load] -> "Loading datasets from data/train"
DEBUG | 2026/05/29 11:15:45.041816 | [Dataset Load] -> "Dynamically loaded 6877 datas"
DEBUG | 2026/05/29 11:16:45.204032 | [Test Dataset Load] -> "Loading datasets from data/test"
DEBUG | 2026/05/29 11:16:45.211900 | [Test Dataset Load] -> "Dynamically loaded 5000 datas"
DEBUG | 2026/05/29 11:16:45.213075 | [Dataset Load] -> "Loading datasets from data/train"
DEBUG | 2026/05/29 11:16:45.213342 | [Dataset Load] -> "Loading datasets from class Atelectasis"
DEBUG | 2026/05/29 11:16:45.217376 | [Dataset Load] -> "Loading datasets from class Cardiomegaly"
DEBUG | 2026/05/29 11:16:45.219017 | [Dataset Load] -> "Loading datasets from class Consolidation"
DEBUG | 2026/05/29 11:16:45.221110 | [Dataset Load] -> "Loading datasets from class Edema"
DEBUG | 2026/05/29 11:16:45.223211 | [Dataset Load] -> "Loading datasets from class Effusion"
DEBUG | 2026/05/29 11:16:45.225192 | [Dataset Load] -> "Loading datasets from class Emphysema"
DEBUG | 2026/05/29 11:16:45.226262 | [Dataset Load] -> "Loading datasets from class Fibrosis"
DEBUG | 2026/05/29 11:16:45.227051 | [Dataset Load] -> "Loading datasets from class Hernia"
DEBUG | 2026/05/29 11:16:45.227365 | [Dataset Load] -> "Loading datasets from class Infiltration"
DEBUG | 2026/05/29 11:16:45.229690 | [Dataset Load] -> "Loading datasets from class Mass"
DEBUG | 2026/05/29 11:16:45.230936 | [Dataset Load] -> "Loading datasets from class No Finding"
DEBUG | 2026/05/29 11:16:45.233960 | [Dataset Load] -> "Loading datasets from class Nodule"
DEBUG | 2026/05/29 11:16:45.235642 | [Dataset Load] -> "Loading datasets from class Pleural_Thickening"
DEBUG | 2026/05/29 11:16:45.236368 | [Dataset Load] -> "Loading datasets from class Pneumonia"
DEBUG | 2026/05/29 11:16:45.236633 | [Dataset Load] -> "Loading datasets from class Pneumothorax"
DEBUG | 2026/05/29 11:16:45.237946 | [Dataset Load] -> "Dynamically loaded 22921 datas"
DEBUG | 2026/05/29 11:16:45.311914 | [Dataset Load] -> "Loading datasets from data/train"
DEBUG | 2026/05/29 11:16:45.312123 | [Dataset Load] -> "Dynamically loaded 16044 datas"
DEBUG | 2026/05/29 11:16:45.312184 | [Dataset Load] -> "Loading datasets from data/train"
DEBUG | 2026/05/29 11:16:45.312242 | [Dataset Load] -> "Dynamically loaded 6877 datas"
DEBUG | 2026/05/29 11:23:42.127376 | [Test Dataset Load] -> "Loading datasets from data/test"
DEBUG | 2026/05/29 11:23:42.129232 | [Test Dataset Load] -> "Dynamically loaded 5000 datas"
DEBUG | 2026/05/29 11:23:42.130641 | [Dataset Load] -> "Loading datasets from data/train"
DEBUG | 2026/05/29 11:23:42.130722 | [Dataset Load] -> "Loading datasets from class Atelectasis"
DEBUG | 2026/05/29 11:23:42.132010 | [Dataset Load] -> "Loading datasets from class Cardiomegaly"
DEBUG | 2026/05/29 11:23:42.132551 | [Dataset Load] -> "Loading datasets from class Consolidation"
DEBUG | 2026/05/29 11:23:42.133567 | [Dataset Load] -> "Loading datasets from class Edema"
DEBUG | 2026/05/29 11:23:42.180003 | [Dataset Load] -> "Loading datasets from class Effusion"
DEBUG | 2026/05/29 11:23:42.180963 | [Dataset Load] -> "Loading datasets from class Emphysema"
DEBUG | 2026/05/29 11:23:42.181414 | [Dataset Load] -> "Loading datasets from class Fibrosis"
DEBUG | 2026/05/29 11:23:42.181702 | [Dataset Load] -> "Loading datasets from class Hernia"
DEBUG | 2026/05/29 11:23:42.181772 | [Dataset Load] -> "Loading datasets from class Infiltration"
DEBUG | 2026/05/29 11:23:42.182964 | [Dataset Load] -> "Loading datasets from class Mass"
DEBUG | 2026/05/29 11:23:42.183895 | [Dataset Load] -> "Loading datasets from class No Finding"
DEBUG | 2026/05/29 11:23:42.185338 | [Dataset Load] -> "Loading datasets from class Nodule"
DEBUG | 2026/05/29 11:23:42.186096 | [Dataset Load] -> "Loading datasets from class Pleural_Thickening"
DEBUG | 2026/05/29 11:23:42.186436 | [Dataset Load] -> "Loading datasets from class Pneumonia"
DEBUG | 2026/05/29 11:23:42.186552 | [Dataset Load] -> "Loading datasets from class Pneumothorax"
DEBUG | 2026/05/29 11:23:42.187188 | [Dataset Load] -> "Dynamically loaded 22921 datas"
DEBUG | 2026/05/29 11:23:42.196332 | [Dataset Load] -> "Loading datasets from data/train"
DEBUG | 2026/05/29 11:23:42.196737 | [Dataset Load] -> "Dynamically loaded 16044 datas"
DEBUG | 2026/05/29 11:23:42.196805 | [Dataset Load] -> "Loading datasets from data/train"
DEBUG | 2026/05/29 11:23:42.196863 | [Dataset Load] -> "Dynamically loaded 6877 datas"
DEBUG | 2026/05/29 11:44:07.449644 | [Dataset Load] -> "Loading datasets from data/train"
DEBUG | 2026/05/29 11:44:07.449840 | [Dataset Load] -> "Loading datasets from class Atelectasis"
DEBUG | 2026/05/29 11:44:07.456554 | [Dataset Load] -> "Loading datasets from class Cardiomegaly"
DEBUG | 2026/05/29 11:44:07.459039 | [Dataset Load] -> "Loading datasets from class Consolidation"
DEBUG | 2026/05/29 11:44:07.463619 | [Dataset Load] -> "Loading datasets from class Edema"
DEBUG | 2026/05/29 11:44:07.467847 | [Dataset Load] -> "Loading datasets from class Effusion"
DEBUG | 2026/05/29 11:44:07.471927 | [Dataset Load] -> "Loading datasets from class Emphysema"
DEBUG | 2026/05/29 11:44:07.473936 | [Dataset Load] -> "Loading datasets from class Fibrosis"
DEBUG | 2026/05/29 11:44:07.475964 | [Dataset Load] -> "Loading datasets from class Hernia"
DEBUG | 2026/05/29 11:44:07.476107 | [Dataset Load] -> "Loading datasets from class Infiltration"
DEBUG | 2026/05/29 11:44:07.483979 | [Dataset Load] -> "Loading datasets from class Mass"
DEBUG | 2026/05/29 11:44:07.491289 | [Dataset Load] -> "Loading datasets from class No Finding"
DEBUG | 2026/05/29 11:44:07.498781 | [Dataset Load] -> "Loading datasets from class Nodule"
DEBUG | 2026/05/29 11:44:07.501102 | [Dataset Load] -> "Loading datasets from class Pleural_Thickening"
DEBUG | 2026/05/29 11:44:07.504344 | [Dataset Load] -> "Loading datasets from class Pneumonia"
DEBUG | 2026/05/29 11:44:07.504524 | [Dataset Load] -> "Loading datasets from class Pneumothorax"
DEBUG | 2026/05/29 11:44:07.507415 | [Dataset Load] -> "Dynamically loaded 22921 datas"
DEBUG | 2026/05/29 11:54:14.377026 | [Dataset Load] -> "Loading datasets from data/train"
DEBUG | 2026/05/29 11:54:14.377641 | [Dataset Load] -> "Loading datasets from class Atelectasis"
DEBUG | 2026/05/29 11:54:14.389837 | [Dataset Load] -> "Loading datasets from class Cardiomegaly"
DEBUG | 2026/05/29 11:54:14.392489 | [Dataset Load] -> "Loading datasets from class Consolidation"
DEBUG | 2026/05/29 11:54:14.396489 | [Dataset Load] -> "Loading datasets from class Edema"
DEBUG | 2026/05/29 11:54:14.401561 | [Dataset Load] -> "Loading datasets from class Effusion"
DEBUG | 2026/05/29 11:54:14.407139 | [Dataset Load] -> "Loading datasets from class Emphysema"
DEBUG | 2026/05/29 11:54:14.409043 | [Dataset Load] -> "Loading datasets from class Fibrosis"
DEBUG | 2026/05/29 11:54:14.411269 | [Dataset Load] -> "Loading datasets from class Hernia"
DEBUG | 2026/05/29 11:54:14.411504 | [Dataset Load] -> "Loading datasets from class Infiltration"
DEBUG | 2026/05/29 11:54:14.417762 | [Dataset Load] -> "Loading datasets from class Mass"
DEBUG | 2026/05/29 11:54:14.423523 | [Dataset Load] -> "Loading datasets from class No Finding"
DEBUG | 2026/05/29 11:54:14.435269 | [Dataset Load] -> "Loading datasets from class Nodule"
DEBUG | 2026/05/29 11:54:14.439591 | [Dataset Load] -> "Loading datasets from class Pleural_Thickening"
DEBUG | 2026/05/29 11:54:14.442475 | [Dataset Load] -> "Loading datasets from class Pneumonia"
DEBUG | 2026/05/29 11:54:14.444126 | [Dataset Load] -> "Loading datasets from class Pneumothorax"
DEBUG | 2026/05/29 11:54:14.446899 | [Dataset Load] -> "Dynamically loaded 22921 datas"
DEBUG | 2026/05/29 12:04:19.010510 | [Dataset Load] -> "Loading datasets from data/train"
DEBUG | 2026/05/29 12:04:19.011001 | [Dataset Load] -> "Loading datasets from class Atelectasis"
DEBUG | 2026/05/29 12:04:19.023219 | [Dataset Load] -> "Loading datasets from class Cardiomegaly"
DEBUG | 2026/05/29 12:04:19.025928 | [Dataset Load] -> "Loading datasets from class Consolidation"
DEBUG | 2026/05/29 12:04:19.030079 | [Dataset Load] -> "Loading datasets from class Edema"
DEBUG | 2026/05/29 12:04:19.035208 | [Dataset Load] -> "Loading datasets from class Effusion"
DEBUG | 2026/05/29 12:04:19.040908 | [Dataset Load] -> "Loading datasets from class Emphysema"
DEBUG | 2026/05/29 12:04:19.042923 | [Dataset Load] -> "Loading datasets from class Fibrosis"
DEBUG | 2026/05/29 12:04:19.045376 | [Dataset Load] -> "Loading datasets from class Hernia"
DEBUG | 2026/05/29 12:04:19.045691 | [Dataset Load] -> "Loading datasets from class Infiltration"
DEBUG | 2026/05/29 12:04:19.052245 | [Dataset Load] -> "Loading datasets from class Mass"
DEBUG | 2026/05/29 12:04:19.058024 | [Dataset Load] -> "Loading datasets from class No Finding"
DEBUG | 2026/05/29 12:04:19.069409 | [Dataset Load] -> "Loading datasets from class Nodule"
DEBUG | 2026/05/29 12:04:19.073691 | [Dataset Load] -> "Loading datasets from class Pleural_Thickening"
DEBUG | 2026/05/29 12:04:19.076599 | [Dataset Load] -> "Loading datasets from class Pneumonia"
DEBUG | 2026/05/29 12:04:19.078182 | [Dataset Load] -> "Loading datasets from class Pneumothorax"
DEBUG | 2026/05/29 12:04:19.080854 | [Dataset Load] -> "Dynamically loaded 22921 datas"
DEBUG | 2026/05/29 12:14:32.580830 | [Dataset Load] -> "Loading datasets from data/train"
DEBUG | 2026/05/29 12:14:32.581493 | [Dataset Load] -> "Loading datasets from class Atelectasis"
DEBUG | 2026/05/29 12:14:32.594186 | [Dataset Load] -> "Loading datasets from class Cardiomegaly"
DEBUG | 2026/05/29 12:14:32.596967 | [Dataset Load] -> "Loading datasets from class Consolidation"
DEBUG | 2026/05/29 12:14:32.601142 | [Dataset Load] -> "Loading datasets from class Edema"
DEBUG | 2026/05/29 12:14:32.606261 | [Dataset Load] -> "Loading datasets from class Effusion"
DEBUG | 2026/05/29 12:14:32.611977 | [Dataset Load] -> "Loading datasets from class Emphysema"
DEBUG | 2026/05/29 12:14:32.613990 | [Dataset Load] -> "Loading datasets from class Fibrosis"
DEBUG | 2026/05/29 12:14:32.616261 | [Dataset Load] -> "Loading datasets from class Hernia"
DEBUG | 2026/05/29 12:14:32.616504 | [Dataset Load] -> "Loading datasets from class Infiltration"
DEBUG | 2026/05/29 12:14:32.624714 | [Dataset Load] -> "Loading datasets from class Mass"
DEBUG | 2026/05/29 12:14:32.630662 | [Dataset Load] -> "Loading datasets from class No Finding"
DEBUG | 2026/05/29 12:14:32.642447 | [Dataset Load] -> "Loading datasets from class Nodule"
DEBUG | 2026/05/29 12:14:32.652990 | [Dataset Load] -> "Loading datasets from class Pleural_Thickening"
DEBUG | 2026/05/29 12:14:32.660166 | [Dataset Load] -> "Loading datasets from class Pneumonia"
DEBUG | 2026/05/29 12:14:32.662618 | [Dataset Load] -> "Loading datasets from class Pneumothorax"
DEBUG | 2026/05/29 12:14:32.666729 | [Dataset Load] -> "Dynamically loaded 22921 datas"
DEBUG | 2026/05/29 12:24:57.454184 | [Dataset Load] -> "Loading datasets from data/train"
DEBUG | 2026/05/29 12:24:57.454921 | [Dataset Load] -> "Loading datasets from class Atelectasis"
DEBUG | 2026/05/29 12:24:57.467299 | [Dataset Load] -> "Loading datasets from class Cardiomegaly"
DEBUG | 2026/05/29 12:24:57.469881 | [Dataset Load] -> "Loading datasets from class Consolidation"
DEBUG | 2026/05/29 12:24:57.474103 | [Dataset Load] -> "Loading datasets from class Edema"
DEBUG | 2026/05/29 12:24:57.479139 | [Dataset Load] -> "Loading datasets from class Effusion"
DEBUG | 2026/05/29 12:24:57.484587 | [Dataset Load] -> "Loading datasets from class Emphysema"
DEBUG | 2026/05/29 12:24:57.486571 | [Dataset Load] -> "Loading datasets from class Fibrosis"
DEBUG | 2026/05/29 12:24:57.488841 | [Dataset Load] -> "Loading datasets from class Hernia"
DEBUG | 2026/05/29 12:24:57.489090 | [Dataset Load] -> "Loading datasets from class Infiltration"
DEBUG | 2026/05/29 12:24:57.495460 | [Dataset Load] -> "Loading datasets from class Mass"
DEBUG | 2026/05/29 12:24:57.501355 | [Dataset Load] -> "Loading datasets from class No Finding"
DEBUG | 2026/05/29 12:24:57.514357 | [Dataset Load] -> "Loading datasets from class Nodule"
DEBUG | 2026/05/29 12:24:57.518829 | [Dataset Load] -> "Loading datasets from class Pleural_Thickening"
DEBUG | 2026/05/29 12:24:57.521711 | [Dataset Load] -> "Loading datasets from class Pneumonia"
DEBUG | 2026/05/29 12:24:57.523369 | [Dataset Load] -> "Loading datasets from class Pneumothorax"
DEBUG | 2026/05/29 12:24:57.526363 | [Dataset Load] -> "Dynamically loaded 22921 datas"
DEBUG | 2026/05/29 12:35:04.612503 | [Dataset Load] -> "Loading datasets from data/train"
DEBUG | 2026/05/29 12:35:04.613109 | [Dataset Load] -> "Loading datasets from class Atelectasis"
DEBUG | 2026/05/29 12:35:04.625513 | [Dataset Load] -> "Loading datasets from class Cardiomegaly"
DEBUG | 2026/05/29 12:35:04.627996 | [Dataset Load] -> "Loading datasets from class Consolidation"
DEBUG | 2026/05/29 12:35:04.632085 | [Dataset Load] -> "Loading datasets from class Edema"
DEBUG | 2026/05/29 12:35:04.637145 | [Dataset Load] -> "Loading datasets from class Effusion"
DEBUG | 2026/05/29 12:35:04.642546 | [Dataset Load] -> "Loading datasets from class Emphysema"
DEBUG | 2026/05/29 12:35:04.644452 | [Dataset Load] -> "Loading datasets from class Fibrosis"
DEBUG | 2026/05/29 12:35:04.646715 | [Dataset Load] -> "Loading datasets from class Hernia"
DEBUG | 2026/05/29 12:35:04.646960 | [Dataset Load] -> "Loading datasets from class Infiltration"
DEBUG | 2026/05/29 12:35:04.653201 | [Dataset Load] -> "Loading datasets from class Mass"
DEBUG | 2026/05/29 12:35:04.659165 | [Dataset Load] -> "Loading datasets from class No Finding"
DEBUG | 2026/05/29 12:35:04.670500 | [Dataset Load] -> "Loading datasets from class Nodule"
DEBUG | 2026/05/29 12:35:04.674760 | [Dataset Load] -> "Loading datasets from class Pleural_Thickening"
DEBUG | 2026/05/29 12:35:04.677897 | [Dataset Load] -> "Loading datasets from class Pneumonia"
DEBUG | 2026/05/29 12:35:04.679532 | [Dataset Load] -> "Loading datasets from class Pneumothorax"
DEBUG | 2026/05/29 12:35:04.682346 | [Dataset Load] -> "Dynamically loaded 22921 datas"
DEBUG | 2026/05/29 12:45:10.606100 | [Dataset Load] -> "Loading datasets from data/train"
DEBUG | 2026/05/29 12:45:10.606674 | [Dataset Load] -> "Loading datasets from class Atelectasis"
DEBUG | 2026/05/29 12:45:10.620365 | [Dataset Load] -> "Loading datasets from class Cardiomegaly"
DEBUG | 2026/05/29 12:45:10.623053 | [Dataset Load] -> "Loading datasets from class Consolidation"
DEBUG | 2026/05/29 12:45:10.627132 | [Dataset Load] -> "Loading datasets from class Edema"
DEBUG | 2026/05/29 12:45:10.632396 | [Dataset Load] -> "Loading datasets from class Effusion"
DEBUG | 2026/05/29 12:45:10.637946 | [Dataset Load] -> "Loading datasets from class Emphysema"
DEBUG | 2026/05/29 12:45:10.639906 | [Dataset Load] -> "Loading datasets from class Fibrosis"
DEBUG | 2026/05/29 12:45:10.642249 | [Dataset Load] -> "Loading datasets from class Hernia"
DEBUG | 2026/05/29 12:45:10.642498 | [Dataset Load] -> "Loading datasets from class Infiltration"
DEBUG | 2026/05/29 12:45:10.649057 | [Dataset Load] -> "Loading datasets from class Mass"
DEBUG | 2026/05/29 12:45:10.654834 | [Dataset Load] -> "Loading datasets from class No Finding"
DEBUG | 2026/05/29 12:45:10.666123 | [Dataset Load] -> "Loading datasets from class Nodule"
DEBUG | 2026/05/29 12:45:10.670981 | [Dataset Load] -> "Loading datasets from class Pleural_Thickening"
DEBUG | 2026/05/29 12:45:10.674082 | [Dataset Load] -> "Loading datasets from class Pneumonia"
DEBUG | 2026/05/29 12:45:10.675739 | [Dataset Load] -> "Loading datasets from class Pneumothorax"
DEBUG | 2026/05/29 12:45:10.678476 | [Dataset Load] -> "Dynamically loaded 22921 datas"
DEBUG | 2026/05/29 12:55:25.186926 | [Dataset Load] -> "Loading datasets from data/train"
DEBUG | 2026/05/29 12:55:25.187510 | [Dataset Load] -> "Loading datasets from class Atelectasis"
DEBUG | 2026/05/29 12:55:25.199626 | [Dataset Load] -> "Loading datasets from class Cardiomegaly"
DEBUG | 2026/05/29 12:55:25.202265 | [Dataset Load] -> "Loading datasets from class Consolidation"
DEBUG | 2026/05/29 12:55:25.206328 | [Dataset Load] -> "Loading datasets from class Edema"
DEBUG | 2026/05/29 12:55:25.211549 | [Dataset Load] -> "Loading datasets from class Effusion"
DEBUG | 2026/05/29 12:55:25.217159 | [Dataset Load] -> "Loading datasets from class Emphysema"
DEBUG | 2026/05/29 12:55:25.219104 | [Dataset Load] -> "Loading datasets from class Fibrosis"
DEBUG | 2026/05/29 12:55:25.221417 | [Dataset Load] -> "Loading datasets from class Hernia"
DEBUG | 2026/05/29 12:55:25.221660 | [Dataset Load] -> "Loading datasets from class Infiltration"
DEBUG | 2026/05/29 12:55:25.228043 | [Dataset Load] -> "Loading datasets from class Mass"
DEBUG | 2026/05/29 12:55:25.233893 | [Dataset Load] -> "Loading datasets from class No Finding"
DEBUG | 2026/05/29 12:55:25.245481 | [Dataset Load] -> "Loading datasets from class Nodule"
DEBUG | 2026/05/29 12:55:25.249756 | [Dataset Load] -> "Loading datasets from class Pleural_Thickening"
DEBUG | 2026/05/29 12:55:25.252764 | [Dataset Load] -> "Loading datasets from class Pneumonia"
DEBUG | 2026/05/29 12:55:25.254426 | [Dataset Load] -> "Loading datasets from class Pneumothorax"
DEBUG | 2026/05/29 12:55:25.257141 | [Dataset Load] -> "Dynamically loaded 22921 datas"
DEBUG | 2026/05/29 13:05:33.312862 | [Dataset Load] -> "Loading datasets from data/train"
DEBUG | 2026/05/29 13:05:33.313459 | [Dataset Load] -> "Loading datasets from class Atelectasis"
DEBUG | 2026/05/29 13:05:33.325978 | [Dataset Load] -> "Loading datasets from class Cardiomegaly"
DEBUG | 2026/05/29 13:05:33.328696 | [Dataset Load] -> "Loading datasets from class Consolidation"
DEBUG | 2026/05/29 13:05:33.332806 | [Dataset Load] -> "Loading datasets from class Edema"
DEBUG | 2026/05/29 13:05:33.337856 | [Dataset Load] -> "Loading datasets from class Effusion"
DEBUG | 2026/05/29 13:05:33.343530 | [Dataset Load] -> "Loading datasets from class Emphysema"
DEBUG | 2026/05/29 13:05:33.345554 | [Dataset Load] -> "Loading datasets from class Fibrosis"
DEBUG | 2026/05/29 13:05:33.347853 | [Dataset Load] -> "Loading datasets from class Hernia"
DEBUG | 2026/05/29 13:05:33.348001 | [Dataset Load] -> "Loading datasets from class Infiltration"
DEBUG | 2026/05/29 13:05:33.354364 | [Dataset Load] -> "Loading datasets from class Mass"
DEBUG | 2026/05/29 13:05:33.360243 | [Dataset Load] -> "Loading datasets from class No Finding"
DEBUG | 2026/05/29 13:05:33.371856 | [Dataset Load] -> "Loading datasets from class Nodule"
DEBUG | 2026/05/29 13:05:33.376105 | [Dataset Load] -> "Loading datasets from class Pleural_Thickening"
DEBUG | 2026/05/29 13:05:33.378973 | [Dataset Load] -> "Loading datasets from class Pneumonia"
DEBUG | 2026/05/29 13:05:33.380608 | [Dataset Load] -> "Loading datasets from class Pneumothorax"
DEBUG | 2026/05/29 13:05:33.383392 | [Dataset Load] -> "Dynamically loaded 22921 datas"
DEBUG | 2026/05/29 13:15:39.831910 | [Dataset Load] -> "Loading datasets from data/train"
DEBUG | 2026/05/29 13:15:39.832490 | [Dataset Load] -> "Loading datasets from class Atelectasis"
DEBUG | 2026/05/29 13:15:39.844671 | [Dataset Load] -> "Loading datasets from class Cardiomegaly"
DEBUG | 2026/05/29 13:15:39.847125 | [Dataset Load] -> "Loading datasets from class Consolidation"
DEBUG | 2026/05/29 13:15:39.851153 | [Dataset Load] -> "Loading datasets from class Edema"
DEBUG | 2026/05/29 13:15:39.856278 | [Dataset Load] -> "Loading datasets from class Effusion"
DEBUG | 2026/05/29 13:15:39.861783 | [Dataset Load] -> "Loading datasets from class Emphysema"
DEBUG | 2026/05/29 13:15:39.863722 | [Dataset Load] -> "Loading datasets from class Fibrosis"
DEBUG | 2026/05/29 13:15:39.866014 | [Dataset Load] -> "Loading datasets from class Hernia"
DEBUG | 2026/05/29 13:15:39.866253 | [Dataset Load] -> "Loading datasets from class Infiltration"
DEBUG | 2026/05/29 13:15:39.872533 | [Dataset Load] -> "Loading datasets from class Mass"
DEBUG | 2026/05/29 13:15:39.878455 | [Dataset Load] -> "Loading datasets from class No Finding"
DEBUG | 2026/05/29 13:15:39.889819 | [Dataset Load] -> "Loading datasets from class Nodule"
DEBUG | 2026/05/29 13:15:39.894011 | [Dataset Load] -> "Loading datasets from class Pleural_Thickening"
DEBUG | 2026/05/29 13:15:39.897041 | [Dataset Load] -> "Loading datasets from class Pneumonia"
DEBUG | 2026/05/29 13:15:39.898694 | [Dataset Load] -> "Loading datasets from class Pneumothorax"
DEBUG | 2026/05/29 13:15:39.901582 | [Dataset Load] -> "Dynamically loaded 22921 datas"
DEBUG | 2026/05/29 13:25:45.493058 | [Dataset Load] -> "Loading datasets from data/train"
DEBUG | 2026/05/29 13:25:45.493594 | [Dataset Load] -> "Loading datasets from class Atelectasis"
DEBUG | 2026/05/29 13:25:45.504799 | [Dataset Load] -> "Loading datasets from class Cardiomegaly"
DEBUG | 2026/05/29 13:25:45.507535 | [Dataset Load] -> "Loading datasets from class Consolidation"
DEBUG | 2026/05/29 13:25:45.511408 | [Dataset Load] -> "Loading datasets from class Edema"
DEBUG | 2026/05/29 13:25:45.515517 | [Dataset Load] -> "Loading datasets from class Effusion"
DEBUG | 2026/05/29 13:25:45.521520 | [Dataset Load] -> "Loading datasets from class Emphysema"
DEBUG | 2026/05/29 13:25:45.523409 | [Dataset Load] -> "Loading datasets from class Fibrosis"
DEBUG | 2026/05/29 13:25:45.525699 | [Dataset Load] -> "Loading datasets from class Hernia"
DEBUG | 2026/05/29 13:25:45.525779 | [Dataset Load] -> "Loading datasets from class Infiltration"
DEBUG | 2026/05/29 13:25:45.532232 | [Dataset Load] -> "Loading datasets from class Mass"
DEBUG | 2026/05/29 13:25:45.537948 | [Dataset Load] -> "Loading datasets from class No Finding"
DEBUG | 2026/05/29 13:25:45.549534 | [Dataset Load] -> "Loading datasets from class Nodule"
DEBUG | 2026/05/29 13:25:45.553946 | [Dataset Load] -> "Loading datasets from class Pleural_Thickening"
DEBUG | 2026/05/29 13:25:45.556973 | [Dataset Load] -> "Loading datasets from class Pneumonia"
DEBUG | 2026/05/29 13:25:45.558646 | [Dataset Load] -> "Loading datasets from class Pneumothorax"
DEBUG | 2026/05/29 13:25:45.561378 | [Dataset Load] -> "Dynamically loaded 22921 datas"
DEBUG | 2026/05/29 13:35:50.901184 | [Dataset Load] -> "Loading datasets from data/train"
DEBUG | 2026/05/29 13:35:50.901707 | [Dataset Load] -> "Loading datasets from class Atelectasis"
DEBUG | 2026/05/29 13:35:50.914023 | [Dataset Load] -> "Loading datasets from class Cardiomegaly"
DEBUG | 2026/05/29 13:35:50.916652 | [Dataset Load] -> "Loading datasets from class Consolidation"
DEBUG | 2026/05/29 13:35:50.920782 | [Dataset Load] -> "Loading datasets from class Edema"
DEBUG | 2026/05/29 13:35:50.926024 | [Dataset Load] -> "Loading datasets from class Effusion"
DEBUG | 2026/05/29 13:35:50.931539 | [Dataset Load] -> "Loading datasets from class Emphysema"
DEBUG | 2026/05/29 13:35:50.933480 | [Dataset Load] -> "Loading datasets from class Fibrosis"
DEBUG | 2026/05/29 13:35:50.935768 | [Dataset Load] -> "Loading datasets from class Hernia"
DEBUG | 2026/05/29 13:35:50.936016 | [Dataset Load] -> "Loading datasets from class Infiltration"
DEBUG | 2026/05/29 13:35:50.942488 | [Dataset Load] -> "Loading datasets from class Mass"
DEBUG | 2026/05/29 13:35:50.948227 | [Dataset Load] -> "Loading datasets from class No Finding"
DEBUG | 2026/05/29 13:35:50.959545 | [Dataset Load] -> "Loading datasets from class Nodule"
DEBUG | 2026/05/29 13:35:50.964036 | [Dataset Load] -> "Loading datasets from class Pleural_Thickening"
DEBUG | 2026/05/29 13:35:50.967122 | [Dataset Load] -> "Loading datasets from class Pneumonia"
DEBUG | 2026/05/29 13:35:50.968778 | [Dataset Load] -> "Loading datasets from class Pneumothorax"
DEBUG | 2026/05/29 13:35:50.971505 | [Dataset Load] -> "Dynamically loaded 22921 datas"
DEBUG | 2026/05/29 13:45:56.717934 | [Dataset Load] -> "Loading datasets from data/train"
DEBUG | 2026/05/29 13:45:56.718503 | [Dataset Load] -> "Loading datasets from class Atelectasis"
DEBUG | 2026/05/29 13:45:56.732644 | [Dataset Load] -> "Loading datasets from class Cardiomegaly"
DEBUG | 2026/05/29 13:45:56.735081 | [Dataset Load] -> "Loading datasets from class Consolidation"
DEBUG | 2026/05/29 13:45:56.738947 | [Dataset Load] -> "Loading datasets from class Edema"
DEBUG | 2026/05/29 13:45:56.743893 | [Dataset Load] -> "Loading datasets from class Effusion"
DEBUG | 2026/05/29 13:45:56.749569 | [Dataset Load] -> "Loading datasets from class Emphysema"
DEBUG | 2026/05/29 13:45:56.751509 | [Dataset Load] -> "Loading datasets from class Fibrosis"
DEBUG | 2026/05/29 13:45:56.753809 | [Dataset Load] -> "Loading datasets from class Hernia"
DEBUG | 2026/05/29 13:45:56.754043 | [Dataset Load] -> "Loading datasets from class Infiltration"
DEBUG | 2026/05/29 13:45:56.760339 | [Dataset Load] -> "Loading datasets from class Mass"
DEBUG | 2026/05/29 13:45:56.766060 | [Dataset Load] -> "Loading datasets from class No Finding"
DEBUG | 2026/05/29 13:45:56.777580 | [Dataset Load] -> "Loading datasets from class Nodule"
DEBUG | 2026/05/29 13:45:56.781838 | [Dataset Load] -> "Loading datasets from class Pleural_Thickening"
DEBUG | 2026/05/29 13:45:56.784773 | [Dataset Load] -> "Loading datasets from class Pneumonia"
DEBUG | 2026/05/29 13:45:56.786436 | [Dataset Load] -> "Loading datasets from class Pneumothorax"
DEBUG | 2026/05/29 13:45:56.789222 | [Dataset Load] -> "Dynamically loaded 22921 datas"
DEBUG | 2026/05/29 13:56:05.206297 | [Dataset Load] -> "Loading datasets from data/train"
DEBUG | 2026/05/29 13:56:05.206881 | [Dataset Load] -> "Loading datasets from class Atelectasis"
DEBUG | 2026/05/29 13:56:05.219274 | [Dataset Load] -> "Loading datasets from class Cardiomegaly"
DEBUG | 2026/05/29 13:56:05.221885 | [Dataset Load] -> "Loading datasets from class Consolidation"
DEBUG | 2026/05/29 13:56:05.226074 | [Dataset Load] -> "Loading datasets from class Edema"
DEBUG | 2026/05/29 13:56:05.231105 | [Dataset Load] -> "Loading datasets from class Effusion"
DEBUG | 2026/05/29 13:56:05.236633 | [Dataset Load] -> "Loading datasets from class Emphysema"
DEBUG | 2026/05/29 13:56:05.238575 | [Dataset Load] -> "Loading datasets from class Fibrosis"
DEBUG | 2026/05/29 13:56:05.240870 | [Dataset Load] -> "Loading datasets from class Hernia"
DEBUG | 2026/05/29 13:56:05.241107 | [Dataset Load] -> "Loading datasets from class Infiltration"
DEBUG | 2026/05/29 13:56:05.247422 | [Dataset Load] -> "Loading datasets from class Mass"
DEBUG | 2026/05/29 13:56:05.364510 | [Dataset Load] -> "Loading datasets from class No Finding"
DEBUG | 2026/05/29 13:56:05.375431 | [Dataset Load] -> "Loading datasets from class Nodule"
DEBUG | 2026/05/29 13:56:05.379823 | [Dataset Load] -> "Loading datasets from class Pleural_Thickening"
DEBUG | 2026/05/29 13:56:05.382838 | [Dataset Load] -> "Loading datasets from class Pneumonia"
DEBUG | 2026/05/29 13:56:05.384448 | [Dataset Load] -> "Loading datasets from class Pneumothorax"
DEBUG | 2026/05/29 13:56:05.387196 | [Dataset Load] -> "Dynamically loaded 22921 datas"
DEBUG | 2026/05/29 14:06:11.273912 | [Dataset Load] -> "Loading datasets from data/train"
DEBUG | 2026/05/29 14:06:11.274485 | [Dataset Load] -> "Loading datasets from class Atelectasis"
DEBUG | 2026/05/29 14:06:11.286632 | [Dataset Load] -> "Loading datasets from class Cardiomegaly"
DEBUG | 2026/05/29 14:06:11.289095 | [Dataset Load] -> "Loading datasets from class Consolidation"
DEBUG | 2026/05/29 14:06:11.293160 | [Dataset Load] -> "Loading datasets from class Edema"
DEBUG | 2026/05/29 14:06:11.298083 | [Dataset Load] -> "Loading datasets from class Effusion"
DEBUG | 2026/05/29 14:06:11.303557 | [Dataset Load] -> "Loading datasets from class Emphysema"
DEBUG | 2026/05/29 14:06:11.305432 | [Dataset Load] -> "Loading datasets from class Fibrosis"
DEBUG | 2026/05/29 14:06:11.307757 | [Dataset Load] -> "Loading datasets from class Hernia"
DEBUG | 2026/05/29 14:06:11.308020 | [Dataset Load] -> "Loading datasets from class Infiltration"
DEBUG | 2026/05/29 14:06:11.314542 | [Dataset Load] -> "Loading datasets from class Mass"
DEBUG | 2026/05/29 14:06:11.320276 | [Dataset Load] -> "Loading datasets from class No Finding"
DEBUG | 2026/05/29 14:06:11.331610 | [Dataset Load] -> "Loading datasets from class Nodule"
DEBUG | 2026/05/29 14:06:11.335870 | [Dataset Load] -> "Loading datasets from class Pleural_Thickening"
DEBUG | 2026/05/29 14:06:11.338942 | [Dataset Load] -> "Loading datasets from class Pneumonia"
DEBUG | 2026/05/29 14:06:11.340550 | [Dataset Load] -> "Loading datasets from class Pneumothorax"
DEBUG | 2026/05/29 14:06:11.343452 | [Dataset Load] -> "Dynamically loaded 22921 datas"
DEBUG | 2026/05/29 14:16:16.763026 | [Dataset Load] -> "Loading datasets from data/train"
DEBUG | 2026/05/29 14:16:16.763612 | [Dataset Load] -> "Loading datasets from class Atelectasis"
DEBUG | 2026/05/29 14:16:16.776056 | [Dataset Load] -> "Loading datasets from class Cardiomegaly"
DEBUG | 2026/05/29 14:16:16.778798 | [Dataset Load] -> "Loading datasets from class Consolidation"
DEBUG | 2026/05/29 14:16:16.782962 | [Dataset Load] -> "Loading datasets from class Edema"
DEBUG | 2026/05/29 14:16:16.788045 | [Dataset Load] -> "Loading datasets from class Effusion"
DEBUG | 2026/05/29 14:16:16.794120 | [Dataset Load] -> "Loading datasets from class Emphysema"
DEBUG | 2026/05/29 14:16:16.796066 | [Dataset Load] -> "Loading datasets from class Fibrosis"
DEBUG | 2026/05/29 14:16:16.798532 | [Dataset Load] -> "Loading datasets from class Hernia"
DEBUG | 2026/05/29 14:16:16.798616 | [Dataset Load] -> "Loading datasets from class Infiltration"
DEBUG | 2026/05/29 14:16:16.804957 | [Dataset Load] -> "Loading datasets from class Mass"
DEBUG | 2026/05/29 14:16:16.810622 | [Dataset Load] -> "Loading datasets from class No Finding"
DEBUG | 2026/05/29 14:16:16.821953 | [Dataset Load] -> "Loading datasets from class Nodule"
DEBUG | 2026/05/29 14:16:16.826114 | [Dataset Load] -> "Loading datasets from class Pleural_Thickening"
DEBUG | 2026/05/29 14:16:16.829099 | [Dataset Load] -> "Loading datasets from class Pneumonia"
DEBUG | 2026/05/29 14:16:16.830713 | [Dataset Load] -> "Loading datasets from class Pneumothorax"
DEBUG | 2026/05/29 14:16:16.833423 | [Dataset Load] -> "Dynamically loaded 22921 datas"
DEBUG | 2026/05/29 14:26:27.668678 | [Dataset Load] -> "Loading datasets from data/train"
DEBUG | 2026/05/29 14:26:27.669341 | [Dataset Load] -> "Loading datasets from class Atelectasis"
DEBUG | 2026/05/29 14:26:27.681753 | [Dataset Load] -> "Loading datasets from class Cardiomegaly"
DEBUG | 2026/05/29 14:26:27.684226 | [Dataset Load] -> "Loading datasets from class Consolidation"
DEBUG | 2026/05/29 14:26:27.688143 | [Dataset Load] -> "Loading datasets from class Edema"
DEBUG | 2026/05/29 14:26:27.693175 | [Dataset Load] -> "Loading datasets from class Effusion"
DEBUG | 2026/05/29 14:26:27.826536 | [Dataset Load] -> "Loading datasets from class Emphysema"
DEBUG | 2026/05/29 14:26:27.829197 | [Dataset Load] -> "Loading datasets from class Fibrosis"
DEBUG | 2026/05/29 14:26:27.831555 | [Dataset Load] -> "Loading datasets from class Hernia"
DEBUG | 2026/05/29 14:26:27.831811 | [Dataset Load] -> "Loading datasets from class Infiltration"
DEBUG | 2026/05/29 14:26:27.838115 | [Dataset Load] -> "Loading datasets from class Mass"
DEBUG | 2026/05/29 14:26:27.843878 | [Dataset Load] -> "Loading datasets from class No Finding"
DEBUG | 2026/05/29 14:26:27.855452 | [Dataset Load] -> "Loading datasets from class Nodule"
DEBUG | 2026/05/29 14:26:27.859776 | [Dataset Load] -> "Loading datasets from class Pleural_Thickening"
DEBUG | 2026/05/29 14:26:27.862764 | [Dataset Load] -> "Loading datasets from class Pneumonia"
DEBUG | 2026/05/29 14:26:27.864436 | [Dataset Load] -> "Loading datasets from class Pneumothorax"
DEBUG | 2026/05/29 14:26:27.867083 | [Dataset Load] -> "Dynamically loaded 22921 datas"
DEBUG | 2026/05/29 14:36:32.367065 | [Dataset Load] -> "Loading datasets from data/train"
DEBUG | 2026/05/29 14:36:32.367699 | [Dataset Load] -> "Loading datasets from class Atelectasis"
DEBUG | 2026/05/29 14:36:32.379970 | [Dataset Load] -> "Loading datasets from class Cardiomegaly"
DEBUG | 2026/05/29 14:36:32.382541 | [Dataset Load] -> "Loading datasets from class Consolidation"
DEBUG | 2026/05/29 14:36:32.386550 | [Dataset Load] -> "Loading datasets from class Edema"
DEBUG | 2026/05/29 14:36:32.391688 | [Dataset Load] -> "Loading datasets from class Effusion"
DEBUG | 2026/05/29 14:36:32.397210 | [Dataset Load] -> "Loading datasets from class Emphysema"
DEBUG | 2026/05/29 14:36:32.399100 | [Dataset Load] -> "Loading datasets from class Fibrosis"
DEBUG | 2026/05/29 14:36:32.401409 | [Dataset Load] -> "Loading datasets from class Hernia"
DEBUG | 2026/05/29 14:36:32.401555 | [Dataset Load] -> "Loading datasets from class Infiltration"
DEBUG | 2026/05/29 14:36:32.407888 | [Dataset Load] -> "Loading datasets from class Mass"
DEBUG | 2026/05/29 14:36:32.413802 | [Dataset Load] -> "Loading datasets from class No Finding"
DEBUG | 2026/05/29 14:36:32.425322 | [Dataset Load] -> "Loading datasets from class Nodule"
DEBUG | 2026/05/29 14:36:32.429549 | [Dataset Load] -> "Loading datasets from class Pleural_Thickening"
DEBUG | 2026/05/29 14:36:32.432717 | [Dataset Load] -> "Loading datasets from class Pneumonia"
DEBUG | 2026/05/29 14:36:32.434374 | [Dataset Load] -> "Loading datasets from class Pneumothorax"
DEBUG | 2026/05/29 14:36:32.437086 | [Dataset Load] -> "Dynamically loaded 22921 datas"
DEBUG | 2026/05/29 14:46:39.005194 | [Dataset Load] -> "Loading datasets from data/train"
DEBUG | 2026/05/29 14:46:39.005776 | [Dataset Load] -> "Loading datasets from class Atelectasis"
DEBUG | 2026/05/29 14:46:39.018114 | [Dataset Load] -> "Loading datasets from class Cardiomegaly"
DEBUG | 2026/05/29 14:46:39.020771 | [Dataset Load] -> "Loading datasets from class Consolidation"
DEBUG | 2026/05/29 14:46:39.024762 | [Dataset Load] -> "Loading datasets from class Edema"
DEBUG | 2026/05/29 14:46:39.029722 | [Dataset Load] -> "Loading datasets from class Effusion"
DEBUG | 2026/05/29 14:46:39.035300 | [Dataset Load] -> "Loading datasets from class Emphysema"
DEBUG | 2026/05/29 14:46:39.037205 | [Dataset Load] -> "Loading datasets from class Fibrosis"
DEBUG | 2026/05/29 14:46:39.039583 | [Dataset Load] -> "Loading datasets from class Hernia"
DEBUG | 2026/05/29 14:46:39.039826 | [Dataset Load] -> "Loading datasets from class Infiltration"
DEBUG | 2026/05/29 14:46:39.046239 | [Dataset Load] -> "Loading datasets from class Mass"
DEBUG | 2026/05/29 14:46:39.051971 | [Dataset Load] -> "Loading datasets from class No Finding"
DEBUG | 2026/05/29 14:46:39.063231 | [Dataset Load] -> "Loading datasets from class Nodule"
DEBUG | 2026/05/29 14:46:39.067417 | [Dataset Load] -> "Loading datasets from class Pleural_Thickening"
DEBUG | 2026/05/29 14:46:39.070724 | [Dataset Load] -> "Loading datasets from class Pneumonia"
DEBUG | 2026/05/29 14:46:39.072329 | [Dataset Load] -> "Loading datasets from class Pneumothorax"
DEBUG | 2026/05/29 14:46:39.075002 | [Dataset Load] -> "Dynamically loaded 22921 datas"
DEBUG | 2026/05/29 14:56:46.594171 | [Dataset Load] -> "Loading datasets from data/train"
DEBUG | 2026/05/29 14:56:46.594778 | [Dataset Load] -> "Loading datasets from class Atelectasis"
DEBUG | 2026/05/29 14:56:46.607095 | [Dataset Load] -> "Loading datasets from class Cardiomegaly"
DEBUG | 2026/05/29 14:56:46.609568 | [Dataset Load] -> "Loading datasets from class Consolidation"
DEBUG | 2026/05/29 14:56:46.613630 | [Dataset Load] -> "Loading datasets from class Edema"
DEBUG | 2026/05/29 14:56:46.618582 | [Dataset Load] -> "Loading datasets from class Effusion"
DEBUG | 2026/05/29 14:56:46.624007 | [Dataset Load] -> "Loading datasets from class Emphysema"
DEBUG | 2026/05/29 14:56:46.625863 | [Dataset Load] -> "Loading datasets from class Fibrosis"
DEBUG | 2026/05/29 14:56:46.628144 | [Dataset Load] -> "Loading datasets from class Hernia"
DEBUG | 2026/05/29 14:56:46.628288 | [Dataset Load] -> "Loading datasets from class Infiltration"
DEBUG | 2026/05/29 14:56:46.634672 | [Dataset Load] -> "Loading datasets from class Mass"
DEBUG | 2026/05/29 14:56:46.640357 | [Dataset Load] -> "Loading datasets from class No Finding"
DEBUG | 2026/05/29 14:56:46.651672 | [Dataset Load] -> "Loading datasets from class Nodule"
DEBUG | 2026/05/29 14:56:46.655810 | [Dataset Load] -> "Loading datasets from class Pleural_Thickening"
DEBUG | 2026/05/29 14:56:46.658865 | [Dataset Load] -> "Loading datasets from class Pneumonia"
DEBUG | 2026/05/29 14:56:46.660502 | [Dataset Load] -> "Loading datasets from class Pneumothorax"
DEBUG | 2026/05/29 14:56:46.663415 | [Dataset Load] -> "Dynamically loaded 22921 datas"
DEBUG | 2026/05/29 15:06:53.348104 | [Dataset Load] -> "Loading datasets from data/train"
DEBUG | 2026/05/29 15:06:53.348877 | [Dataset Load] -> "Loading datasets from class Atelectasis"
DEBUG | 2026/05/29 15:06:53.361501 | [Dataset Load] -> "Loading datasets from class Cardiomegaly"
DEBUG | 2026/05/29 15:06:53.364143 | [Dataset Load] -> "Loading datasets from class Consolidation"
DEBUG | 2026/05/29 15:06:53.368009 | [Dataset Load] -> "Loading datasets from class Edema"
DEBUG | 2026/05/29 15:06:53.372971 | [Dataset Load] -> "Loading datasets from class Effusion"
DEBUG | 2026/05/29 15:06:53.378359 | [Dataset Load] -> "Loading datasets from class Emphysema"
DEBUG | 2026/05/29 15:06:53.380252 | [Dataset Load] -> "Loading datasets from class Fibrosis"
DEBUG | 2026/05/29 15:06:53.382734 | [Dataset Load] -> "Loading datasets from class Hernia"
DEBUG | 2026/05/29 15:06:53.382883 | [Dataset Load] -> "Loading datasets from class Infiltration"
DEBUG | 2026/05/29 15:06:53.389248 | [Dataset Load] -> "Loading datasets from class Mass"
DEBUG | 2026/05/29 15:06:53.394958 | [Dataset Load] -> "Loading datasets from class No Finding"
DEBUG | 2026/05/29 15:06:53.406243 | [Dataset Load] -> "Loading datasets from class Nodule"
DEBUG | 2026/05/29 15:06:53.410687 | [Dataset Load] -> "Loading datasets from class Pleural_Thickening"
DEBUG | 2026/05/29 15:06:53.413710 | [Dataset Load] -> "Loading datasets from class Pneumonia"
DEBUG | 2026/05/29 15:06:53.415387 | [Dataset Load] -> "Loading datasets from class Pneumothorax"
DEBUG | 2026/05/29 15:06:53.418109 | [Dataset Load] -> "Dynamically loaded 22921 datas"
DEBUG | 2026/05/29 15:17:01.971964 | [Dataset Load] -> "Loading datasets from data/train"
DEBUG | 2026/05/29 15:17:01.972527 | [Dataset Load] -> "Loading datasets from class Atelectasis"
DEBUG | 2026/05/29 15:17:01.984734 | [Dataset Load] -> "Loading datasets from class Cardiomegaly"
DEBUG | 2026/05/29 15:17:01.987187 | [Dataset Load] -> "Loading datasets from class Consolidation"
DEBUG | 2026/05/29 15:17:01.991132 | [Dataset Load] -> "Loading datasets from class Edema"
DEBUG | 2026/05/29 15:17:01.996198 | [Dataset Load] -> "Loading datasets from class Effusion"
DEBUG | 2026/05/29 15:17:02.001885 | [Dataset Load] -> "Loading datasets from class Emphysema"
DEBUG | 2026/05/29 15:17:02.003907 | [Dataset Load] -> "Loading datasets from class Fibrosis"
DEBUG | 2026/05/29 15:17:02.006230 | [Dataset Load] -> "Loading datasets from class Hernia"
DEBUG | 2026/05/29 15:17:02.006474 | [Dataset Load] -> "Loading datasets from class Infiltration"
DEBUG | 2026/05/29 15:17:02.012787 | [Dataset Load] -> "Loading datasets from class Mass"
DEBUG | 2026/05/29 15:17:02.018544 | [Dataset Load] -> "Loading datasets from class No Finding"
DEBUG | 2026/05/29 15:17:02.030240 | [Dataset Load] -> "Loading datasets from class Nodule"
DEBUG | 2026/05/29 15:17:02.034659 | [Dataset Load] -> "Loading datasets from class Pleural_Thickening"
DEBUG | 2026/05/29 15:17:02.037820 | [Dataset Load] -> "Loading datasets from class Pneumonia"
DEBUG | 2026/05/29 15:17:02.039511 | [Dataset Load] -> "Loading datasets from class Pneumothorax"
DEBUG | 2026/05/29 15:17:02.042186 | [Dataset Load] -> "Dynamically loaded 22921 datas"
DEBUG | 2026/05/29 15:27:10.329608 | [Dataset Load] -> "Loading datasets from data/train"
DEBUG | 2026/05/29 15:27:10.330242 | [Dataset Load] -> "Loading datasets from class Atelectasis"
DEBUG | 2026/05/29 15:27:10.342479 | [Dataset Load] -> "Loading datasets from class Cardiomegaly"
DEBUG | 2026/05/29 15:27:10.344909 | [Dataset Load] -> "Loading datasets from class Consolidation"
DEBUG | 2026/05/29 15:27:10.348845 | [Dataset Load] -> "Loading datasets from class Edema"
DEBUG | 2026/05/29 15:27:10.353818 | [Dataset Load] -> "Loading datasets from class Effusion"
DEBUG | 2026/05/29 15:27:10.359578 | [Dataset Load] -> "Loading datasets from class Emphysema"
DEBUG | 2026/05/29 15:27:10.361485 | [Dataset Load] -> "Loading datasets from class Fibrosis"
DEBUG | 2026/05/29 15:27:10.363807 | [Dataset Load] -> "Loading datasets from class Hernia"
DEBUG | 2026/05/29 15:27:10.364049 | [Dataset Load] -> "Loading datasets from class Infiltration"
DEBUG | 2026/05/29 15:27:10.370266 | [Dataset Load] -> "Loading datasets from class Mass"
DEBUG | 2026/05/29 15:27:10.375987 | [Dataset Load] -> "Loading datasets from class No Finding"
DEBUG | 2026/05/29 15:27:10.387485 | [Dataset Load] -> "Loading datasets from class Nodule"
DEBUG | 2026/05/29 15:27:10.391802 | [Dataset Load] -> "Loading datasets from class Pleural_Thickening"
DEBUG | 2026/05/29 15:27:10.394806 | [Dataset Load] -> "Loading datasets from class Pneumonia"
DEBUG | 2026/05/29 15:27:10.396514 | [Dataset Load] -> "Loading datasets from class Pneumothorax"
DEBUG | 2026/05/29 15:27:10.399228 | [Dataset Load] -> "Dynamically loaded 22921 datas"
DEBUG | 2026/05/29 15:37:16.810131 | [Dataset Load] -> "Loading datasets from data/train"
DEBUG | 2026/05/29 15:37:16.810707 | [Dataset Load] -> "Loading datasets from class Atelectasis"
DEBUG | 2026/05/29 15:37:16.823033 | [Dataset Load] -> "Loading datasets from class Cardiomegaly"
DEBUG | 2026/05/29 15:37:16.825531 | [Dataset Load] -> "Loading datasets from class Consolidation"
DEBUG | 2026/05/29 15:37:16.829704 | [Dataset Load] -> "Loading datasets from class Edema"
DEBUG | 2026/05/29 15:37:16.834772 | [Dataset Load] -> "Loading datasets from class Effusion"
DEBUG | 2026/05/29 15:37:16.840241 | [Dataset Load] -> "Loading datasets from class Emphysema"
DEBUG | 2026/05/29 15:37:16.842162 | [Dataset Load] -> "Loading datasets from class Fibrosis"
DEBUG | 2026/05/29 15:37:16.844499 | [Dataset Load] -> "Loading datasets from class Hernia"
DEBUG | 2026/05/29 15:37:16.844683 | [Dataset Load] -> "Loading datasets from class Infiltration"
DEBUG | 2026/05/29 15:37:16.851210 | [Dataset Load] -> "Loading datasets from class Mass"
DEBUG | 2026/05/29 15:37:16.856923 | [Dataset Load] -> "Loading datasets from class No Finding"
DEBUG | 2026/05/29 15:37:16.868245 | [Dataset Load] -> "Loading datasets from class Nodule"
DEBUG | 2026/05/29 15:37:16.872425 | [Dataset Load] -> "Loading datasets from class Pleural_Thickening"
DEBUG | 2026/05/29 15:37:16.875329 | [Dataset Load] -> "Loading datasets from class Pneumonia"
DEBUG | 2026/05/29 15:37:16.877013 | [Dataset Load] -> "Loading datasets from class Pneumothorax"
DEBUG | 2026/05/29 15:37:16.879833 | [Dataset Load] -> "Dynamically loaded 22921 datas"
DEBUG | 2026/05/29 15:47:26.581686 | [Dataset Load] -> "Loading datasets from data/train"
DEBUG | 2026/05/29 15:47:26.582395 | [Dataset Load] -> "Loading datasets from class Atelectasis"
DEBUG | 2026/05/29 15:47:26.594865 | [Dataset Load] -> "Loading datasets from class Cardiomegaly"
DEBUG | 2026/05/29 15:47:26.597472 | [Dataset Load] -> "Loading datasets from class Consolidation"
DEBUG | 2026/05/29 15:47:26.601394 | [Dataset Load] -> "Loading datasets from class Edema"
DEBUG | 2026/05/29 15:47:26.606561 | [Dataset Load] -> "Loading datasets from class Effusion"
DEBUG | 2026/05/29 15:47:26.612132 | [Dataset Load] -> "Loading datasets from class Emphysema"
DEBUG | 2026/05/29 15:47:26.614040 | [Dataset Load] -> "Loading datasets from class Fibrosis"
DEBUG | 2026/05/29 15:47:26.616488 | [Dataset Load] -> "Loading datasets from class Hernia"
DEBUG | 2026/05/29 15:47:26.616738 | [Dataset Load] -> "Loading datasets from class Infiltration"
DEBUG | 2026/05/29 15:47:26.623022 | [Dataset Load] -> "Loading datasets from class Mass"
DEBUG | 2026/05/29 15:47:26.628731 | [Dataset Load] -> "Loading datasets from class No Finding"
DEBUG | 2026/05/29 15:47:26.640131 | [Dataset Load] -> "Loading datasets from class Nodule"
DEBUG | 2026/05/29 15:47:26.759835 | [Dataset Load] -> "Loading datasets from class Pleural_Thickening"
DEBUG | 2026/05/29 15:47:26.763273 | [Dataset Load] -> "Loading datasets from class Pneumonia"
DEBUG | 2026/05/29 15:47:26.765009 | [Dataset Load] -> "Loading datasets from class Pneumothorax"
DEBUG | 2026/05/29 15:47:26.767752 | [Dataset Load] -> "Dynamically loaded 22921 datas"
DEBUG | 2026/05/29 15:57:32.101270 | [Dataset Load] -> "Loading datasets from data/train"
DEBUG | 2026/05/29 15:57:32.101819 | [Dataset Load] -> "Loading datasets from class Atelectasis"
DEBUG | 2026/05/29 15:57:32.114126 | [Dataset Load] -> "Loading datasets from class Cardiomegaly"
DEBUG | 2026/05/29 15:57:32.116590 | [Dataset Load] -> "Loading datasets from class Consolidation"
DEBUG | 2026/05/29 15:57:32.120497 | [Dataset Load] -> "Loading datasets from class Edema"
DEBUG | 2026/05/29 15:57:32.125582 | [Dataset Load] -> "Loading datasets from class Effusion"
DEBUG | 2026/05/29 15:57:32.131011 | [Dataset Load] -> "Loading datasets from class Emphysema"
DEBUG | 2026/05/29 15:57:32.133107 | [Dataset Load] -> "Loading datasets from class Fibrosis"
DEBUG | 2026/05/29 15:57:32.135435 | [Dataset Load] -> "Loading datasets from class Hernia"
DEBUG | 2026/05/29 15:57:32.135671 | [Dataset Load] -> "Loading datasets from class Infiltration"
DEBUG | 2026/05/29 15:57:32.142028 | [Dataset Load] -> "Loading datasets from class Mass"
DEBUG | 2026/05/29 15:57:32.147760 | [Dataset Load] -> "Loading datasets from class No Finding"
DEBUG | 2026/05/29 15:57:32.159369 | [Dataset Load] -> "Loading datasets from class Nodule"
DEBUG | 2026/05/29 15:57:32.163657 | [Dataset Load] -> "Loading datasets from class Pleural_Thickening"
DEBUG | 2026/05/29 15:57:32.166655 | [Dataset Load] -> "Loading datasets from class Pneumonia"
DEBUG | 2026/05/29 15:57:32.168344 | [Dataset Load] -> "Loading datasets from class Pneumothorax"
DEBUG | 2026/05/29 15:57:32.171054 | [Dataset Load] -> "Dynamically loaded 22921 datas"
DEBUG | 2026/05/29 16:07:37.383708 | [Dataset Load] -> "Loading datasets from data/train"
DEBUG | 2026/05/29 16:07:37.384159 | [Dataset Load] -> "Loading datasets from class Atelectasis"
DEBUG | 2026/05/29 16:07:37.396145 | [Dataset Load] -> "Loading datasets from class Cardiomegaly"
DEBUG | 2026/05/29 16:07:37.398771 | [Dataset Load] -> "Loading datasets from class Consolidation"
DEBUG | 2026/05/29 16:07:37.402776 | [Dataset Load] -> "Loading datasets from class Edema"
DEBUG | 2026/05/29 16:07:37.408230 | [Dataset Load] -> "Loading datasets from class Effusion"
DEBUG | 2026/05/29 16:07:37.414000 | [Dataset Load] -> "Loading datasets from class Emphysema"
DEBUG | 2026/05/29 16:07:37.416008 | [Dataset Load] -> "Loading datasets from class Fibrosis"
DEBUG | 2026/05/29 16:07:37.418344 | [Dataset Load] -> "Loading datasets from class Hernia"
DEBUG | 2026/05/29 16:07:37.418606 | [Dataset Load] -> "Loading datasets from class Infiltration"
DEBUG | 2026/05/29 16:07:37.424974 | [Dataset Load] -> "Loading datasets from class Mass"
DEBUG | 2026/05/29 16:07:37.431208 | [Dataset Load] -> "Loading datasets from class No Finding"
DEBUG | 2026/05/29 16:07:37.442738 | [Dataset Load] -> "Loading datasets from class Nodule"
DEBUG | 2026/05/29 16:07:37.447058 | [Dataset Load] -> "Loading datasets from class Pleural_Thickening"
DEBUG | 2026/05/29 16:07:37.449921 | [Dataset Load] -> "Loading datasets from class Pneumonia"
DEBUG | 2026/05/29 16:07:37.451559 | [Dataset Load] -> "Loading datasets from class Pneumothorax"
DEBUG | 2026/05/29 16:07:37.454209 | [Dataset Load] -> "Dynamically loaded 22921 datas"
DEBUG | 2026/05/29 16:17:59.406876 | [Dataset Load] -> "Loading datasets from data/train"
DEBUG | 2026/05/29 16:17:59.407475 | [Dataset Load] -> "Loading datasets from class Atelectasis"
DEBUG | 2026/05/29 16:17:59.419879 | [Dataset Load] -> "Loading datasets from class Cardiomegaly"
DEBUG | 2026/05/29 16:17:59.422636 | [Dataset Load] -> "Loading datasets from class Consolidation"
DEBUG | 2026/05/29 16:17:59.801511 | [Dataset Load] -> "Loading datasets from class Edema"
DEBUG | 2026/05/29 16:17:59.807051 | [Dataset Load] -> "Loading datasets from class Effusion"
DEBUG | 2026/05/29 16:17:59.812682 | [Dataset Load] -> "Loading datasets from class Emphysema"
DEBUG | 2026/05/29 16:17:59.814611 | [Dataset Load] -> "Loading datasets from class Fibrosis"
DEBUG | 2026/05/29 16:17:59.816906 | [Dataset Load] -> "Loading datasets from class Hernia"
DEBUG | 2026/05/29 16:17:59.817142 | [Dataset Load] -> "Loading datasets from class Infiltration"
DEBUG | 2026/05/29 16:17:59.823562 | [Dataset Load] -> "Loading datasets from class Mass"
DEBUG | 2026/05/29 16:17:59.829264 | [Dataset Load] -> "Loading datasets from class No Finding"
DEBUG | 2026/05/29 16:17:59.840612 | [Dataset Load] -> "Loading datasets from class Nodule"
DEBUG | 2026/05/29 16:17:59.844933 | [Dataset Load] -> "Loading datasets from class Pleural_Thickening"
DEBUG | 2026/05/29 16:17:59.847865 | [Dataset Load] -> "Loading datasets from class Pneumonia"
DEBUG | 2026/05/29 16:17:59.849557 | [Dataset Load] -> "Loading datasets from class Pneumothorax"
DEBUG | 2026/05/29 16:17:59.852368 | [Dataset Load] -> "Dynamically loaded 22921 datas"
DEBUG | 2026/05/29 16:28:05.281787 | [Dataset Load] -> "Loading datasets from data/train"
DEBUG | 2026/05/29 16:28:05.282330 | [Dataset Load] -> "Loading datasets from class Atelectasis"
DEBUG | 2026/05/29 16:28:05.293261 | [Dataset Load] -> "Loading datasets from class Cardiomegaly"
DEBUG | 2026/05/29 16:28:05.296312 | [Dataset Load] -> "Loading datasets from class Consolidation"
DEBUG | 2026/05/29 16:28:05.300040 | [Dataset Load] -> "Loading datasets from class Edema"
DEBUG | 2026/05/29 16:28:05.303860 | [Dataset Load] -> "Loading datasets from class Effusion"
DEBUG | 2026/05/29 16:28:05.309994 | [Dataset Load] -> "Loading datasets from class Emphysema"
DEBUG | 2026/05/29 16:28:05.311861 | [Dataset Load] -> "Loading datasets from class Fibrosis"
DEBUG | 2026/05/29 16:28:05.314133 | [Dataset Load] -> "Loading datasets from class Hernia"
DEBUG | 2026/05/29 16:28:05.314207 | [Dataset Load] -> "Loading datasets from class Infiltration"
DEBUG | 2026/05/29 16:28:05.320518 | [Dataset Load] -> "Loading datasets from class Mass"
DEBUG | 2026/05/29 16:28:05.326111 | [Dataset Load] -> "Loading datasets from class No Finding"
DEBUG | 2026/05/29 16:28:05.337408 | [Dataset Load] -> "Loading datasets from class Nodule"
DEBUG | 2026/05/29 16:28:05.341732 | [Dataset Load] -> "Loading datasets from class Pleural_Thickening"
DEBUG | 2026/05/29 16:28:05.344722 | [Dataset Load] -> "Loading datasets from class Pneumonia"
DEBUG | 2026/05/29 16:28:05.346316 | [Dataset Load] -> "Loading datasets from class Pneumothorax"
DEBUG | 2026/05/29 16:28:05.349015 | [Dataset Load] -> "Dynamically loaded 22921 datas"
DEBUG | 2026/05/29 16:38:17.340564 | [Dataset Load] -> "Loading datasets from data/train"
DEBUG | 2026/05/29 16:38:17.341223 | [Dataset Load] -> "Loading datasets from class Atelectasis"
DEBUG | 2026/05/29 16:38:17.353327 | [Dataset Load] -> "Loading datasets from class Cardiomegaly"
DEBUG | 2026/05/29 16:38:17.355720 | [Dataset Load] -> "Loading datasets from class Consolidation"
DEBUG | 2026/05/29 16:38:17.359629 | [Dataset Load] -> "Loading datasets from class Edema"
DEBUG | 2026/05/29 16:38:17.364773 | [Dataset Load] -> "Loading datasets from class Effusion"
DEBUG | 2026/05/29 16:38:17.370559 | [Dataset Load] -> "Loading datasets from class Emphysema"
DEBUG | 2026/05/29 16:38:17.372480 | [Dataset Load] -> "Loading datasets from class Fibrosis"
DEBUG | 2026/05/29 16:38:17.374778 | [Dataset Load] -> "Loading datasets from class Hernia"
DEBUG | 2026/05/29 16:38:17.375045 | [Dataset Load] -> "Loading datasets from class Infiltration"
DEBUG | 2026/05/29 16:38:17.381227 | [Dataset Load] -> "Loading datasets from class Mass"
DEBUG | 2026/05/29 16:38:17.387032 | [Dataset Load] -> "Loading datasets from class No Finding"
DEBUG | 2026/05/29 16:38:17.398713 | [Dataset Load] -> "Loading datasets from class Nodule"
DEBUG | 2026/05/29 16:38:17.402988 | [Dataset Load] -> "Loading datasets from class Pleural_Thickening"
DEBUG | 2026/05/29 16:38:17.406049 | [Dataset Load] -> "Loading datasets from class Pneumonia"
DEBUG | 2026/05/29 16:38:17.407578 | [Dataset Load] -> "Loading datasets from class Pneumothorax"
DEBUG | 2026/05/29 16:38:17.410237 | [Dataset Load] -> "Dynamically loaded 22921 datas"
DEBUG | 2026/05/29 16:48:35.020409 | [Dataset Load] -> "Loading datasets from data/train"
DEBUG | 2026/05/29 16:48:35.021007 | [Dataset Load] -> "Loading datasets from class Atelectasis"
DEBUG | 2026/05/29 16:48:35.033319 | [Dataset Load] -> "Loading datasets from class Cardiomegaly"
DEBUG | 2026/05/29 16:48:35.035737 | [Dataset Load] -> "Loading datasets from class Consolidation"
DEBUG | 2026/05/29 16:48:35.039626 | [Dataset Load] -> "Loading datasets from class Edema"
DEBUG | 2026/05/29 16:48:35.167652 | [Dataset Load] -> "Loading datasets from class Effusion"
DEBUG | 2026/05/29 16:48:35.173554 | [Dataset Load] -> "Loading datasets from class Emphysema"
DEBUG | 2026/05/29 16:48:35.175548 | [Dataset Load] -> "Loading datasets from class Fibrosis"
DEBUG | 2026/05/29 16:48:35.177862 | [Dataset Load] -> "Loading datasets from class Hernia"
DEBUG | 2026/05/29 16:48:35.178104 | [Dataset Load] -> "Loading datasets from class Infiltration"
DEBUG | 2026/05/29 16:48:35.184487 | [Dataset Load] -> "Loading datasets from class Mass"
DEBUG | 2026/05/29 16:48:35.190503 | [Dataset Load] -> "Loading datasets from class No Finding"
DEBUG | 2026/05/29 16:48:35.202727 | [Dataset Load] -> "Loading datasets from class Nodule"
DEBUG | 2026/05/29 16:48:35.207143 | [Dataset Load] -> "Loading datasets from class Pleural_Thickening"
DEBUG | 2026/05/29 16:48:35.210103 | [Dataset Load] -> "Loading datasets from class Pneumonia"
DEBUG | 2026/05/29 16:48:35.211605 | [Dataset Load] -> "Loading datasets from class Pneumothorax"
DEBUG | 2026/05/29 16:48:35.214260 | [Dataset Load] -> "Dynamically loaded 22921 datas"
DEBUG | 2026/05/29 16:51:22.750486 | [Test Dataset Load] -> "Loading datasets from data/test"
DEBUG | 2026/05/29 16:51:22.785081 | [Test Dataset Load] -> "Dynamically loaded 5000 datas"
DEBUG | 2026/05/29 16:51:22.787142 | [Dataset Load] -> "Loading datasets from data/train"
DEBUG | 2026/05/29 16:51:22.787495 | [Dataset Load] -> "Loading datasets from class Atelectasis"
DEBUG | 2026/05/29 16:51:22.800258 | [Dataset Load] -> "Loading datasets from class Cardiomegaly"
DEBUG | 2026/05/29 16:51:22.803142 | [Dataset Load] -> "Loading datasets from class Consolidation"
DEBUG | 2026/05/29 16:51:22.807357 | [Dataset Load] -> "Loading datasets from class Edema"
DEBUG | 2026/05/29 16:51:22.811750 | [Dataset Load] -> "Loading datasets from class Effusion"
DEBUG | 2026/05/29 16:51:22.817651 | [Dataset Load] -> "Loading datasets from class Emphysema"
DEBUG | 2026/05/29 16:51:22.819801 | [Dataset Load] -> "Loading datasets from class Fibrosis"
DEBUG | 2026/05/29 16:51:22.822098 | [Dataset Load] -> "Loading datasets from class Hernia"
DEBUG | 2026/05/29 16:51:22.822379 | [Dataset Load] -> "Loading datasets from class Infiltration"
DEBUG | 2026/05/29 16:51:22.828939 | [Dataset Load] -> "Loading datasets from class Mass"
DEBUG | 2026/05/29 16:51:22.834904 | [Dataset Load] -> "Loading datasets from class No Finding"
DEBUG | 2026/05/29 16:51:22.846158 | [Dataset Load] -> "Loading datasets from class Nodule"
DEBUG | 2026/05/29 16:51:22.850984 | [Dataset Load] -> "Loading datasets from class Pleural_Thickening"
DEBUG | 2026/05/29 16:51:22.852624 | [Dataset Load] -> "Loading datasets from class Pneumonia"
DEBUG | 2026/05/29 16:51:22.853634 | [Dataset Load] -> "Loading datasets from class Pneumothorax"
DEBUG | 2026/05/29 16:51:22.856823 | [Dataset Load] -> "Dynamically loaded 22921 datas"
DEBUG | 2026/05/29 16:51:22.938051 | [Dataset Load] -> "Loading datasets from data/train"
DEBUG | 2026/05/29 16:51:22.938449 | [Dataset Load] -> "Dynamically loaded 16044 datas"
DEBUG | 2026/05/29 16:51:22.938510 | [Dataset Load] -> "Loading datasets from data/train"
DEBUG | 2026/05/29 16:51:22.938564 | [Dataset Load] -> "Dynamically loaded 6877 datas"
DEBUG | 2026/05/29 16:51:54.105270 | [Test Dataset Load] -> "Loading datasets from data/test"
DEBUG | 2026/05/29 16:51:54.110436 | [Test Dataset Load] -> "Dynamically loaded 5000 datas"
DEBUG | 2026/05/29 16:51:54.112986 | [Dataset Load] -> "Loading datasets from data/train"
DEBUG | 2026/05/29 16:51:54.113313 | [Dataset Load] -> "Loading datasets from class Atelectasis"
DEBUG | 2026/05/29 16:51:54.117206 | [Dataset Load] -> "Loading datasets from class Cardiomegaly"
DEBUG | 2026/05/29 16:51:54.119053 | [Dataset Load] -> "Loading datasets from class Consolidation"
DEBUG | 2026/05/29 16:51:54.121090 | [Dataset Load] -> "Loading datasets from class Edema"
DEBUG | 2026/05/29 16:51:54.122493 | [Dataset Load] -> "Loading datasets from class Effusion"
DEBUG | 2026/05/29 16:51:54.123515 | [Dataset Load] -> "Loading datasets from class Emphysema"
DEBUG | 2026/05/29 16:51:54.124044 | [Dataset Load] -> "Loading datasets from class Fibrosis"
DEBUG | 2026/05/29 16:51:54.124350 | [Dataset Load] -> "Loading datasets from class Hernia"
DEBUG | 2026/05/29 16:51:54.124432 | [Dataset Load] -> "Loading datasets from class Infiltration"
DEBUG | 2026/05/29 16:51:54.126449 | [Dataset Load] -> "Loading datasets from class Mass"
DEBUG | 2026/05/29 16:51:54.127476 | [Dataset Load] -> "Loading datasets from class No Finding"
DEBUG | 2026/05/29 16:51:54.129406 | [Dataset Load] -> "Loading datasets from class Nodule"
DEBUG | 2026/05/29 16:51:54.130211 | [Dataset Load] -> "Loading datasets from class Pleural_Thickening"
DEBUG | 2026/05/29 16:51:54.130552 | [Dataset Load] -> "Loading datasets from class Pneumonia"
DEBUG | 2026/05/29 16:51:54.130679 | [Dataset Load] -> "Loading datasets from class Pneumothorax"
DEBUG | 2026/05/29 16:51:54.131286 | [Dataset Load] -> "Dynamically loaded 22921 datas"
DEBUG | 2026/05/29 16:51:54.232851 | [Dataset Load] -> "Loading datasets from data/train"
DEBUG | 2026/05/29 16:51:54.233116 | [Dataset Load] -> "Dynamically loaded 16044 datas"
DEBUG | 2026/05/29 16:51:54.233189 | [Dataset Load] -> "Loading datasets from data/train"
DEBUG | 2026/05/29 16:51:54.233257 | [Dataset Load] -> "Dynamically loaded 6877 datas"
DEBUG | 2026/05/29 16:54:01.509348 | [Test Dataset Load] -> "Loading datasets from data/test"
DEBUG | 2026/05/29 16:54:01.515561 | [Test Dataset Load] -> "Dynamically loaded 5000 datas"
DEBUG | 2026/05/29 16:54:01.517924 | [Dataset Load] -> "Loading datasets from data/train"
DEBUG | 2026/05/29 16:54:01.518173 | [Dataset Load] -> "Loading datasets from class Atelectasis"
DEBUG | 2026/05/29 16:54:01.521995 | [Dataset Load] -> "Loading datasets from class Cardiomegaly"
DEBUG | 2026/05/29 16:54:01.523636 | [Dataset Load] -> "Loading datasets from class Consolidation"
DEBUG | 2026/05/29 16:54:01.525827 | [Dataset Load] -> "Loading datasets from class Edema"
DEBUG | 2026/05/29 16:54:01.527959 | [Dataset Load] -> "Loading datasets from class Effusion"
DEBUG | 2026/05/29 16:54:01.529841 | [Dataset Load] -> "Loading datasets from class Emphysema"
DEBUG | 2026/05/29 16:54:01.530880 | [Dataset Load] -> "Loading datasets from class Fibrosis"
DEBUG | 2026/05/29 16:54:01.531776 | [Dataset Load] -> "Loading datasets from class Hernia"
DEBUG | 2026/05/29 16:54:01.531997 | [Dataset Load] -> "Loading datasets from class Infiltration"
DEBUG | 2026/05/29 16:54:01.535012 | [Dataset Load] -> "Loading datasets from class Mass"
DEBUG | 2026/05/29 16:54:01.536894 | [Dataset Load] -> "Loading datasets from class No Finding"
DEBUG | 2026/05/29 16:54:01.539895 | [Dataset Load] -> "Loading datasets from class Nodule"
DEBUG | 2026/05/29 16:54:01.541493 | [Dataset Load] -> "Loading datasets from class Pleural_Thickening"
DEBUG | 2026/05/29 16:54:01.542197 | [Dataset Load] -> "Loading datasets from class Pneumonia"
DEBUG | 2026/05/29 16:54:01.542456 | [Dataset Load] -> "Loading datasets from class Pneumothorax"
DEBUG | 2026/05/29 16:54:01.543591 | [Dataset Load] -> "Dynamically loaded 22921 datas"
DEBUG | 2026/05/29 16:54:01.614103 | [Dataset Load] -> "Loading datasets from data/train"
DEBUG | 2026/05/29 16:54:01.614315 | [Dataset Load] -> "Dynamically loaded 16044 datas"
DEBUG | 2026/05/29 16:54:01.614491 | [Dataset Load] -> "Loading datasets from data/train"
DEBUG | 2026/05/29 16:54:01.614551 | [Dataset Load] -> "Dynamically loaded 6877 datas"
DEBUG | 2026/05/29 17:21:46.125632 | [Dataset Load] -> "Loading datasets from data/train"
DEBUG | 2026/05/29 17:21:46.126066 | [Dataset Load] -> "Loading datasets from class Atelectasis"
DEBUG | 2026/05/29 17:21:46.136422 | [Dataset Load] -> "Loading datasets from class Cardiomegaly"
DEBUG | 2026/05/29 17:21:46.138664 | [Dataset Load] -> "Loading datasets from class Consolidation"
DEBUG | 2026/05/29 17:21:46.143836 | [Dataset Load] -> "Loading datasets from class Edema"
DEBUG | 2026/05/29 17:21:46.146281 | [Dataset Load] -> "Loading datasets from class Effusion"
DEBUG | 2026/05/29 17:21:46.150411 | [Dataset Load] -> "Loading datasets from class Emphysema"
DEBUG | 2026/05/29 17:21:46.152995 | [Dataset Load] -> "Loading datasets from class Fibrosis"
DEBUG | 2026/05/29 17:21:46.153897 | [Dataset Load] -> "Loading datasets from class Hernia"
DEBUG | 2026/05/29 17:21:46.154132 | [Dataset Load] -> "Loading datasets from class Infiltration"
DEBUG | 2026/05/29 17:21:46.158785 | [Dataset Load] -> "Loading datasets from class Mass"
DEBUG | 2026/05/29 17:21:46.165616 | [Dataset Load] -> "Loading datasets from class No Finding"
DEBUG | 2026/05/29 17:21:46.170823 | [Dataset Load] -> "Loading datasets from class Nodule"
DEBUG | 2026/05/29 17:21:46.172890 | [Dataset Load] -> "Loading datasets from class Pleural_Thickening"
DEBUG | 2026/05/29 17:21:46.176048 | [Dataset Load] -> "Loading datasets from class Pneumonia"
DEBUG | 2026/05/29 17:21:46.176178 | [Dataset Load] -> "Loading datasets from class Pneumothorax"
DEBUG | 2026/05/29 17:21:46.179126 | [Dataset Load] -> "Dynamically loaded 22921 datas"
DEBUG | 2026/05/29 17:32:04.123074 | [Dataset Load] -> "Loading datasets from data/train"
DEBUG | 2026/05/29 17:32:04.123576 | [Dataset Load] -> "Loading datasets from class Atelectasis"
DEBUG | 2026/05/29 17:32:04.135444 | [Dataset Load] -> "Loading datasets from class Cardiomegaly"
DEBUG | 2026/05/29 17:32:04.138081 | [Dataset Load] -> "Loading datasets from class Consolidation"
DEBUG | 2026/05/29 17:32:04.142038 | [Dataset Load] -> "Loading datasets from class Edema"
DEBUG | 2026/05/29 17:32:04.146198 | [Dataset Load] -> "Loading datasets from class Effusion"
DEBUG | 2026/05/29 17:32:04.152278 | [Dataset Load] -> "Loading datasets from class Emphysema"
DEBUG | 2026/05/29 17:32:04.154641 | [Dataset Load] -> "Loading datasets from class Fibrosis"
DEBUG | 2026/05/29 17:32:04.157159 | [Dataset Load] -> "Loading datasets from class Hernia"
DEBUG | 2026/05/29 17:32:04.157306 | [Dataset Load] -> "Loading datasets from class Infiltration"
DEBUG | 2026/05/29 17:32:04.163687 | [Dataset Load] -> "Loading datasets from class Mass"
DEBUG | 2026/05/29 17:32:04.169623 | [Dataset Load] -> "Loading datasets from class No Finding"
DEBUG | 2026/05/29 17:32:04.181732 | [Dataset Load] -> "Loading datasets from class Nodule"
DEBUG | 2026/05/29 17:32:04.186165 | [Dataset Load] -> "Loading datasets from class Pleural_Thickening"
DEBUG | 2026/05/29 17:32:04.189104 | [Dataset Load] -> "Loading datasets from class Pneumonia"
DEBUG | 2026/05/29 17:32:04.190525 | [Dataset Load] -> "Loading datasets from class Pneumothorax"
DEBUG | 2026/05/29 17:32:04.193260 | [Dataset Load] -> "Dynamically loaded 22921 datas"
DEBUG | 2026/05/29 17:42:22.984640 | [Dataset Load] -> "Loading datasets from data/train"
DEBUG | 2026/05/29 17:42:22.985240 | [Dataset Load] -> "Loading datasets from class Atelectasis"
DEBUG | 2026/05/29 17:42:22.997737 | [Dataset Load] -> "Loading datasets from class Cardiomegaly"
DEBUG | 2026/05/29 17:42:23.000172 | [Dataset Load] -> "Loading datasets from class Consolidation"
DEBUG | 2026/05/29 17:42:23.004074 | [Dataset Load] -> "Loading datasets from class Edema"
DEBUG | 2026/05/29 17:42:23.009187 | [Dataset Load] -> "Loading datasets from class Effusion"
DEBUG | 2026/05/29 17:42:23.014882 | [Dataset Load] -> "Loading datasets from class Emphysema"
DEBUG | 2026/05/29 17:42:23.017008 | [Dataset Load] -> "Loading datasets from class Fibrosis"
DEBUG | 2026/05/29 17:42:23.019540 | [Dataset Load] -> "Loading datasets from class Hernia"
DEBUG | 2026/05/29 17:42:23.019835 | [Dataset Load] -> "Loading datasets from class Infiltration"
DEBUG | 2026/05/29 17:42:23.026451 | [Dataset Load] -> "Loading datasets from class Mass"
DEBUG | 2026/05/29 17:42:23.032075 | [Dataset Load] -> "Loading datasets from class No Finding"
DEBUG | 2026/05/29 17:42:23.044288 | [Dataset Load] -> "Loading datasets from class Nodule"
DEBUG | 2026/05/29 17:42:23.048736 | [Dataset Load] -> "Loading datasets from class Pleural_Thickening"
DEBUG | 2026/05/29 17:42:23.051703 | [Dataset Load] -> "Loading datasets from class Pneumonia"
DEBUG | 2026/05/29 17:42:23.053126 | [Dataset Load] -> "Loading datasets from class Pneumothorax"
DEBUG | 2026/05/29 17:42:23.055930 | [Dataset Load] -> "Dynamically loaded 22921 datas"
DEBUG | 2026/05/29 17:52:42.776150 | [Dataset Load] -> "Loading datasets from data/train"
DEBUG | 2026/05/29 17:52:42.776758 | [Dataset Load] -> "Loading datasets from class Atelectasis"
DEBUG | 2026/05/29 17:52:42.789163 | [Dataset Load] -> "Loading datasets from class Cardiomegaly"
DEBUG | 2026/05/29 17:52:42.791678 | [Dataset Load] -> "Loading datasets from class Consolidation"
DEBUG | 2026/05/29 17:52:42.795568 | [Dataset Load] -> "Loading datasets from class Edema"
DEBUG | 2026/05/29 17:52:42.800816 | [Dataset Load] -> "Loading datasets from class Effusion"
DEBUG | 2026/05/29 17:52:42.806412 | [Dataset Load] -> "Loading datasets from class Emphysema"
DEBUG | 2026/05/29 17:52:42.808317 | [Dataset Load] -> "Loading datasets from class Fibrosis"
DEBUG | 2026/05/29 17:52:42.810677 | [Dataset Load] -> "Loading datasets from class Hernia"
DEBUG | 2026/05/29 17:52:42.810918 | [Dataset Load] -> "Loading datasets from class Infiltration"
DEBUG | 2026/05/29 17:52:42.817172 | [Dataset Load] -> "Loading datasets from class Mass"
DEBUG | 2026/05/29 17:52:42.822844 | [Dataset Load] -> "Loading datasets from class No Finding"
DEBUG | 2026/05/29 17:52:42.834683 | [Dataset Load] -> "Loading datasets from class Nodule"
DEBUG | 2026/05/29 17:52:42.839089 | [Dataset Load] -> "Loading datasets from class Pleural_Thickening"
DEBUG | 2026/05/29 17:52:42.842051 | [Dataset Load] -> "Loading datasets from class Pneumonia"
DEBUG | 2026/05/29 17:52:42.843450 | [Dataset Load] -> "Loading datasets from class Pneumothorax"
DEBUG | 2026/05/29 17:52:42.846172 | [Dataset Load] -> "Dynamically loaded 22921 datas"
DEBUG | 2026/05/29 18:02:58.891548 | [Dataset Load] -> "Loading datasets from data/train"
DEBUG | 2026/05/29 18:02:58.892025 | [Dataset Load] -> "Loading datasets from class Atelectasis"
DEBUG | 2026/05/29 18:02:58.903972 | [Dataset Load] -> "Loading datasets from class Cardiomegaly"
DEBUG | 2026/05/29 18:02:58.906626 | [Dataset Load] -> "Loading datasets from class Consolidation"
DEBUG | 2026/05/29 18:02:58.910550 | [Dataset Load] -> "Loading datasets from class Edema"
DEBUG | 2026/05/29 18:02:58.915734 | [Dataset Load] -> "Loading datasets from class Effusion"
DEBUG | 2026/05/29 18:02:58.921505 | [Dataset Load] -> "Loading datasets from class Emphysema"
DEBUG | 2026/05/29 18:02:58.923441 | [Dataset Load] -> "Loading datasets from class Fibrosis"
DEBUG | 2026/05/29 18:02:58.925814 | [Dataset Load] -> "Loading datasets from class Hernia"
DEBUG | 2026/05/29 18:02:58.926064 | [Dataset Load] -> "Loading datasets from class Infiltration"
DEBUG | 2026/05/29 18:02:58.932654 | [Dataset Load] -> "Loading datasets from class Mass"
DEBUG | 2026/05/29 18:02:58.938286 | [Dataset Load] -> "Loading datasets from class No Finding"
DEBUG | 2026/05/29 18:02:58.950255 | [Dataset Load] -> "Loading datasets from class Nodule"
DEBUG | 2026/05/29 18:02:58.954657 | [Dataset Load] -> "Loading datasets from class Pleural_Thickening"
DEBUG | 2026/05/29 18:02:58.957713 | [Dataset Load] -> "Loading datasets from class Pneumonia"
DEBUG | 2026/05/29 18:02:58.959181 | [Dataset Load] -> "Loading datasets from class Pneumothorax"
DEBUG | 2026/05/29 18:02:59.083105 | [Dataset Load] -> "Dynamically loaded 22921 datas"
DEBUG | 2026/05/29 18:13:14.373624 | [Dataset Load] -> "Loading datasets from data/train"
DEBUG | 2026/05/29 18:13:14.374178 | [Dataset Load] -> "Loading datasets from class Atelectasis"
DEBUG | 2026/05/29 18:13:14.386539 | [Dataset Load] -> "Loading datasets from class Cardiomegaly"
DEBUG | 2026/05/29 18:13:14.389110 | [Dataset Load] -> "Loading datasets from class Consolidation"
DEBUG | 2026/05/29 18:13:14.392996 | [Dataset Load] -> "Loading datasets from class Edema"
DEBUG | 2026/05/29 18:13:14.398032 | [Dataset Load] -> "Loading datasets from class Effusion"
DEBUG | 2026/05/29 18:13:14.403594 | [Dataset Load] -> "Loading datasets from class Emphysema"
DEBUG | 2026/05/29 18:13:14.405461 | [Dataset Load] -> "Loading datasets from class Fibrosis"
DEBUG | 2026/05/29 18:13:14.407825 | [Dataset Load] -> "Loading datasets from class Hernia"
DEBUG | 2026/05/29 18:13:14.408063 | [Dataset Load] -> "Loading datasets from class Infiltration"
DEBUG | 2026/05/29 18:13:14.414507 | [Dataset Load] -> "Loading datasets from class Mass"
DEBUG | 2026/05/29 18:13:14.420051 | [Dataset Load] -> "Loading datasets from class No Finding"
DEBUG | 2026/05/29 18:13:14.431943 | [Dataset Load] -> "Loading datasets from class Nodule"
DEBUG | 2026/05/29 18:13:14.436571 | [Dataset Load] -> "Loading datasets from class Pleural_Thickening"
DEBUG | 2026/05/29 18:13:14.439520 | [Dataset Load] -> "Loading datasets from class Pneumonia"
DEBUG | 2026/05/29 18:13:14.440960 | [Dataset Load] -> "Loading datasets from class Pneumothorax"
DEBUG | 2026/05/29 18:13:14.443696 | [Dataset Load] -> "Dynamically loaded 22921 datas"
DEBUG | 2026/05/29 18:23:29.800802 | [Dataset Load] -> "Loading datasets from data/train"
DEBUG | 2026/05/29 18:23:29.801332 | [Dataset Load] -> "Loading datasets from class Atelectasis"
DEBUG | 2026/05/29 18:23:29.812486 | [Dataset Load] -> "Loading datasets from class Cardiomegaly"
DEBUG | 2026/05/29 18:23:29.815328 | [Dataset Load] -> "Loading datasets from class Consolidation"
DEBUG | 2026/05/29 18:23:29.819093 | [Dataset Load] -> "Loading datasets from class Edema"
DEBUG | 2026/05/29 18:23:29.823072 | [Dataset Load] -> "Loading datasets from class Effusion"
DEBUG | 2026/05/29 18:23:29.829309 | [Dataset Load] -> "Loading datasets from class Emphysema"
DEBUG | 2026/05/29 18:23:29.831255 | [Dataset Load] -> "Loading datasets from class Fibrosis"
DEBUG | 2026/05/29 18:23:29.833642 | [Dataset Load] -> "Loading datasets from class Hernia"
DEBUG | 2026/05/29 18:23:29.833721 | [Dataset Load] -> "Loading datasets from class Infiltration"
DEBUG | 2026/05/29 18:23:29.840048 | [Dataset Load] -> "Loading datasets from class Mass"
DEBUG | 2026/05/29 18:23:29.845568 | [Dataset Load] -> "Loading datasets from class No Finding"
DEBUG | 2026/05/29 18:23:29.857979 | [Dataset Load] -> "Loading datasets from class Nodule"
DEBUG | 2026/05/29 18:23:29.862258 | [Dataset Load] -> "Loading datasets from class Pleural_Thickening"
DEBUG | 2026/05/29 18:23:29.865283 | [Dataset Load] -> "Loading datasets from class Pneumonia"
DEBUG | 2026/05/29 18:23:29.866699 | [Dataset Load] -> "Loading datasets from class Pneumothorax"
DEBUG | 2026/05/29 18:23:29.869448 | [Dataset Load] -> "Dynamically loaded 22921 datas"
DEBUG | 2026/05/29 18:33:45.739478 | [Dataset Load] -> "Loading datasets from data/train"
DEBUG | 2026/05/29 18:33:45.740092 | [Dataset Load] -> "Loading datasets from class Atelectasis"
DEBUG | 2026/05/29 18:33:45.752428 | [Dataset Load] -> "Loading datasets from class Cardiomegaly"
DEBUG | 2026/05/29 18:33:45.754857 | [Dataset Load] -> "Loading datasets from class Consolidation"
DEBUG | 2026/05/29 18:33:45.758711 | [Dataset Load] -> "Loading datasets from class Edema"
DEBUG | 2026/05/29 18:33:45.763907 | [Dataset Load] -> "Loading datasets from class Effusion"
DEBUG | 2026/05/29 18:33:45.769506 | [Dataset Load] -> "Loading datasets from class Emphysema"
DEBUG | 2026/05/29 18:33:45.771410 | [Dataset Load] -> "Loading datasets from class Fibrosis"
DEBUG | 2026/05/29 18:33:45.773774 | [Dataset Load] -> "Loading datasets from class Hernia"
DEBUG | 2026/05/29 18:33:45.774018 | [Dataset Load] -> "Loading datasets from class Infiltration"
DEBUG | 2026/05/29 18:33:45.780405 | [Dataset Load] -> "Loading datasets from class Mass"
DEBUG | 2026/05/29 18:33:45.786207 | [Dataset Load] -> "Loading datasets from class No Finding"
DEBUG | 2026/05/29 18:33:45.798265 | [Dataset Load] -> "Loading datasets from class Nodule"
DEBUG | 2026/05/29 18:33:45.802774 | [Dataset Load] -> "Loading datasets from class Pleural_Thickening"
DEBUG | 2026/05/29 18:33:45.805732 | [Dataset Load] -> "Loading datasets from class Pneumonia"
DEBUG | 2026/05/29 18:33:45.807117 | [Dataset Load] -> "Loading datasets from class Pneumothorax"
DEBUG | 2026/05/29 18:33:45.809659 | [Dataset Load] -> "Dynamically loaded 22921 datas"
DEBUG | 2026/05/29 18:44:04.165101 | [Dataset Load] -> "Loading datasets from data/train"
DEBUG | 2026/05/29 18:44:04.165791 | [Dataset Load] -> "Loading datasets from class Atelectasis"
DEBUG | 2026/05/29 18:44:04.178139 | [Dataset Load] -> "Loading datasets from class Cardiomegaly"
DEBUG | 2026/05/29 18:44:04.180584 | [Dataset Load] -> "Loading datasets from class Consolidation"
DEBUG | 2026/05/29 18:44:04.184387 | [Dataset Load] -> "Loading datasets from class Edema"
DEBUG | 2026/05/29 18:44:04.189760 | [Dataset Load] -> "Loading datasets from class Effusion"
DEBUG | 2026/05/29 18:44:04.195335 | [Dataset Load] -> "Loading datasets from class Emphysema"
DEBUG | 2026/05/29 18:44:04.197253 | [Dataset Load] -> "Loading datasets from class Fibrosis"
DEBUG | 2026/05/29 18:44:04.199587 | [Dataset Load] -> "Loading datasets from class Hernia"
DEBUG | 2026/05/29 18:44:04.199742 | [Dataset Load] -> "Loading datasets from class Infiltration"
DEBUG | 2026/05/29 18:44:04.206138 | [Dataset Load] -> "Loading datasets from class Mass"
DEBUG | 2026/05/29 18:44:04.212133 | [Dataset Load] -> "Loading datasets from class No Finding"
DEBUG | 2026/05/29 18:44:04.224222 | [Dataset Load] -> "Loading datasets from class Nodule"
DEBUG | 2026/05/29 18:44:04.228644 | [Dataset Load] -> "Loading datasets from class Pleural_Thickening"
DEBUG | 2026/05/29 18:44:04.231533 | [Dataset Load] -> "Loading datasets from class Pneumonia"
DEBUG | 2026/05/29 18:44:04.232986 | [Dataset Load] -> "Loading datasets from class Pneumothorax"
DEBUG | 2026/05/29 18:44:04.235501 | [Dataset Load] -> "Dynamically loaded 22921 datas"
DEBUG | 2026/05/29 18:54:37.231844 | [Dataset Load] -> "Loading datasets from data/train"
DEBUG | 2026/05/29 18:54:37.232502 | [Dataset Load] -> "Loading datasets from class Atelectasis"
DEBUG | 2026/05/29 18:54:37.247020 | [Dataset Load] -> "Loading datasets from class Cardiomegaly"
DEBUG | 2026/05/29 18:54:37.249845 | [Dataset Load] -> "Loading datasets from class Consolidation"
DEBUG | 2026/05/29 18:54:37.253813 | [Dataset Load] -> "Loading datasets from class Edema"
DEBUG | 2026/05/29 18:54:37.259119 | [Dataset Load] -> "Loading datasets from class Effusion"
DEBUG | 2026/05/29 18:54:37.264823 | [Dataset Load] -> "Loading datasets from class Emphysema"
DEBUG | 2026/05/29 18:54:37.266894 | [Dataset Load] -> "Loading datasets from class Fibrosis"
DEBUG | 2026/05/29 18:54:37.269445 | [Dataset Load] -> "Loading datasets from class Hernia"
DEBUG | 2026/05/29 18:54:37.269819 | [Dataset Load] -> "Loading datasets from class Infiltration"
DEBUG | 2026/05/29 18:54:37.276441 | [Dataset Load] -> "Loading datasets from class Mass"
DEBUG | 2026/05/29 18:54:37.282118 | [Dataset Load] -> "Loading datasets from class No Finding"
DEBUG | 2026/05/29 18:54:37.294176 | [Dataset Load] -> "Loading datasets from class Nodule"
DEBUG | 2026/05/29 18:54:37.298837 | [Dataset Load] -> "Loading datasets from class Pleural_Thickening"
DEBUG | 2026/05/29 18:54:37.301974 | [Dataset Load] -> "Loading datasets from class Pneumonia"
DEBUG | 2026/05/29 18:54:37.303401 | [Dataset Load] -> "Loading datasets from class Pneumothorax"
DEBUG | 2026/05/29 18:54:37.305926 | [Dataset Load] -> "Dynamically loaded 22921 datas"
DEBUG | 2026/05/29 19:05:04.985551 | [Dataset Load] -> "Loading datasets from data/train"
DEBUG | 2026/05/29 19:05:04.986222 | [Dataset Load] -> "Loading datasets from class Atelectasis"
DEBUG | 2026/05/29 19:05:04.998797 | [Dataset Load] -> "Loading datasets from class Cardiomegaly"
DEBUG | 2026/05/29 19:05:05.001478 | [Dataset Load] -> "Loading datasets from class Consolidation"
DEBUG | 2026/05/29 19:05:05.005446 | [Dataset Load] -> "Loading datasets from class Edema"
DEBUG | 2026/05/29 19:05:05.010660 | [Dataset Load] -> "Loading datasets from class Effusion"
DEBUG | 2026/05/29 19:05:05.016461 | [Dataset Load] -> "Loading datasets from class Emphysema"
DEBUG | 2026/05/29 19:05:05.018419 | [Dataset Load] -> "Loading datasets from class Fibrosis"
DEBUG | 2026/05/29 19:05:05.020801 | [Dataset Load] -> "Loading datasets from class Hernia"
DEBUG | 2026/05/29 19:05:05.020944 | [Dataset Load] -> "Loading datasets from class Infiltration"
DEBUG | 2026/05/29 19:05:05.027370 | [Dataset Load] -> "Loading datasets from class Mass"
DEBUG | 2026/05/29 19:05:05.033111 | [Dataset Load] -> "Loading datasets from class No Finding"
DEBUG | 2026/05/29 19:05:05.045351 | [Dataset Load] -> "Loading datasets from class Nodule"
DEBUG | 2026/05/29 19:05:05.049715 | [Dataset Load] -> "Loading datasets from class Pleural_Thickening"
DEBUG | 2026/05/29 19:05:05.052833 | [Dataset Load] -> "Loading datasets from class Pneumonia"
DEBUG | 2026/05/29 19:05:05.054198 | [Dataset Load] -> "Loading datasets from class Pneumothorax"
DEBUG | 2026/05/29 19:05:05.056837 | [Dataset Load] -> "Dynamically loaded 22921 datas"
DEBUG | 2026/05/29 19:15:25.037861 | [Dataset Load] -> "Loading datasets from data/train"
DEBUG | 2026/05/29 19:15:25.038517 | [Dataset Load] -> "Loading datasets from class Atelectasis"
DEBUG | 2026/05/29 19:15:25.051054 | [Dataset Load] -> "Loading datasets from class Cardiomegaly"
DEBUG | 2026/05/29 19:15:25.053716 | [Dataset Load] -> "Loading datasets from class Consolidation"
DEBUG | 2026/05/29 19:15:25.057608 | [Dataset Load] -> "Loading datasets from class Edema"
DEBUG | 2026/05/29 19:15:25.062760 | [Dataset Load] -> "Loading datasets from class Effusion"
DEBUG | 2026/05/29 19:15:25.068520 | [Dataset Load] -> "Loading datasets from class Emphysema"
DEBUG | 2026/05/29 19:15:25.070481 | [Dataset Load] -> "Loading datasets from class Fibrosis"
DEBUG | 2026/05/29 19:15:25.072849 | [Dataset Load] -> "Loading datasets from class Hernia"
DEBUG | 2026/05/29 19:15:25.073100 | [Dataset Load] -> "Loading datasets from class Infiltration"
DEBUG | 2026/05/29 19:15:25.079402 | [Dataset Load] -> "Loading datasets from class Mass"
DEBUG | 2026/05/29 19:15:25.085130 | [Dataset Load] -> "Loading datasets from class No Finding"
DEBUG | 2026/05/29 19:15:25.097345 | [Dataset Load] -> "Loading datasets from class Nodule"
DEBUG | 2026/05/29 19:15:25.101823 | [Dataset Load] -> "Loading datasets from class Pleural_Thickening"
DEBUG | 2026/05/29 19:15:25.105194 | [Dataset Load] -> "Loading datasets from class Pneumonia"
DEBUG | 2026/05/29 19:15:25.106562 | [Dataset Load] -> "Loading datasets from class Pneumothorax"
DEBUG | 2026/05/29 19:15:25.109098 | [Dataset Load] -> "Dynamically loaded 22921 datas"
DEBUG | 2026/05/29 19:25:42.723805 | [Dataset Load] -> "Loading datasets from data/train"
DEBUG | 2026/05/29 19:25:42.724356 | [Dataset Load] -> "Loading datasets from class Atelectasis"
DEBUG | 2026/05/29 19:25:42.736554 | [Dataset Load] -> "Loading datasets from class Cardiomegaly"
DEBUG | 2026/05/29 19:25:42.739044 | [Dataset Load] -> "Loading datasets from class Consolidation"
DEBUG | 2026/05/29 19:25:42.742974 | [Dataset Load] -> "Loading datasets from class Edema"
DEBUG | 2026/05/29 19:25:42.748334 | [Dataset Load] -> "Loading datasets from class Effusion"
DEBUG | 2026/05/29 19:25:42.753864 | [Dataset Load] -> "Loading datasets from class Emphysema"
DEBUG | 2026/05/29 19:25:42.755761 | [Dataset Load] -> "Loading datasets from class Fibrosis"
DEBUG | 2026/05/29 19:25:42.758118 | [Dataset Load] -> "Loading datasets from class Hernia"
DEBUG | 2026/05/29 19:25:42.758360 | [Dataset Load] -> "Loading datasets from class Infiltration"
DEBUG | 2026/05/29 19:25:42.764627 | [Dataset Load] -> "Loading datasets from class Mass"
DEBUG | 2026/05/29 19:25:42.770447 | [Dataset Load] -> "Loading datasets from class No Finding"
DEBUG | 2026/05/29 19:25:42.782336 | [Dataset Load] -> "Loading datasets from class Nodule"
DEBUG | 2026/05/29 19:25:42.786756 | [Dataset Load] -> "Loading datasets from class Pleural_Thickening"
DEBUG | 2026/05/29 19:25:42.789743 | [Dataset Load] -> "Loading datasets from class Pneumonia"
DEBUG | 2026/05/29 19:25:42.791177 | [Dataset Load] -> "Loading datasets from class Pneumothorax"
DEBUG | 2026/05/29 19:25:42.793674 | [Dataset Load] -> "Dynamically loaded 22921 datas"
DEBUG | 2026/05/29 19:36:02.014772 | [Dataset Load] -> "Loading datasets from data/train"
DEBUG | 2026/05/29 19:36:02.015226 | [Dataset Load] -> "Loading datasets from class Atelectasis"
DEBUG | 2026/05/29 19:36:02.017081 | [Dataset Load] -> "Loading datasets from class Cardiomegaly"
DEBUG | 2026/05/29 19:36:02.017882 | [Dataset Load] -> "Loading datasets from class Consolidation"
DEBUG | 2026/05/29 19:36:02.018761 | [Dataset Load] -> "Loading datasets from class Edema"
DEBUG | 2026/05/29 19:36:02.019304 | [Dataset Load] -> "Loading datasets from class Effusion"
DEBUG | 2026/05/29 19:36:02.020185 | [Dataset Load] -> "Loading datasets from class Emphysema"
DEBUG | 2026/05/29 19:36:02.020651 | [Dataset Load] -> "Loading datasets from class Fibrosis"
DEBUG | 2026/05/29 19:36:02.020954 | [Dataset Load] -> "Loading datasets from class Hernia"
DEBUG | 2026/05/29 19:36:02.021035 | [Dataset Load] -> "Loading datasets from class Infiltration"
DEBUG | 2026/05/29 19:36:02.022544 | [Dataset Load] -> "Loading datasets from class Mass"
DEBUG | 2026/05/29 19:36:02.023378 | [Dataset Load] -> "Loading datasets from class No Finding"
DEBUG | 2026/05/29 19:36:02.024885 | [Dataset Load] -> "Loading datasets from class Nodule"
DEBUG | 2026/05/29 19:36:02.025951 | [Dataset Load] -> "Loading datasets from class Pleural_Thickening"
DEBUG | 2026/05/29 19:36:02.026342 | [Dataset Load] -> "Loading datasets from class Pneumonia"
DEBUG | 2026/05/29 19:36:02.026484 | [Dataset Load] -> "Loading datasets from class Pneumothorax"
DEBUG | 2026/05/29 19:36:02.027172 | [Dataset Load] -> "Dynamically loaded 22921 datas"
DEBUG | 2026/05/29 19:46:21.452671 | [Dataset Load] -> "Loading datasets from data/train"
DEBUG | 2026/05/29 19:46:21.453264 | [Dataset Load] -> "Loading datasets from class Atelectasis"
DEBUG | 2026/05/29 19:46:21.465972 | [Dataset Load] -> "Loading datasets from class Cardiomegaly"
DEBUG | 2026/05/29 19:46:21.468922 | [Dataset Load] -> "Loading datasets from class Consolidation"
DEBUG | 2026/05/29 19:46:21.472975 | [Dataset Load] -> "Loading datasets from class Edema"
DEBUG | 2026/05/29 19:46:21.478164 | [Dataset Load] -> "Loading datasets from class Effusion"
DEBUG | 2026/05/29 19:46:21.483813 | [Dataset Load] -> "Loading datasets from class Emphysema"
DEBUG | 2026/05/29 19:46:21.485784 | [Dataset Load] -> "Loading datasets from class Fibrosis"
DEBUG | 2026/05/29 19:46:21.488160 | [Dataset Load] -> "Loading datasets from class Hernia"
DEBUG | 2026/05/29 19:46:21.488349 | [Dataset Load] -> "Loading datasets from class Infiltration"
DEBUG | 2026/05/29 19:46:21.494835 | [Dataset Load] -> "Loading datasets from class Mass"
DEBUG | 2026/05/29 19:46:21.500610 | [Dataset Load] -> "Loading datasets from class No Finding"
DEBUG | 2026/05/29 19:46:21.512804 | [Dataset Load] -> "Loading datasets from class Nodule"
DEBUG | 2026/05/29 19:46:21.517645 | [Dataset Load] -> "Loading datasets from class Pleural_Thickening"
DEBUG | 2026/05/29 19:46:21.520775 | [Dataset Load] -> "Loading datasets from class Pneumonia"
DEBUG | 2026/05/29 19:46:21.522329 | [Dataset Load] -> "Loading datasets from class Pneumothorax"
DEBUG | 2026/05/29 19:46:21.524967 | [Dataset Load] -> "Dynamically loaded 22921 datas"
DEBUG | 2026/05/29 19:56:39.854195 | [Dataset Load] -> "Loading datasets from data/train"
DEBUG | 2026/05/29 19:56:39.854962 | [Dataset Load] -> "Loading datasets from class Atelectasis"
DEBUG | 2026/05/29 19:56:39.867345 | [Dataset Load] -> "Loading datasets from class Cardiomegaly"
DEBUG | 2026/05/29 19:56:39.869887 | [Dataset Load] -> "Loading datasets from class Consolidation"
DEBUG | 2026/05/29 19:56:39.873738 | [Dataset Load] -> "Loading datasets from class Edema"
DEBUG | 2026/05/29 19:56:39.878878 | [Dataset Load] -> "Loading datasets from class Effusion"
DEBUG | 2026/05/29 19:56:39.884669 | [Dataset Load] -> "Loading datasets from class Emphysema"
DEBUG | 2026/05/29 19:56:39.886594 | [Dataset Load] -> "Loading datasets from class Fibrosis"
DEBUG | 2026/05/29 19:56:39.888948 | [Dataset Load] -> "Loading datasets from class Hernia"
DEBUG | 2026/05/29 19:56:39.889193 | [Dataset Load] -> "Loading datasets from class Infiltration"
DEBUG | 2026/05/29 19:56:39.895539 | [Dataset Load] -> "Loading datasets from class Mass"
DEBUG | 2026/05/29 19:56:39.901149 | [Dataset Load] -> "Loading datasets from class No Finding"
DEBUG | 2026/05/29 19:56:39.913348 | [Dataset Load] -> "Loading datasets from class Nodule"
DEBUG | 2026/05/29 19:56:39.917746 | [Dataset Load] -> "Loading datasets from class Pleural_Thickening"
DEBUG | 2026/05/29 19:56:39.920784 | [Dataset Load] -> "Loading datasets from class Pneumonia"
DEBUG | 2026/05/29 19:56:39.922310 | [Dataset Load] -> "Loading datasets from class Pneumothorax"
DEBUG | 2026/05/29 19:56:39.924871 | [Dataset Load] -> "Dynamically loaded 22921 datas"
DEBUG | 2026/05/29 20:06:54.963220 | [Dataset Load] -> "Loading datasets from data/train"
DEBUG | 2026/05/29 20:06:54.963769 | [Dataset Load] -> "Loading datasets from class Atelectasis"
DEBUG | 2026/05/29 20:06:54.975897 | [Dataset Load] -> "Loading datasets from class Cardiomegaly"
DEBUG | 2026/05/29 20:06:54.978352 | [Dataset Load] -> "Loading datasets from class Consolidation"
DEBUG | 2026/05/29 20:06:54.982190 | [Dataset Load] -> "Loading datasets from class Edema"
DEBUG | 2026/05/29 20:06:54.987502 | [Dataset Load] -> "Loading datasets from class Effusion"
DEBUG | 2026/05/29 20:06:54.993017 | [Dataset Load] -> "Loading datasets from class Emphysema"
DEBUG | 2026/05/29 20:06:54.994862 | [Dataset Load] -> "Loading datasets from class Fibrosis"
DEBUG | 2026/05/29 20:06:54.997200 | [Dataset Load] -> "Loading datasets from class Hernia"
DEBUG | 2026/05/29 20:06:54.997428 | [Dataset Load] -> "Loading datasets from class Infiltration"
DEBUG | 2026/05/29 20:06:55.003677 | [Dataset Load] -> "Loading datasets from class Mass"
DEBUG | 2026/05/29 20:06:55.009430 | [Dataset Load] -> "Loading datasets from class No Finding"
DEBUG | 2026/05/29 20:06:55.021496 | [Dataset Load] -> "Loading datasets from class Nodule"
DEBUG | 2026/05/29 20:06:55.025881 | [Dataset Load] -> "Loading datasets from class Pleural_Thickening"
DEBUG | 2026/05/29 20:06:55.029146 | [Dataset Load] -> "Loading datasets from class Pneumonia"
DEBUG | 2026/05/29 20:06:55.030628 | [Dataset Load] -> "Loading datasets from class Pneumothorax"
DEBUG | 2026/05/29 20:06:55.033160 | [Dataset Load] -> "Dynamically loaded 22921 datas"
DEBUG | 2026/05/29 20:17:10.667679 | [Dataset Load] -> "Loading datasets from data/train"
DEBUG | 2026/05/29 20:17:10.668408 | [Dataset Load] -> "Loading datasets from class Atelectasis"
DEBUG | 2026/05/29 20:17:10.680784 | [Dataset Load] -> "Loading datasets from class Cardiomegaly"
DEBUG | 2026/05/29 20:17:10.683244 | [Dataset Load] -> "Loading datasets from class Consolidation"
DEBUG | 2026/05/29 20:17:10.687065 | [Dataset Load] -> "Loading datasets from class Edema"
DEBUG | 2026/05/29 20:17:10.692475 | [Dataset Load] -> "Loading datasets from class Effusion"
DEBUG | 2026/05/29 20:17:10.697995 | [Dataset Load] -> "Loading datasets from class Emphysema"
DEBUG | 2026/05/29 20:17:10.699885 | [Dataset Load] -> "Loading datasets from class Fibrosis"
DEBUG | 2026/05/29 20:17:10.702263 | [Dataset Load] -> "Loading datasets from class Hernia"
DEBUG | 2026/05/29 20:17:10.702502 | [Dataset Load] -> "Loading datasets from class Infiltration"
DEBUG | 2026/05/29 20:17:10.708773 | [Dataset Load] -> "Loading datasets from class Mass"
DEBUG | 2026/05/29 20:17:10.714600 | [Dataset Load] -> "Loading datasets from class No Finding"
DEBUG | 2026/05/29 20:17:10.726737 | [Dataset Load] -> "Loading datasets from class Nodule"
DEBUG | 2026/05/29 20:17:10.731126 | [Dataset Load] -> "Loading datasets from class Pleural_Thickening"
DEBUG | 2026/05/29 20:17:10.734245 | [Dataset Load] -> "Loading datasets from class Pneumonia"
DEBUG | 2026/05/29 20:17:10.735743 | [Dataset Load] -> "Loading datasets from class Pneumothorax"
DEBUG | 2026/05/29 20:17:10.738325 | [Dataset Load] -> "Dynamically loaded 22921 datas"
DEBUG | 2026/05/29 20:27:25.747845 | [Dataset Load] -> "Loading datasets from data/train"
DEBUG | 2026/05/29 20:27:25.748550 | [Dataset Load] -> "Loading datasets from class Atelectasis"
DEBUG | 2026/05/29 20:27:25.760863 | [Dataset Load] -> "Loading datasets from class Cardiomegaly"
DEBUG | 2026/05/29 20:27:25.763538 | [Dataset Load] -> "Loading datasets from class Consolidation"
DEBUG | 2026/05/29 20:27:25.767419 | [Dataset Load] -> "Loading datasets from class Edema"
DEBUG | 2026/05/29 20:27:25.771451 | [Dataset Load] -> "Loading datasets from class Effusion"
DEBUG | 2026/05/29 20:27:25.777603 | [Dataset Load] -> "Loading datasets from class Emphysema"
DEBUG | 2026/05/29 20:27:25.779490 | [Dataset Load] -> "Loading datasets from class Fibrosis"
DEBUG | 2026/05/29 20:27:25.781880 | [Dataset Load] -> "Loading datasets from class Hernia"
DEBUG | 2026/05/29 20:27:25.781959 | [Dataset Load] -> "Loading datasets from class Infiltration"
DEBUG | 2026/05/29 20:27:25.788394 | [Dataset Load] -> "Loading datasets from class Mass"
DEBUG | 2026/05/29 20:27:25.794012 | [Dataset Load] -> "Loading datasets from class No Finding"
DEBUG | 2026/05/29 20:27:25.806032 | [Dataset Load] -> "Loading datasets from class Nodule"
DEBUG | 2026/05/29 20:27:25.810591 | [Dataset Load] -> "Loading datasets from class Pleural_Thickening"
DEBUG | 2026/05/29 20:27:25.813572 | [Dataset Load] -> "Loading datasets from class Pneumonia"
DEBUG | 2026/05/29 20:27:25.815046 | [Dataset Load] -> "Loading datasets from class Pneumothorax"
DEBUG | 2026/05/29 20:27:25.817577 | [Dataset Load] -> "Dynamically loaded 22921 datas"
DEBUG | 2026/05/29 20:37:45.039595 | [Dataset Load] -> "Loading datasets from data/train"
DEBUG | 2026/05/29 20:37:45.040239 | [Dataset Load] -> "Loading datasets from class Atelectasis"
DEBUG | 2026/05/29 20:37:45.052798 | [Dataset Load] -> "Loading datasets from class Cardiomegaly"
DEBUG | 2026/05/29 20:37:45.055234 | [Dataset Load] -> "Loading datasets from class Consolidation"
DEBUG | 2026/05/29 20:37:45.059130 | [Dataset Load] -> "Loading datasets from class Edema"
DEBUG | 2026/05/29 20:37:45.064409 | [Dataset Load] -> "Loading datasets from class Effusion"
DEBUG | 2026/05/29 20:37:45.070224 | [Dataset Load] -> "Loading datasets from class Emphysema"
DEBUG | 2026/05/29 20:37:45.072171 | [Dataset Load] -> "Loading datasets from class Fibrosis"
DEBUG | 2026/05/29 20:37:45.074525 | [Dataset Load] -> "Loading datasets from class Hernia"
DEBUG | 2026/05/29 20:37:45.074762 | [Dataset Load] -> "Loading datasets from class Infiltration"
DEBUG | 2026/05/29 20:37:45.081106 | [Dataset Load] -> "Loading datasets from class Mass"
DEBUG | 2026/05/29 20:37:45.086727 | [Dataset Load] -> "Loading datasets from class No Finding"
DEBUG | 2026/05/29 20:37:45.098847 | [Dataset Load] -> "Loading datasets from class Nodule"
DEBUG | 2026/05/29 20:37:45.103298 | [Dataset Load] -> "Loading datasets from class Pleural_Thickening"
DEBUG | 2026/05/29 20:37:45.106274 | [Dataset Load] -> "Loading datasets from class Pneumonia"
DEBUG | 2026/05/29 20:37:45.107819 | [Dataset Load] -> "Loading datasets from class Pneumothorax"
DEBUG | 2026/05/29 20:37:45.110340 | [Dataset Load] -> "Dynamically loaded 22921 datas"
DEBUG | 2026/05/29 20:48:01.699231 | [Dataset Load] -> "Loading datasets from data/train"
DEBUG | 2026/05/29 20:48:01.699822 | [Dataset Load] -> "Loading datasets from class Atelectasis"
DEBUG | 2026/05/29 20:48:01.712391 | [Dataset Load] -> "Loading datasets from class Cardiomegaly"
DEBUG | 2026/05/29 20:48:01.714936 | [Dataset Load] -> "Loading datasets from class Consolidation"
DEBUG | 2026/05/29 20:48:01.718825 | [Dataset Load] -> "Loading datasets from class Edema"
DEBUG | 2026/05/29 20:48:01.724039 | [Dataset Load] -> "Loading datasets from class Effusion"
DEBUG | 2026/05/29 20:48:01.729759 | [Dataset Load] -> "Loading datasets from class Emphysema"
DEBUG | 2026/05/29 20:48:01.731692 | [Dataset Load] -> "Loading datasets from class Fibrosis"
DEBUG | 2026/05/29 20:48:01.734061 | [Dataset Load] -> "Loading datasets from class Hernia"
DEBUG | 2026/05/29 20:48:01.734299 | [Dataset Load] -> "Loading datasets from class Infiltration"
DEBUG | 2026/05/29 20:48:01.740537 | [Dataset Load] -> "Loading datasets from class Mass"
DEBUG | 2026/05/29 20:48:01.746115 | [Dataset Load] -> "Loading datasets from class No Finding"
DEBUG | 2026/05/29 20:48:01.758505 | [Dataset Load] -> "Loading datasets from class Nodule"
DEBUG | 2026/05/29 20:48:01.763140 | [Dataset Load] -> "Loading datasets from class Pleural_Thickening"
DEBUG | 2026/05/29 20:48:01.766700 | [Dataset Load] -> "Loading datasets from class Pneumonia"
DEBUG | 2026/05/29 20:48:01.768180 | [Dataset Load] -> "Loading datasets from class Pneumothorax"
DEBUG | 2026/05/29 20:48:01.771142 | [Dataset Load] -> "Dynamically loaded 22921 datas"
DEBUG | 2026/05/29 20:58:39.966625 | [Dataset Load] -> "Loading datasets from data/train"
DEBUG | 2026/05/29 20:58:39.967341 | [Dataset Load] -> "Loading datasets from class Atelectasis"
DEBUG | 2026/05/29 20:58:39.982290 | [Dataset Load] -> "Loading datasets from class Cardiomegaly"
DEBUG | 2026/05/29 20:58:39.984792 | [Dataset Load] -> "Loading datasets from class Consolidation"
DEBUG | 2026/05/29 20:58:39.988730 | [Dataset Load] -> "Loading datasets from class Edema"
DEBUG | 2026/05/29 20:58:39.994316 | [Dataset Load] -> "Loading datasets from class Effusion"
DEBUG | 2026/05/29 20:58:39.999908 | [Dataset Load] -> "Loading datasets from class Emphysema"
DEBUG | 2026/05/29 20:58:40.001847 | [Dataset Load] -> "Loading datasets from class Fibrosis"
DEBUG | 2026/05/29 20:58:40.004243 | [Dataset Load] -> "Loading datasets from class Hernia"
DEBUG | 2026/05/29 20:58:40.004499 | [Dataset Load] -> "Loading datasets from class Infiltration"
DEBUG | 2026/05/29 20:58:40.010974 | [Dataset Load] -> "Loading datasets from class Mass"
DEBUG | 2026/05/29 20:58:40.016893 | [Dataset Load] -> "Loading datasets from class No Finding"
DEBUG | 2026/05/29 20:58:40.028949 | [Dataset Load] -> "Loading datasets from class Nodule"
DEBUG | 2026/05/29 20:58:40.033425 | [Dataset Load] -> "Loading datasets from class Pleural_Thickening"
DEBUG | 2026/05/29 20:58:40.036495 | [Dataset Load] -> "Loading datasets from class Pneumonia"
DEBUG | 2026/05/29 20:58:40.037861 | [Dataset Load] -> "Loading datasets from class Pneumothorax"
DEBUG | 2026/05/29 20:58:40.040403 | [Dataset Load] -> "Dynamically loaded 22921 datas"
DEBUG | 2026/05/29 21:08:57.655080 | [Dataset Load] -> "Loading datasets from data/train"
DEBUG | 2026/05/29 21:08:57.655767 | [Dataset Load] -> "Loading datasets from class Atelectasis"
DEBUG | 2026/05/29 21:08:57.667944 | [Dataset Load] -> "Loading datasets from class Cardiomegaly"
DEBUG | 2026/05/29 21:08:57.670545 | [Dataset Load] -> "Loading datasets from class Consolidation"
DEBUG | 2026/05/29 21:08:57.674395 | [Dataset Load] -> "Loading datasets from class Edema"
DEBUG | 2026/05/29 21:08:57.679490 | [Dataset Load] -> "Loading datasets from class Effusion"
DEBUG | 2026/05/29 21:08:57.685114 | [Dataset Load] -> "Loading datasets from class Emphysema"
DEBUG | 2026/05/29 21:08:57.687020 | [Dataset Load] -> "Loading datasets from class Fibrosis"
DEBUG | 2026/05/29 21:08:57.689488 | [Dataset Load] -> "Loading datasets from class Hernia"
DEBUG | 2026/05/29 21:08:57.689745 | [Dataset Load] -> "Loading datasets from class Infiltration"
DEBUG | 2026/05/29 21:08:57.696145 | [Dataset Load] -> "Loading datasets from class Mass"
DEBUG | 2026/05/29 21:08:57.701732 | [Dataset Load] -> "Loading datasets from class No Finding"
DEBUG | 2026/05/29 21:08:57.713955 | [Dataset Load] -> "Loading datasets from class Nodule"
DEBUG | 2026/05/29 21:08:57.718681 | [Dataset Load] -> "Loading datasets from class Pleural_Thickening"
DEBUG | 2026/05/29 21:08:57.722061 | [Dataset Load] -> "Loading datasets from class Pneumonia"
DEBUG | 2026/05/29 21:08:57.723471 | [Dataset Load] -> "Loading datasets from class Pneumothorax"
DEBUG | 2026/05/29 21:08:57.726031 | [Dataset Load] -> "Dynamically loaded 22921 datas"
DEBUG | 2026/05/29 21:19:12.495004 | [Dataset Load] -> "Loading datasets from data/train"
DEBUG | 2026/05/29 21:19:12.495448 | [Dataset Load] -> "Loading datasets from class Atelectasis"
DEBUG | 2026/05/29 21:19:12.507393 | [Dataset Load] -> "Loading datasets from class Cardiomegaly"
DEBUG | 2026/05/29 21:19:12.509911 | [Dataset Load] -> "Loading datasets from class Consolidation"
DEBUG | 2026/05/29 21:19:12.513689 | [Dataset Load] -> "Loading datasets from class Edema"
DEBUG | 2026/05/29 21:19:12.518807 | [Dataset Load] -> "Loading datasets from class Effusion"
DEBUG | 2026/05/29 21:19:12.524187 | [Dataset Load] -> "Loading datasets from class Emphysema"
DEBUG | 2026/05/29 21:19:12.526002 | [Dataset Load] -> "Loading datasets from class Fibrosis"
DEBUG | 2026/05/29 21:19:12.528394 | [Dataset Load] -> "Loading datasets from class Hernia"
DEBUG | 2026/05/29 21:19:12.528621 | [Dataset Load] -> "Loading datasets from class Infiltration"
DEBUG | 2026/05/29 21:19:12.534946 | [Dataset Load] -> "Loading datasets from class Mass"
DEBUG | 2026/05/29 21:19:12.540476 | [Dataset Load] -> "Loading datasets from class No Finding"
DEBUG | 2026/05/29 21:19:12.552335 | [Dataset Load] -> "Loading datasets from class Nodule"
DEBUG | 2026/05/29 21:19:12.556873 | [Dataset Load] -> "Loading datasets from class Pleural_Thickening"
DEBUG | 2026/05/29 21:19:12.560000 | [Dataset Load] -> "Loading datasets from class Pneumonia"
DEBUG | 2026/05/29 21:19:12.561387 | [Dataset Load] -> "Loading datasets from class Pneumothorax"
DEBUG | 2026/05/29 21:19:12.563838 | [Dataset Load] -> "Dynamically loaded 22921 datas"
DEBUG | 2026/05/29 21:29:26.158010 | [Dataset Load] -> "Loading datasets from data/train"
DEBUG | 2026/05/29 21:29:26.158560 | [Dataset Load] -> "Loading datasets from class Atelectasis"
DEBUG | 2026/05/29 21:29:26.170978 | [Dataset Load] -> "Loading datasets from class Cardiomegaly"
DEBUG | 2026/05/29 21:29:26.173439 | [Dataset Load] -> "Loading datasets from class Consolidation"
DEBUG | 2026/05/29 21:29:26.177282 | [Dataset Load] -> "Loading datasets from class Edema"
DEBUG | 2026/05/29 21:29:26.182434 | [Dataset Load] -> "Loading datasets from class Effusion"
DEBUG | 2026/05/29 21:29:26.188067 | [Dataset Load] -> "Loading datasets from class Emphysema"
DEBUG | 2026/05/29 21:29:26.189996 | [Dataset Load] -> "Loading datasets from class Fibrosis"
DEBUG | 2026/05/29 21:29:26.192421 | [Dataset Load] -> "Loading datasets from class Hernia"
DEBUG | 2026/05/29 21:29:26.192665 | [Dataset Load] -> "Loading datasets from class Infiltration"
DEBUG | 2026/05/29 21:29:26.198904 | [Dataset Load] -> "Loading datasets from class Mass"
DEBUG | 2026/05/29 21:29:26.204479 | [Dataset Load] -> "Loading datasets from class No Finding"
DEBUG | 2026/05/29 21:29:26.216654 | [Dataset Load] -> "Loading datasets from class Nodule"
DEBUG | 2026/05/29 21:29:26.221162 | [Dataset Load] -> "Loading datasets from class Pleural_Thickening"
DEBUG | 2026/05/29 21:29:26.224147 | [Dataset Load] -> "Loading datasets from class Pneumonia"
DEBUG | 2026/05/29 21:29:26.225518 | [Dataset Load] -> "Loading datasets from class Pneumothorax"
DEBUG | 2026/05/29 21:29:26.227994 | [Dataset Load] -> "Dynamically loaded 22921 datas"
DEBUG | 2026/05/29 21:39:40.257229 | [Dataset Load] -> "Loading datasets from data/train"
DEBUG | 2026/05/29 21:39:40.257781 | [Dataset Load] -> "Loading datasets from class Atelectasis"
DEBUG | 2026/05/29 21:39:40.270075 | [Dataset Load] -> "Loading datasets from class Cardiomegaly"
DEBUG | 2026/05/29 21:39:40.272493 | [Dataset Load] -> "Loading datasets from class Consolidation"
DEBUG | 2026/05/29 21:39:40.276294 | [Dataset Load] -> "Loading datasets from class Edema"
DEBUG | 2026/05/29 21:39:40.281565 | [Dataset Load] -> "Loading datasets from class Effusion"
DEBUG | 2026/05/29 21:39:40.287047 | [Dataset Load] -> "Loading datasets from class Emphysema"
DEBUG | 2026/05/29 21:39:40.288911 | [Dataset Load] -> "Loading datasets from class Fibrosis"
DEBUG | 2026/05/29 21:39:40.291337 | [Dataset Load] -> "Loading datasets from class Hernia"
DEBUG | 2026/05/29 21:39:40.291583 | [Dataset Load] -> "Loading datasets from class Infiltration"
DEBUG | 2026/05/29 21:39:40.297842 | [Dataset Load] -> "Loading datasets from class Mass"
DEBUG | 2026/05/29 21:39:40.303649 | [Dataset Load] -> "Loading datasets from class No Finding"
DEBUG | 2026/05/29 21:39:40.315685 | [Dataset Load] -> "Loading datasets from class Nodule"
DEBUG | 2026/05/29 21:39:40.320263 | [Dataset Load] -> "Loading datasets from class Pleural_Thickening"
DEBUG | 2026/05/29 21:39:40.323324 | [Dataset Load] -> "Loading datasets from class Pneumonia"
DEBUG | 2026/05/29 21:39:40.324700 | [Dataset Load] -> "Loading datasets from class Pneumothorax"
DEBUG | 2026/05/29 21:39:40.327172 | [Dataset Load] -> "Dynamically loaded 22921 datas"
DEBUG | 2026/05/29 21:49:55.827915 | [Dataset Load] -> "Loading datasets from data/train"
DEBUG | 2026/05/29 21:49:55.828470 | [Dataset Load] -> "Loading datasets from class Atelectasis"
DEBUG | 2026/05/29 21:49:55.840553 | [Dataset Load] -> "Loading datasets from class Cardiomegaly"
DEBUG | 2026/05/29 21:49:55.843013 | [Dataset Load] -> "Loading datasets from class Consolidation"
DEBUG | 2026/05/29 21:49:55.846864 | [Dataset Load] -> "Loading datasets from class Edema"
DEBUG | 2026/05/29 21:49:55.852151 | [Dataset Load] -> "Loading datasets from class Effusion"
DEBUG | 2026/05/29 21:49:55.857615 | [Dataset Load] -> "Loading datasets from class Emphysema"
DEBUG | 2026/05/29 21:49:55.859565 | [Dataset Load] -> "Loading datasets from class Fibrosis"
DEBUG | 2026/05/29 21:49:55.861968 | [Dataset Load] -> "Loading datasets from class Hernia"
DEBUG | 2026/05/29 21:49:55.862200 | [Dataset Load] -> "Loading datasets from class Infiltration"
DEBUG | 2026/05/29 21:49:55.868357 | [Dataset Load] -> "Loading datasets from class Mass"
DEBUG | 2026/05/29 21:49:55.874005 | [Dataset Load] -> "Loading datasets from class No Finding"
DEBUG | 2026/05/29 21:49:55.885925 | [Dataset Load] -> "Loading datasets from class Nodule"
DEBUG | 2026/05/29 21:49:55.890306 | [Dataset Load] -> "Loading datasets from class Pleural_Thickening"
DEBUG | 2026/05/29 21:49:55.893385 | [Dataset Load] -> "Loading datasets from class Pneumonia"
DEBUG | 2026/05/29 21:49:55.894741 | [Dataset Load] -> "Loading datasets from class Pneumothorax"
DEBUG | 2026/05/29 21:49:55.897181 | [Dataset Load] -> "Dynamically loaded 22921 datas"
DEBUG | 2026/05/29 22:00:10.802521 | [Dataset Load] -> "Loading datasets from data/train"
DEBUG | 2026/05/29 22:00:10.803040 | [Dataset Load] -> "Loading datasets from class Atelectasis"
DEBUG | 2026/05/29 22:00:10.815225 | [Dataset Load] -> "Loading datasets from class Cardiomegaly"
DEBUG | 2026/05/29 22:00:10.817823 | [Dataset Load] -> "Loading datasets from class Consolidation"
DEBUG | 2026/05/29 22:00:10.821738 | [Dataset Load] -> "Loading datasets from class Edema"
DEBUG | 2026/05/29 22:00:10.826849 | [Dataset Load] -> "Loading datasets from class Effusion"
DEBUG | 2026/05/29 22:00:10.832288 | [Dataset Load] -> "Loading datasets from class Emphysema"
DEBUG | 2026/05/29 22:00:10.834150 | [Dataset Load] -> "Loading datasets from class Fibrosis"
DEBUG | 2026/05/29 22:00:10.836554 | [Dataset Load] -> "Loading datasets from class Hernia"
DEBUG | 2026/05/29 22:00:10.836789 | [Dataset Load] -> "Loading datasets from class Infiltration"
DEBUG | 2026/05/29 22:00:10.843102 | [Dataset Load] -> "Loading datasets from class Mass"
DEBUG | 2026/05/29 22:00:10.848815 | [Dataset Load] -> "Loading datasets from class No Finding"
DEBUG | 2026/05/29 22:00:10.860849 | [Dataset Load] -> "Loading datasets from class Nodule"
DEBUG | 2026/05/29 22:00:10.865616 | [Dataset Load] -> "Loading datasets from class Pleural_Thickening"
DEBUG | 2026/05/29 22:00:10.868481 | [Dataset Load] -> "Loading datasets from class Pneumonia"
DEBUG | 2026/05/29 22:00:10.869848 | [Dataset Load] -> "Loading datasets from class Pneumothorax"
DEBUG | 2026/05/29 22:00:10.872379 | [Dataset Load] -> "Dynamically loaded 22921 datas"
DEBUG | 2026/05/29 22:10:43.311476 | [Dataset Load] -> "Loading datasets from data/train"
DEBUG | 2026/05/29 22:10:43.312155 | [Dataset Load] -> "Loading datasets from class Atelectasis"
DEBUG | 2026/05/29 22:10:43.324358 | [Dataset Load] -> "Loading datasets from class Cardiomegaly"
DEBUG | 2026/05/29 22:10:43.326864 | [Dataset Load] -> "Loading datasets from class Consolidation"
DEBUG | 2026/05/29 22:10:43.330612 | [Dataset Load] -> "Loading datasets from class Edema"
DEBUG | 2026/05/29 22:10:43.334630 | [Dataset Load] -> "Loading datasets from class Effusion"
DEBUG | 2026/05/29 22:10:43.340726 | [Dataset Load] -> "Loading datasets from class Emphysema"
DEBUG | 2026/05/29 22:10:43.342615 | [Dataset Load] -> "Loading datasets from class Fibrosis"
DEBUG | 2026/05/29 22:10:43.345039 | [Dataset Load] -> "Loading datasets from class Hernia"
DEBUG | 2026/05/29 22:10:43.345126 | [Dataset Load] -> "Loading datasets from class Infiltration"
DEBUG | 2026/05/29 22:10:43.351270 | [Dataset Load] -> "Loading datasets from class Mass"
DEBUG | 2026/05/29 22:10:43.356725 | [Dataset Load] -> "Loading datasets from class No Finding"
DEBUG | 2026/05/29 22:10:43.368954 | [Dataset Load] -> "Loading datasets from class Nodule"
DEBUG | 2026/05/29 22:10:43.373250 | [Dataset Load] -> "Loading datasets from class Pleural_Thickening"
DEBUG | 2026/05/29 22:10:43.374852 | [Dataset Load] -> "Loading datasets from class Pneumonia"
DEBUG | 2026/05/29 22:10:43.376860 | [Dataset Load] -> "Loading datasets from class Pneumothorax"
DEBUG | 2026/05/29 22:10:43.379392 | [Dataset Load] -> "Dynamically loaded 22921 datas"
DEBUG | 2026/05/29 22:20:58.831551 | [Dataset Load] -> "Loading datasets from data/train"
DEBUG | 2026/05/29 22:20:58.831981 | [Dataset Load] -> "Loading datasets from class Atelectasis"
DEBUG | 2026/05/29 22:20:58.843939 | [Dataset Load] -> "Loading datasets from class Cardiomegaly"
DEBUG | 2026/05/29 22:20:58.846410 | [Dataset Load] -> "Loading datasets from class Consolidation"
DEBUG | 2026/05/29 22:20:58.850265 | [Dataset Load] -> "Loading datasets from class Edema"
DEBUG | 2026/05/29 22:20:58.855294 | [Dataset Load] -> "Loading datasets from class Effusion"
DEBUG | 2026/05/29 22:20:58.860881 | [Dataset Load] -> "Loading datasets from class Emphysema"
DEBUG | 2026/05/29 22:20:58.862785 | [Dataset Load] -> "Loading datasets from class Fibrosis"
DEBUG | 2026/05/29 22:20:58.865192 | [Dataset Load] -> "Loading datasets from class Hernia"
DEBUG | 2026/05/29 22:20:58.865426 | [Dataset Load] -> "Loading datasets from class Infiltration"
DEBUG | 2026/05/29 22:20:58.871550 | [Dataset Load] -> "Loading datasets from class Mass"
DEBUG | 2026/05/29 22:20:58.877132 | [Dataset Load] -> "Loading datasets from class No Finding"
DEBUG | 2026/05/29 22:20:58.889202 | [Dataset Load] -> "Loading datasets from class Nodule"
DEBUG | 2026/05/29 22:20:58.893629 | [Dataset Load] -> "Loading datasets from class Pleural_Thickening"
DEBUG | 2026/05/29 22:20:58.896574 | [Dataset Load] -> "Loading datasets from class Pneumonia"
DEBUG | 2026/05/29 22:20:58.897922 | [Dataset Load] -> "Loading datasets from class Pneumothorax"
DEBUG | 2026/05/29 22:20:58.900374 | [Dataset Load] -> "Dynamically loaded 22921 datas"
DEBUG | 2026/05/29 22:31:13.153821 | [Dataset Load] -> "Loading datasets from data/train"
DEBUG | 2026/05/29 22:31:13.154377 | [Dataset Load] -> "Loading datasets from class Atelectasis"
DEBUG | 2026/05/29 22:31:13.166552 | [Dataset Load] -> "Loading datasets from class Cardiomegaly"
DEBUG | 2026/05/29 22:31:13.168997 | [Dataset Load] -> "Loading datasets from class Consolidation"
DEBUG | 2026/05/29 22:31:13.172808 | [Dataset Load] -> "Loading datasets from class Edema"
DEBUG | 2026/05/29 22:31:13.177954 | [Dataset Load] -> "Loading datasets from class Effusion"
DEBUG | 2026/05/29 22:31:13.183399 | [Dataset Load] -> "Loading datasets from class Emphysema"
DEBUG | 2026/05/29 22:31:13.185258 | [Dataset Load] -> "Loading datasets from class Fibrosis"
DEBUG | 2026/05/29 22:31:13.187680 | [Dataset Load] -> "Loading datasets from class Hernia"
DEBUG | 2026/05/29 22:31:13.187911 | [Dataset Load] -> "Loading datasets from class Infiltration"
DEBUG | 2026/05/29 22:31:13.194050 | [Dataset Load] -> "Loading datasets from class Mass"
DEBUG | 2026/05/29 22:31:13.200160 | [Dataset Load] -> "Loading datasets from class No Finding"
DEBUG | 2026/05/29 22:31:13.212195 | [Dataset Load] -> "Loading datasets from class Nodule"
DEBUG | 2026/05/29 22:31:13.216566 | [Dataset Load] -> "Loading datasets from class Pleural_Thickening"
DEBUG | 2026/05/29 22:31:13.219533 | [Dataset Load] -> "Loading datasets from class Pneumonia"
DEBUG | 2026/05/29 22:31:13.220885 | [Dataset Load] -> "Loading datasets from class Pneumothorax"
DEBUG | 2026/05/29 22:31:13.223328 | [Dataset Load] -> "Dynamically loaded 22921 datas"
DEBUG | 2026/05/29 22:41:28.640802 | [Dataset Load] -> "Loading datasets from data/train"
DEBUG | 2026/05/29 22:41:28.641377 | [Dataset Load] -> "Loading datasets from class Atelectasis"
DEBUG | 2026/05/29 22:41:28.653636 | [Dataset Load] -> "Loading datasets from class Cardiomegaly"
DEBUG | 2026/05/29 22:41:28.656211 | [Dataset Load] -> "Loading datasets from class Consolidation"
DEBUG | 2026/05/29 22:41:28.660069 | [Dataset Load] -> "Loading datasets from class Edema"
DEBUG | 2026/05/29 22:41:28.665158 | [Dataset Load] -> "Loading datasets from class Effusion"
DEBUG | 2026/05/29 22:41:28.670646 | [Dataset Load] -> "Loading datasets from class Emphysema"
DEBUG | 2026/05/29 22:41:28.672527 | [Dataset Load] -> "Loading datasets from class Fibrosis"
DEBUG | 2026/05/29 22:41:28.674932 | [Dataset Load] -> "Loading datasets from class Hernia"
DEBUG | 2026/05/29 22:41:28.675170 | [Dataset Load] -> "Loading datasets from class Infiltration"
DEBUG | 2026/05/29 22:41:28.681576 | [Dataset Load] -> "Loading datasets from class Mass"
DEBUG | 2026/05/29 22:41:28.687272 | [Dataset Load] -> "Loading datasets from class No Finding"
DEBUG | 2026/05/29 22:41:28.699246 | [Dataset Load] -> "Loading datasets from class Nodule"
DEBUG | 2026/05/29 22:41:28.703830 | [Dataset Load] -> "Loading datasets from class Pleural_Thickening"
DEBUG | 2026/05/29 22:41:28.706884 | [Dataset Load] -> "Loading datasets from class Pneumonia"
DEBUG | 2026/05/29 22:41:28.708261 | [Dataset Load] -> "Loading datasets from class Pneumothorax"
DEBUG | 2026/05/29 22:41:28.710759 | [Dataset Load] -> "Dynamically loaded 22921 datas"
DEBUG | 2026/05/29 22:51:47.050556 | [Dataset Load] -> "Loading datasets from data/train"
DEBUG | 2026/05/29 22:51:47.051168 | [Dataset Load] -> "Loading datasets from class Atelectasis"
DEBUG | 2026/05/29 22:51:47.063558 | [Dataset Load] -> "Loading datasets from class Cardiomegaly"
DEBUG | 2026/05/29 22:51:47.066070 | [Dataset Load] -> "Loading datasets from class Consolidation"
DEBUG | 2026/05/29 22:51:47.070021 | [Dataset Load] -> "Loading datasets from class Edema"
DEBUG | 2026/05/29 22:51:47.075141 | [Dataset Load] -> "Loading datasets from class Effusion"
DEBUG | 2026/05/29 22:51:47.080696 | [Dataset Load] -> "Loading datasets from class Emphysema"
DEBUG | 2026/05/29 22:51:47.082600 | [Dataset Load] -> "Loading datasets from class Fibrosis"
DEBUG | 2026/05/29 22:51:47.085015 | [Dataset Load] -> "Loading datasets from class Hernia"
DEBUG | 2026/05/29 22:51:47.085252 | [Dataset Load] -> "Loading datasets from class Infiltration"
DEBUG | 2026/05/29 22:51:47.091629 | [Dataset Load] -> "Loading datasets from class Mass"
DEBUG | 2026/05/29 22:51:47.097196 | [Dataset Load] -> "Loading datasets from class No Finding"
DEBUG | 2026/05/29 22:51:47.108966 | [Dataset Load] -> "Loading datasets from class Nodule"
DEBUG | 2026/05/29 22:51:47.113555 | [Dataset Load] -> "Loading datasets from class Pleural_Thickening"
DEBUG | 2026/05/29 22:51:47.116612 | [Dataset Load] -> "Loading datasets from class Pneumonia"
DEBUG | 2026/05/29 22:51:47.118019 | [Dataset Load] -> "Loading datasets from class Pneumothorax"
DEBUG | 2026/05/29 22:51:47.120543 | [Dataset Load] -> "Dynamically loaded 22921 datas"
DEBUG | 2026/05/29 23:02:01.731921 | [Dataset Load] -> "Loading datasets from data/train"
DEBUG | 2026/05/29 23:02:01.732425 | [Dataset Load] -> "Loading datasets from class Atelectasis"
DEBUG | 2026/05/29 23:02:01.744855 | [Dataset Load] -> "Loading datasets from class Cardiomegaly"
DEBUG | 2026/05/29 23:02:01.747403 | [Dataset Load] -> "Loading datasets from class Consolidation"
DEBUG | 2026/05/29 23:02:01.751349 | [Dataset Load] -> "Loading datasets from class Edema"
DEBUG | 2026/05/29 23:02:01.756521 | [Dataset Load] -> "Loading datasets from class Effusion"
DEBUG | 2026/05/29 23:02:01.762096 | [Dataset Load] -> "Loading datasets from class Emphysema"
DEBUG | 2026/05/29 23:02:01.763973 | [Dataset Load] -> "Loading datasets from class Fibrosis"
DEBUG | 2026/05/29 23:02:01.766479 | [Dataset Load] -> "Loading datasets from class Hernia"
DEBUG | 2026/05/29 23:02:01.766758 | [Dataset Load] -> "Loading datasets from class Infiltration"
DEBUG | 2026/05/29 23:02:01.773033 | [Dataset Load] -> "Loading datasets from class Mass"
DEBUG | 2026/05/29 23:02:01.778543 | [Dataset Load] -> "Loading datasets from class No Finding"
DEBUG | 2026/05/29 23:02:01.790645 | [Dataset Load] -> "Loading datasets from class Nodule"
DEBUG | 2026/05/29 23:02:01.795176 | [Dataset Load] -> "Loading datasets from class Pleural_Thickening"
DEBUG | 2026/05/29 23:02:01.798262 | [Dataset Load] -> "Loading datasets from class Pneumonia"
DEBUG | 2026/05/29 23:02:01.799615 | [Dataset Load] -> "Loading datasets from class Pneumothorax"
DEBUG | 2026/05/29 23:02:01.802135 | [Dataset Load] -> "Dynamically loaded 22921 datas"
DEBUG | 2026/05/29 23:12:15.725155 | [Dataset Load] -> "Loading datasets from data/train"
DEBUG | 2026/05/29 23:12:15.725751 | [Dataset Load] -> "Loading datasets from class Atelectasis"
DEBUG | 2026/05/29 23:12:15.738100 | [Dataset Load] -> "Loading datasets from class Cardiomegaly"
DEBUG | 2026/05/29 23:12:15.740556 | [Dataset Load] -> "Loading datasets from class Consolidation"
DEBUG | 2026/05/29 23:12:15.744364 | [Dataset Load] -> "Loading datasets from class Edema"
DEBUG | 2026/05/29 23:12:15.749514 | [Dataset Load] -> "Loading datasets from class Effusion"
DEBUG | 2026/05/29 23:12:15.754973 | [Dataset Load] -> "Loading datasets from class Emphysema"
DEBUG | 2026/05/29 23:12:15.756885 | [Dataset Load] -> "Loading datasets from class Fibrosis"
DEBUG | 2026/05/29 23:12:15.759300 | [Dataset Load] -> "Loading datasets from class Hernia"
DEBUG | 2026/05/29 23:12:15.759536 | [Dataset Load] -> "Loading datasets from class Infiltration"
DEBUG | 2026/05/29 23:12:15.765722 | [Dataset Load] -> "Loading datasets from class Mass"
DEBUG | 2026/05/29 23:12:15.771472 | [Dataset Load] -> "Loading datasets from class No Finding"
DEBUG | 2026/05/29 23:12:15.783611 | [Dataset Load] -> "Loading datasets from class Nodule"
DEBUG | 2026/05/29 23:12:15.788046 | [Dataset Load] -> "Loading datasets from class Pleural_Thickening"
DEBUG | 2026/05/29 23:12:15.791091 | [Dataset Load] -> "Loading datasets from class Pneumonia"
DEBUG | 2026/05/29 23:12:15.792438 | [Dataset Load] -> "Loading datasets from class Pneumothorax"
DEBUG | 2026/05/29 23:12:15.794951 | [Dataset Load] -> "Dynamically loaded 22921 datas"
DEBUG | 2026/05/29 23:22:31.215982 | [Dataset Load] -> "Loading datasets from data/train"
DEBUG | 2026/05/29 23:22:31.216543 | [Dataset Load] -> "Loading datasets from class Atelectasis"
DEBUG | 2026/05/29 23:22:31.228746 | [Dataset Load] -> "Loading datasets from class Cardiomegaly"
DEBUG | 2026/05/29 23:22:31.231170 | [Dataset Load] -> "Loading datasets from class Consolidation"
DEBUG | 2026/05/29 23:22:31.235056 | [Dataset Load] -> "Loading datasets from class Edema"
DEBUG | 2026/05/29 23:22:31.240300 | [Dataset Load] -> "Loading datasets from class Effusion"
DEBUG | 2026/05/29 23:22:31.245848 | [Dataset Load] -> "Loading datasets from class Emphysema"
DEBUG | 2026/05/29 23:22:31.247760 | [Dataset Load] -> "Loading datasets from class Fibrosis"
DEBUG | 2026/05/29 23:22:31.250175 | [Dataset Load] -> "Loading datasets from class Hernia"
DEBUG | 2026/05/29 23:22:31.250419 | [Dataset Load] -> "Loading datasets from class Infiltration"
DEBUG | 2026/05/29 23:22:31.256691 | [Dataset Load] -> "Loading datasets from class Mass"
DEBUG | 2026/05/29 23:22:31.262639 | [Dataset Load] -> "Loading datasets from class No Finding"
DEBUG | 2026/05/29 23:22:31.274680 | [Dataset Load] -> "Loading datasets from class Nodule"
DEBUG | 2026/05/29 23:22:31.279179 | [Dataset Load] -> "Loading datasets from class Pleural_Thickening"
DEBUG | 2026/05/29 23:22:31.282234 | [Dataset Load] -> "Loading datasets from class Pneumonia"
DEBUG | 2026/05/29 23:22:31.283650 | [Dataset Load] -> "Loading datasets from class Pneumothorax"
DEBUG | 2026/05/29 23:22:31.286284 | [Dataset Load] -> "Dynamically loaded 22921 datas"
DEBUG | 2026/05/29 23:32:47.644525 | [Dataset Load] -> "Loading datasets from data/train"
DEBUG | 2026/05/29 23:32:47.645135 | [Dataset Load] -> "Loading datasets from class Atelectasis"
DEBUG | 2026/05/29 23:32:47.657645 | [Dataset Load] -> "Loading datasets from class Cardiomegaly"
DEBUG | 2026/05/29 23:32:47.660376 | [Dataset Load] -> "Loading datasets from class Consolidation"
DEBUG | 2026/05/29 23:32:47.664385 | [Dataset Load] -> "Loading datasets from class Edema"
DEBUG | 2026/05/29 23:32:47.669395 | [Dataset Load] -> "Loading datasets from class Effusion"
DEBUG | 2026/05/29 23:32:47.674947 | [Dataset Load] -> "Loading datasets from class Emphysema"
DEBUG | 2026/05/29 23:32:47.676937 | [Dataset Load] -> "Loading datasets from class Fibrosis"
DEBUG | 2026/05/29 23:32:47.679379 | [Dataset Load] -> "Loading datasets from class Hernia"
DEBUG | 2026/05/29 23:32:47.679620 | [Dataset Load] -> "Loading datasets from class Infiltration"
DEBUG | 2026/05/29 23:32:47.686094 | [Dataset Load] -> "Loading datasets from class Mass"
DEBUG | 2026/05/29 23:32:47.691731 | [Dataset Load] -> "Loading datasets from class No Finding"
DEBUG | 2026/05/29 23:32:47.703786 | [Dataset Load] -> "Loading datasets from class Nodule"
DEBUG | 2026/05/29 23:32:47.708378 | [Dataset Load] -> "Loading datasets from class Pleural_Thickening"
DEBUG | 2026/05/29 23:32:47.711391 | [Dataset Load] -> "Loading datasets from class Pneumonia"
DEBUG | 2026/05/29 23:32:47.712754 | [Dataset Load] -> "Loading datasets from class Pneumothorax"
DEBUG | 2026/05/29 23:32:47.715293 | [Dataset Load] -> "Dynamically loaded 22921 datas"
DEBUG | 2026/05/29 23:42:59.982810 | [Dataset Load] -> "Loading datasets from data/train"
DEBUG | 2026/05/29 23:42:59.983348 | [Dataset Load] -> "Loading datasets from class Atelectasis"
DEBUG | 2026/05/29 23:42:59.995784 | [Dataset Load] -> "Loading datasets from class Cardiomegaly"
DEBUG | 2026/05/29 23:42:59.998193 | [Dataset Load] -> "Loading datasets from class Consolidation"
DEBUG | 2026/05/29 23:43:00.002099 | [Dataset Load] -> "Loading datasets from class Edema"
DEBUG | 2026/05/29 23:43:00.007216 | [Dataset Load] -> "Loading datasets from class Effusion"
DEBUG | 2026/05/29 23:43:00.014351 | [Dataset Load] -> "Loading datasets from class Emphysema"
DEBUG | 2026/05/29 23:43:00.016596 | [Dataset Load] -> "Loading datasets from class Fibrosis"
DEBUG | 2026/05/29 23:43:00.019284 | [Dataset Load] -> "Loading datasets from class Hernia"
DEBUG | 2026/05/29 23:43:00.019590 | [Dataset Load] -> "Loading datasets from class Infiltration"
DEBUG | 2026/05/29 23:43:00.025927 | [Dataset Load] -> "Loading datasets from class Mass"
DEBUG | 2026/05/29 23:43:00.031436 | [Dataset Load] -> "Loading datasets from class No Finding"
DEBUG | 2026/05/29 23:43:00.043643 | [Dataset Load] -> "Loading datasets from class Nodule"
DEBUG | 2026/05/29 23:43:00.048019 | [Dataset Load] -> "Loading datasets from class Pleural_Thickening"
DEBUG | 2026/05/29 23:43:00.051087 | [Dataset Load] -> "Loading datasets from class Pneumonia"
DEBUG | 2026/05/29 23:43:00.052437 | [Dataset Load] -> "Loading datasets from class Pneumothorax"
DEBUG | 2026/05/29 23:43:00.054984 | [Dataset Load] -> "Dynamically loaded 22921 datas"
DEBUG | 2026/05/29 23:53:15.632412 | [Dataset Load] -> "Loading datasets from data/train"
DEBUG | 2026/05/29 23:53:15.632968 | [Dataset Load] -> "Loading datasets from class Atelectasis"
DEBUG | 2026/05/29 23:53:15.645529 | [Dataset Load] -> "Loading datasets from class Cardiomegaly"
DEBUG | 2026/05/29 23:53:15.647964 | [Dataset Load] -> "Loading datasets from class Consolidation"
DEBUG | 2026/05/29 23:53:15.651811 | [Dataset Load] -> "Loading datasets from class Edema"
DEBUG | 2026/05/29 23:53:15.656914 | [Dataset Load] -> "Loading datasets from class Effusion"
DEBUG | 2026/05/29 23:53:15.662768 | [Dataset Load] -> "Loading datasets from class Emphysema"
DEBUG | 2026/05/29 23:53:15.664734 | [Dataset Load] -> "Loading datasets from class Fibrosis"
DEBUG | 2026/05/29 23:53:15.667201 | [Dataset Load] -> "Loading datasets from class Hernia"
DEBUG | 2026/05/29 23:53:15.667440 | [Dataset Load] -> "Loading datasets from class Infiltration"
DEBUG | 2026/05/29 23:53:15.673711 | [Dataset Load] -> "Loading datasets from class Mass"
DEBUG | 2026/05/29 23:53:15.679343 | [Dataset Load] -> "Loading datasets from class No Finding"
DEBUG | 2026/05/29 23:53:15.691615 | [Dataset Load] -> "Loading datasets from class Nodule"
DEBUG | 2026/05/29 23:53:15.696011 | [Dataset Load] -> "Loading datasets from class Pleural_Thickening"
DEBUG | 2026/05/29 23:53:15.698998 | [Dataset Load] -> "Loading datasets from class Pneumonia"
DEBUG | 2026/05/29 23:53:15.700355 | [Dataset Load] -> "Loading datasets from class Pneumothorax"
DEBUG | 2026/05/29 23:53:15.702906 | [Dataset Load] -> "Dynamically loaded 22921 datas"
DEBUG | 2026/05/30 00:03:40.790043 | [Dataset Load] -> "Loading datasets from data/train"
DEBUG | 2026/05/30 00:03:40.790584 | [Dataset Load] -> "Loading datasets from class Atelectasis"
DEBUG | 2026/05/30 00:03:40.802754 | [Dataset Load] -> "Loading datasets from class Cardiomegaly"
DEBUG | 2026/05/30 00:03:40.805340 | [Dataset Load] -> "Loading datasets from class Consolidation"
DEBUG | 2026/05/30 00:03:40.809216 | [Dataset Load] -> "Loading datasets from class Edema"
DEBUG | 2026/05/30 00:03:40.814342 | [Dataset Load] -> "Loading datasets from class Effusion"
DEBUG | 2026/05/30 00:03:40.823524 | [Dataset Load] -> "Loading datasets from class Emphysema"
DEBUG | 2026/05/30 00:03:40.826966 | [Dataset Load] -> "Loading datasets from class Fibrosis"
DEBUG | 2026/05/30 00:03:40.828478 | [Dataset Load] -> "Loading datasets from class Hernia"
DEBUG | 2026/05/30 00:03:40.828730 | [Dataset Load] -> "Loading datasets from class Infiltration"
DEBUG | 2026/05/30 00:03:40.835463 | [Dataset Load] -> "Loading datasets from class Mass"
DEBUG | 2026/05/30 00:03:40.841282 | [Dataset Load] -> "Loading datasets from class No Finding"
DEBUG | 2026/05/30 00:03:40.853379 | [Dataset Load] -> "Loading datasets from class Nodule"
DEBUG | 2026/05/30 00:03:40.857848 | [Dataset Load] -> "Loading datasets from class Pleural_Thickening"
DEBUG | 2026/05/30 00:03:40.860848 | [Dataset Load] -> "Loading datasets from class Pneumonia"
DEBUG | 2026/05/30 00:03:40.862312 | [Dataset Load] -> "Loading datasets from class Pneumothorax"
DEBUG | 2026/05/30 00:03:40.864814 | [Dataset Load] -> "Dynamically loaded 22921 datas"
DEBUG | 2026/05/30 00:13:52.555615 | [Dataset Load] -> "Loading datasets from data/train"
DEBUG | 2026/05/30 00:13:52.556227 | [Dataset Load] -> "Loading datasets from class Atelectasis"
DEBUG | 2026/05/30 00:13:52.568598 | [Dataset Load] -> "Loading datasets from class Cardiomegaly"
DEBUG | 2026/05/30 00:13:52.571408 | [Dataset Load] -> "Loading datasets from class Consolidation"
DEBUG | 2026/05/30 00:13:52.575356 | [Dataset Load] -> "Loading datasets from class Edema"
DEBUG | 2026/05/30 00:13:52.580422 | [Dataset Load] -> "Loading datasets from class Effusion"
DEBUG | 2026/05/30 00:13:52.586079 | [Dataset Load] -> "Loading datasets from class Emphysema"
DEBUG | 2026/05/30 00:13:52.588066 | [Dataset Load] -> "Loading datasets from class Fibrosis"
DEBUG | 2026/05/30 00:13:52.590495 | [Dataset Load] -> "Loading datasets from class Hernia"
DEBUG | 2026/05/30 00:13:52.590743 | [Dataset Load] -> "Loading datasets from class Infiltration"
DEBUG | 2026/05/30 00:13:52.597194 | [Dataset Load] -> "Loading datasets from class Mass"
DEBUG | 2026/05/30 00:13:52.602825 | [Dataset Load] -> "Loading datasets from class No Finding"
DEBUG | 2026/05/30 00:13:52.615117 | [Dataset Load] -> "Loading datasets from class Nodule"
DEBUG | 2026/05/30 00:13:52.619713 | [Dataset Load] -> "Loading datasets from class Pleural_Thickening"
DEBUG | 2026/05/30 00:13:52.622788 | [Dataset Load] -> "Loading datasets from class Pneumonia"
DEBUG | 2026/05/30 00:13:52.624238 | [Dataset Load] -> "Loading datasets from class Pneumothorax"
DEBUG | 2026/05/30 00:13:52.626755 | [Dataset Load] -> "Dynamically loaded 22921 datas"
DEBUG | 2026/05/30 00:24:07.065780 | [Dataset Load] -> "Loading datasets from data/train"
DEBUG | 2026/05/30 00:24:07.066269 | [Dataset Load] -> "Loading datasets from class Atelectasis"
DEBUG | 2026/05/30 00:24:07.078995 | [Dataset Load] -> "Loading datasets from class Cardiomegaly"
DEBUG | 2026/05/30 00:24:07.081735 | [Dataset Load] -> "Loading datasets from class Consolidation"
DEBUG | 2026/05/30 00:24:07.085792 | [Dataset Load] -> "Loading datasets from class Edema"
DEBUG | 2026/05/30 00:24:07.091075 | [Dataset Load] -> "Loading datasets from class Effusion"
DEBUG | 2026/05/30 00:24:07.096693 | [Dataset Load] -> "Loading datasets from class Emphysema"
DEBUG | 2026/05/30 00:24:07.098663 | [Dataset Load] -> "Loading datasets from class Fibrosis"
DEBUG | 2026/05/30 00:24:07.100973 | [Dataset Load] -> "Loading datasets from class Hernia"
DEBUG | 2026/05/30 00:24:07.101057 | [Dataset Load] -> "Loading datasets from class Infiltration"
DEBUG | 2026/05/30 00:24:07.107695 | [Dataset Load] -> "Loading datasets from class Mass"
DEBUG | 2026/05/30 00:24:07.113582 | [Dataset Load] -> "Loading datasets from class No Finding"
DEBUG | 2026/05/30 00:24:07.125619 | [Dataset Load] -> "Loading datasets from class Nodule"
DEBUG | 2026/05/30 00:24:07.130290 | [Dataset Load] -> "Loading datasets from class Pleural_Thickening"
DEBUG | 2026/05/30 00:24:07.133242 | [Dataset Load] -> "Loading datasets from class Pneumonia"
DEBUG | 2026/05/30 00:24:07.134596 | [Dataset Load] -> "Loading datasets from class Pneumothorax"
DEBUG | 2026/05/30 00:24:07.137256 | [Dataset Load] -> "Dynamically loaded 22921 datas"
DEBUG | 2026/05/30 00:34:21.391226 | [Dataset Load] -> "Loading datasets from data/train"
DEBUG | 2026/05/30 00:34:21.391834 | [Dataset Load] -> "Loading datasets from class Atelectasis"
DEBUG | 2026/05/30 00:34:21.404421 | [Dataset Load] -> "Loading datasets from class Cardiomegaly"
DEBUG | 2026/05/30 00:34:21.406921 | [Dataset Load] -> "Loading datasets from class Consolidation"
DEBUG | 2026/05/30 00:34:21.410762 | [Dataset Load] -> "Loading datasets from class Edema"
DEBUG | 2026/05/30 00:34:21.415826 | [Dataset Load] -> "Loading datasets from class Effusion"
DEBUG | 2026/05/30 00:34:21.421642 | [Dataset Load] -> "Loading datasets from class Emphysema"
DEBUG | 2026/05/30 00:34:21.423600 | [Dataset Load] -> "Loading datasets from class Fibrosis"
DEBUG | 2026/05/30 00:34:21.425911 | [Dataset Load] -> "Loading datasets from class Hernia"
DEBUG | 2026/05/30 00:34:21.426162 | [Dataset Load] -> "Loading datasets from class Infiltration"
DEBUG | 2026/05/30 00:34:21.432450 | [Dataset Load] -> "Loading datasets from class Mass"
DEBUG | 2026/05/30 00:34:21.438155 | [Dataset Load] -> "Loading datasets from class No Finding"
DEBUG | 2026/05/30 00:34:21.450319 | [Dataset Load] -> "Loading datasets from class Nodule"
DEBUG | 2026/05/30 00:34:21.454772 | [Dataset Load] -> "Loading datasets from class Pleural_Thickening"
DEBUG | 2026/05/30 00:34:21.457612 | [Dataset Load] -> "Loading datasets from class Pneumonia"
DEBUG | 2026/05/30 00:34:21.459028 | [Dataset Load] -> "Loading datasets from class Pneumothorax"
DEBUG | 2026/05/30 00:34:21.461567 | [Dataset Load] -> "Dynamically loaded 22921 datas"
DEBUG | 2026/05/30 00:44:38.289561 | [Dataset Load] -> "Loading datasets from data/train"
DEBUG | 2026/05/30 00:44:38.290138 | [Dataset Load] -> "Loading datasets from class Atelectasis"
DEBUG | 2026/05/30 00:44:38.302309 | [Dataset Load] -> "Loading datasets from class Cardiomegaly"
DEBUG | 2026/05/30 00:44:38.304954 | [Dataset Load] -> "Loading datasets from class Consolidation"
DEBUG | 2026/05/30 00:44:38.309062 | [Dataset Load] -> "Loading datasets from class Edema"
DEBUG | 2026/05/30 00:44:38.314447 | [Dataset Load] -> "Loading datasets from class Effusion"
DEBUG | 2026/05/30 00:44:38.320044 | [Dataset Load] -> "Loading datasets from class Emphysema"
DEBUG | 2026/05/30 00:44:38.321938 | [Dataset Load] -> "Loading datasets from class Fibrosis"
DEBUG | 2026/05/30 00:44:38.324244 | [Dataset Load] -> "Loading datasets from class Hernia"
DEBUG | 2026/05/30 00:44:38.324501 | [Dataset Load] -> "Loading datasets from class Infiltration"
DEBUG | 2026/05/30 00:44:38.330759 | [Dataset Load] -> "Loading datasets from class Mass"
DEBUG | 2026/05/30 00:44:38.336514 | [Dataset Load] -> "Loading datasets from class No Finding"
DEBUG | 2026/05/30 00:44:38.348614 | [Dataset Load] -> "Loading datasets from class Nodule"
DEBUG | 2026/05/30 00:44:38.352961 | [Dataset Load] -> "Loading datasets from class Pleural_Thickening"
DEBUG | 2026/05/30 00:44:38.355965 | [Dataset Load] -> "Loading datasets from class Pneumonia"
DEBUG | 2026/05/30 00:44:38.357385 | [Dataset Load] -> "Loading datasets from class Pneumothorax"
DEBUG | 2026/05/30 00:44:38.359867 | [Dataset Load] -> "Dynamically loaded 22921 datas"
DEBUG | 2026/05/30 00:54:54.551316 | [Dataset Load] -> "Loading datasets from data/train"
DEBUG | 2026/05/30 00:54:54.551829 | [Dataset Load] -> "Loading datasets from class Atelectasis"
DEBUG | 2026/05/30 00:54:54.563901 | [Dataset Load] -> "Loading datasets from class Cardiomegaly"
DEBUG | 2026/05/30 00:54:54.566411 | [Dataset Load] -> "Loading datasets from class Consolidation"
DEBUG | 2026/05/30 00:54:54.570205 | [Dataset Load] -> "Loading datasets from class Edema"
DEBUG | 2026/05/30 00:54:54.575457 | [Dataset Load] -> "Loading datasets from class Effusion"
DEBUG | 2026/05/30 00:54:54.581077 | [Dataset Load] -> "Loading datasets from class Emphysema"
DEBUG | 2026/05/30 00:54:54.582978 | [Dataset Load] -> "Loading datasets from class Fibrosis"
DEBUG | 2026/05/30 00:54:54.585280 | [Dataset Load] -> "Loading datasets from class Hernia"
DEBUG | 2026/05/30 00:54:54.585532 | [Dataset Load] -> "Loading datasets from class Infiltration"
DEBUG | 2026/05/30 00:54:54.591829 | [Dataset Load] -> "Loading datasets from class Mass"
DEBUG | 2026/05/30 00:54:54.597652 | [Dataset Load] -> "Loading datasets from class No Finding"
DEBUG | 2026/05/30 00:54:54.609580 | [Dataset Load] -> "Loading datasets from class Nodule"
DEBUG | 2026/05/30 00:54:54.614043 | [Dataset Load] -> "Loading datasets from class Pleural_Thickening"
DEBUG | 2026/05/30 00:54:54.617048 | [Dataset Load] -> "Loading datasets from class Pneumonia"
DEBUG | 2026/05/30 00:54:54.618455 | [Dataset Load] -> "Loading datasets from class Pneumothorax"
DEBUG | 2026/05/30 00:54:54.620984 | [Dataset Load] -> "Dynamically loaded 22921 datas"
DEBUG | 2026/05/30 01:05:09.399956 | [Dataset Load] -> "Loading datasets from data/train"
DEBUG | 2026/05/30 01:05:09.400546 | [Dataset Load] -> "Loading datasets from class Atelectasis"
DEBUG | 2026/05/30 01:05:09.412990 | [Dataset Load] -> "Loading datasets from class Cardiomegaly"
DEBUG | 2026/05/30 01:05:09.415517 | [Dataset Load] -> "Loading datasets from class Consolidation"
DEBUG | 2026/05/30 01:05:09.419333 | [Dataset Load] -> "Loading datasets from class Edema"
DEBUG | 2026/05/30 01:05:09.424457 | [Dataset Load] -> "Loading datasets from class Effusion"
DEBUG | 2026/05/30 01:05:09.430051 | [Dataset Load] -> "Loading datasets from class Emphysema"
DEBUG | 2026/05/30 01:05:09.431936 | [Dataset Load] -> "Loading datasets from class Fibrosis"
DEBUG | 2026/05/30 01:05:09.434230 | [Dataset Load] -> "Loading datasets from class Hernia"
DEBUG | 2026/05/30 01:05:09.434475 | [Dataset Load] -> "Loading datasets from class Infiltration"
DEBUG | 2026/05/30 01:05:09.440985 | [Dataset Load] -> "Loading datasets from class Mass"
DEBUG | 2026/05/30 01:05:09.446589 | [Dataset Load] -> "Loading datasets from class No Finding"
DEBUG | 2026/05/30 01:05:09.458485 | [Dataset Load] -> "Loading datasets from class Nodule"
DEBUG | 2026/05/30 01:05:09.463221 | [Dataset Load] -> "Loading datasets from class Pleural_Thickening"
DEBUG | 2026/05/30 01:05:09.466202 | [Dataset Load] -> "Loading datasets from class Pneumonia"
DEBUG | 2026/05/30 01:05:09.467606 | [Dataset Load] -> "Loading datasets from class Pneumothorax"
DEBUG | 2026/05/30 01:05:09.470210 | [Dataset Load] -> "Dynamically loaded 22921 datas"
DEBUG | 2026/05/30 01:15:24.365121 | [Dataset Load] -> "Loading datasets from data/train"
DEBUG | 2026/05/30 01:15:24.365680 | [Dataset Load] -> "Loading datasets from class Atelectasis"
DEBUG | 2026/05/30 01:15:24.377988 | [Dataset Load] -> "Loading datasets from class Cardiomegaly"
DEBUG | 2026/05/30 01:15:24.380490 | [Dataset Load] -> "Loading datasets from class Consolidation"
DEBUG | 2026/05/30 01:15:24.384351 | [Dataset Load] -> "Loading datasets from class Edema"
DEBUG | 2026/05/30 01:15:24.389459 | [Dataset Load] -> "Loading datasets from class Effusion"
DEBUG | 2026/05/30 01:15:24.395199 | [Dataset Load] -> "Loading datasets from class Emphysema"
DEBUG | 2026/05/30 01:15:24.397093 | [Dataset Load] -> "Loading datasets from class Fibrosis"
DEBUG | 2026/05/30 01:15:24.399374 | [Dataset Load] -> "Loading datasets from class Hernia"
DEBUG | 2026/05/30 01:15:24.399748 | [Dataset Load] -> "Loading datasets from class Infiltration"
DEBUG | 2026/05/30 01:15:24.405940 | [Dataset Load] -> "Loading datasets from class Mass"
DEBUG | 2026/05/30 01:15:24.411525 | [Dataset Load] -> "Loading datasets from class No Finding"
DEBUG | 2026/05/30 01:15:24.423616 | [Dataset Load] -> "Loading datasets from class Nodule"
DEBUG | 2026/05/30 01:15:24.427989 | [Dataset Load] -> "Loading datasets from class Pleural_Thickening"
DEBUG | 2026/05/30 01:15:24.430962 | [Dataset Load] -> "Loading datasets from class Pneumonia"
DEBUG | 2026/05/30 01:15:24.432343 | [Dataset Load] -> "Loading datasets from class Pneumothorax"
DEBUG | 2026/05/30 01:15:24.434805 | [Dataset Load] -> "Dynamically loaded 22921 datas"
DEBUG | 2026/05/30 01:25:39.376548 | [Dataset Load] -> "Loading datasets from data/train"
DEBUG | 2026/05/30 01:25:39.377188 | [Dataset Load] -> "Loading datasets from class Atelectasis"
DEBUG | 2026/05/30 01:25:39.389484 | [Dataset Load] -> "Loading datasets from class Cardiomegaly"
DEBUG | 2026/05/30 01:25:39.392067 | [Dataset Load] -> "Loading datasets from class Consolidation"
DEBUG | 2026/05/30 01:25:39.396035 | [Dataset Load] -> "Loading datasets from class Edema"
DEBUG | 2026/05/30 01:25:39.401211 | [Dataset Load] -> "Loading datasets from class Effusion"
DEBUG | 2026/05/30 01:25:39.406992 | [Dataset Load] -> "Loading datasets from class Emphysema"
DEBUG | 2026/05/30 01:25:39.408889 | [Dataset Load] -> "Loading datasets from class Fibrosis"
DEBUG | 2026/05/30 01:25:39.411183 | [Dataset Load] -> "Loading datasets from class Hernia"
DEBUG | 2026/05/30 01:25:39.411426 | [Dataset Load] -> "Loading datasets from class Infiltration"
DEBUG | 2026/05/30 01:25:39.417616 | [Dataset Load] -> "Loading datasets from class Mass"
DEBUG | 2026/05/30 01:25:39.423119 | [Dataset Load] -> "Loading datasets from class No Finding"
DEBUG | 2026/05/30 01:25:39.435252 | [Dataset Load] -> "Loading datasets from class Nodule"
DEBUG | 2026/05/30 01:25:39.439612 | [Dataset Load] -> "Loading datasets from class Pleural_Thickening"
DEBUG | 2026/05/30 01:25:39.442643 | [Dataset Load] -> "Loading datasets from class Pneumonia"
DEBUG | 2026/05/30 01:25:39.444062 | [Dataset Load] -> "Loading datasets from class Pneumothorax"
DEBUG | 2026/05/30 01:25:39.446575 | [Dataset Load] -> "Dynamically loaded 22921 datas"
DEBUG | 2026/05/30 01:35:54.522666 | [Dataset Load] -> "Loading datasets from data/train"
DEBUG | 2026/05/30 01:35:54.523257 | [Dataset Load] -> "Loading datasets from class Atelectasis"
DEBUG | 2026/05/30 01:35:54.535657 | [Dataset Load] -> "Loading datasets from class Cardiomegaly"
DEBUG | 2026/05/30 01:35:54.538139 | [Dataset Load] -> "Loading datasets from class Consolidation"
DEBUG | 2026/05/30 01:35:54.542021 | [Dataset Load] -> "Loading datasets from class Edema"
DEBUG | 2026/05/30 01:35:54.547278 | [Dataset Load] -> "Loading datasets from class Effusion"
DEBUG | 2026/05/30 01:35:54.552899 | [Dataset Load] -> "Loading datasets from class Emphysema"
DEBUG | 2026/05/30 01:35:54.554795 | [Dataset Load] -> "Loading datasets from class Fibrosis"
DEBUG | 2026/05/30 01:35:54.557090 | [Dataset Load] -> "Loading datasets from class Hernia"
DEBUG | 2026/05/30 01:35:54.557337 | [Dataset Load] -> "Loading datasets from class Infiltration"
DEBUG | 2026/05/30 01:35:54.563637 | [Dataset Load] -> "Loading datasets from class Mass"
DEBUG | 2026/05/30 01:35:54.569482 | [Dataset Load] -> "Loading datasets from class No Finding"
DEBUG | 2026/05/30 01:35:54.581542 | [Dataset Load] -> "Loading datasets from class Nodule"
DEBUG | 2026/05/30 01:35:54.586067 | [Dataset Load] -> "Loading datasets from class Pleural_Thickening"
DEBUG | 2026/05/30 01:35:54.589091 | [Dataset Load] -> "Loading datasets from class Pneumonia"
DEBUG | 2026/05/30 01:35:54.590475 | [Dataset Load] -> "Loading datasets from class Pneumothorax"
DEBUG | 2026/05/30 01:35:54.592972 | [Dataset Load] -> "Dynamically loaded 22921 datas"
DEBUG | 2026/05/30 01:46:09.261074 | [Dataset Load] -> "Loading datasets from data/train"
DEBUG | 2026/05/30 01:46:09.261673 | [Dataset Load] -> "Loading datasets from class Atelectasis"
DEBUG | 2026/05/30 01:46:09.274022 | [Dataset Load] -> "Loading datasets from class Cardiomegaly"
DEBUG | 2026/05/30 01:46:09.276700 | [Dataset Load] -> "Loading datasets from class Consolidation"
DEBUG | 2026/05/30 01:46:09.280573 | [Dataset Load] -> "Loading datasets from class Edema"
DEBUG | 2026/05/30 01:46:09.285864 | [Dataset Load] -> "Loading datasets from class Effusion"
DEBUG | 2026/05/30 01:46:09.291419 | [Dataset Load] -> "Loading datasets from class Emphysema"
DEBUG | 2026/05/30 01:46:09.293302 | [Dataset Load] -> "Loading datasets from class Fibrosis"
DEBUG | 2026/05/30 01:46:09.295595 | [Dataset Load] -> "Loading datasets from class Hernia"
DEBUG | 2026/05/30 01:46:09.295834 | [Dataset Load] -> "Loading datasets from class Infiltration"
DEBUG | 2026/05/30 01:46:09.302176 | [Dataset Load] -> "Loading datasets from class Mass"
DEBUG | 2026/05/30 01:46:09.307680 | [Dataset Load] -> "Loading datasets from class No Finding"
DEBUG | 2026/05/30 01:46:09.319463 | [Dataset Load] -> "Loading datasets from class Nodule"
DEBUG | 2026/05/30 01:46:09.324074 | [Dataset Load] -> "Loading datasets from class Pleural_Thickening"
DEBUG | 2026/05/30 01:46:09.327106 | [Dataset Load] -> "Loading datasets from class Pneumonia"
DEBUG | 2026/05/30 01:46:09.328492 | [Dataset Load] -> "Loading datasets from class Pneumothorax"
DEBUG | 2026/05/30 01:46:09.330951 | [Dataset Load] -> "Dynamically loaded 22921 datas"
DEBUG | 2026/05/30 01:56:25.013621 | [Dataset Load] -> "Loading datasets from data/train"
DEBUG | 2026/05/30 01:56:25.014176 | [Dataset Load] -> "Loading datasets from class Atelectasis"
DEBUG | 2026/05/30 01:56:25.026556 | [Dataset Load] -> "Loading datasets from class Cardiomegaly"
DEBUG | 2026/05/30 01:56:25.030325 | [Dataset Load] -> "Loading datasets from class Consolidation"
DEBUG | 2026/05/30 01:56:25.034244 | [Dataset Load] -> "Loading datasets from class Edema"
DEBUG | 2026/05/30 01:56:25.039424 | [Dataset Load] -> "Loading datasets from class Effusion"
DEBUG | 2026/05/30 01:56:25.044993 | [Dataset Load] -> "Loading datasets from class Emphysema"
DEBUG | 2026/05/30 01:56:25.046896 | [Dataset Load] -> "Loading datasets from class Fibrosis"
DEBUG | 2026/05/30 01:56:25.049159 | [Dataset Load] -> "Loading datasets from class Hernia"
DEBUG | 2026/05/30 01:56:25.049401 | [Dataset Load] -> "Loading datasets from class Infiltration"
DEBUG | 2026/05/30 01:56:25.055843 | [Dataset Load] -> "Loading datasets from class Mass"
DEBUG | 2026/05/30 01:56:25.061452 | [Dataset Load] -> "Loading datasets from class No Finding"
DEBUG | 2026/05/30 01:56:25.073610 | [Dataset Load] -> "Loading datasets from class Nodule"
DEBUG | 2026/05/30 01:56:25.078233 | [Dataset Load] -> "Loading datasets from class Pleural_Thickening"
DEBUG | 2026/05/30 01:56:25.081253 | [Dataset Load] -> "Loading datasets from class Pneumonia"
DEBUG | 2026/05/30 01:56:25.082637 | [Dataset Load] -> "Loading datasets from class Pneumothorax"
DEBUG | 2026/05/30 01:56:25.085174 | [Dataset Load] -> "Dynamically loaded 22921 datas"
DEBUG | 2026/05/30 02:06:39.796181 | [Dataset Load] -> "Loading datasets from data/train"
DEBUG | 2026/05/30 02:06:39.796730 | [Dataset Load] -> "Loading datasets from class Atelectasis"
DEBUG | 2026/05/30 02:06:39.809041 | [Dataset Load] -> "Loading datasets from class Cardiomegaly"
DEBUG | 2026/05/30 02:06:39.811521 | [Dataset Load] -> "Loading datasets from class Consolidation"
DEBUG | 2026/05/30 02:06:39.815376 | [Dataset Load] -> "Loading datasets from class Edema"
DEBUG | 2026/05/30 02:06:39.820509 | [Dataset Load] -> "Loading datasets from class Effusion"
DEBUG | 2026/05/30 02:06:39.826143 | [Dataset Load] -> "Loading datasets from class Emphysema"
DEBUG | 2026/05/30 02:06:39.828073 | [Dataset Load] -> "Loading datasets from class Fibrosis"
DEBUG | 2026/05/30 02:06:39.830369 | [Dataset Load] -> "Loading datasets from class Hernia"
DEBUG | 2026/05/30 02:06:39.830616 | [Dataset Load] -> "Loading datasets from class Infiltration"
DEBUG | 2026/05/30 02:06:39.836977 | [Dataset Load] -> "Loading datasets from class Mass"
DEBUG | 2026/05/30 02:06:39.842509 | [Dataset Load] -> "Loading datasets from class No Finding"
DEBUG | 2026/05/30 02:06:39.854539 | [Dataset Load] -> "Loading datasets from class Nodule"
DEBUG | 2026/05/30 02:06:39.859127 | [Dataset Load] -> "Loading datasets from class Pleural_Thickening"
DEBUG | 2026/05/30 02:06:39.862138 | [Dataset Load] -> "Loading datasets from class Pneumonia"
DEBUG | 2026/05/30 02:06:39.863475 | [Dataset Load] -> "Loading datasets from class Pneumothorax"
DEBUG | 2026/05/30 02:06:39.866012 | [Dataset Load] -> "Dynamically loaded 22921 datas"
DEBUG | 2026/05/30 02:16:55.554706 | [Dataset Load] -> "Loading datasets from data/train"
DEBUG | 2026/05/30 02:16:55.555299 | [Dataset Load] -> "Loading datasets from class Atelectasis"
DEBUG | 2026/05/30 02:16:55.567839 | [Dataset Load] -> "Loading datasets from class Cardiomegaly"
DEBUG | 2026/05/30 02:16:55.570497 | [Dataset Load] -> "Loading datasets from class Consolidation"
DEBUG | 2026/05/30 02:16:55.574433 | [Dataset Load] -> "Loading datasets from class Edema"
DEBUG | 2026/05/30 02:16:55.579798 | [Dataset Load] -> "Loading datasets from class Effusion"
DEBUG | 2026/05/30 02:16:55.585366 | [Dataset Load] -> "Loading datasets from class Emphysema"
DEBUG | 2026/05/30 02:16:55.587686 | [Dataset Load] -> "Loading datasets from class Fibrosis"
DEBUG | 2026/05/30 02:16:55.590007 | [Dataset Load] -> "Loading datasets from class Hernia"
DEBUG | 2026/05/30 02:16:55.590248 | [Dataset Load] -> "Loading datasets from class Infiltration"
DEBUG | 2026/05/30 02:16:55.596913 | [Dataset Load] -> "Loading datasets from class Mass"
DEBUG | 2026/05/30 02:16:55.602813 | [Dataset Load] -> "Loading datasets from class No Finding"
DEBUG | 2026/05/30 02:16:55.614739 | [Dataset Load] -> "Loading datasets from class Nodule"
DEBUG | 2026/05/30 02:16:55.619147 | [Dataset Load] -> "Loading datasets from class Pleural_Thickening"
DEBUG | 2026/05/30 02:16:55.622065 | [Dataset Load] -> "Loading datasets from class Pneumonia"
DEBUG | 2026/05/30 02:16:55.623437 | [Dataset Load] -> "Loading datasets from class Pneumothorax"
DEBUG | 2026/05/30 02:16:55.626026 | [Dataset Load] -> "Dynamically loaded 22921 datas"
DEBUG | 2026/05/30 02:27:09.802601 | [Dataset Load] -> "Loading datasets from data/train"
DEBUG | 2026/05/30 02:27:09.803116 | [Dataset Load] -> "Loading datasets from class Atelectasis"
DEBUG | 2026/05/30 02:27:09.815606 | [Dataset Load] -> "Loading datasets from class Cardiomegaly"
DEBUG | 2026/05/30 02:27:09.818250 | [Dataset Load] -> "Loading datasets from class Consolidation"
DEBUG | 2026/05/30 02:27:09.822278 | [Dataset Load] -> "Loading datasets from class Edema"
DEBUG | 2026/05/30 02:27:09.827831 | [Dataset Load] -> "Loading datasets from class Effusion"
DEBUG | 2026/05/30 02:27:09.833572 | [Dataset Load] -> "Loading datasets from class Emphysema"
DEBUG | 2026/05/30 02:27:09.835561 | [Dataset Load] -> "Loading datasets from class Fibrosis"
DEBUG | 2026/05/30 02:27:09.837880 | [Dataset Load] -> "Loading datasets from class Hernia"
DEBUG | 2026/05/30 02:27:09.838127 | [Dataset Load] -> "Loading datasets from class Infiltration"
DEBUG | 2026/05/30 02:27:09.844556 | [Dataset Load] -> "Loading datasets from class Mass"
DEBUG | 2026/05/30 02:27:09.850422 | [Dataset Load] -> "Loading datasets from class No Finding"
DEBUG | 2026/05/30 02:27:09.862494 | [Dataset Load] -> "Loading datasets from class Nodule"
DEBUG | 2026/05/30 02:27:09.866955 | [Dataset Load] -> "Loading datasets from class Pleural_Thickening"
DEBUG | 2026/05/30 02:27:09.870001 | [Dataset Load] -> "Loading datasets from class Pneumonia"
DEBUG | 2026/05/30 02:27:09.871413 | [Dataset Load] -> "Loading datasets from class Pneumothorax"
DEBUG | 2026/05/30 02:27:09.873995 | [Dataset Load] -> "Dynamically loaded 22921 datas"
DEBUG | 2026/05/30 02:37:23.279793 | [Dataset Load] -> "Loading datasets from data/train"
DEBUG | 2026/05/30 02:37:23.280318 | [Dataset Load] -> "Loading datasets from class Atelectasis"
DEBUG | 2026/05/30 02:37:23.292505 | [Dataset Load] -> "Loading datasets from class Cardiomegaly"
DEBUG | 2026/05/30 02:37:23.295245 | [Dataset Load] -> "Loading datasets from class Consolidation"
DEBUG | 2026/05/30 02:37:23.299215 | [Dataset Load] -> "Loading datasets from class Edema"
DEBUG | 2026/05/30 02:37:23.304435 | [Dataset Load] -> "Loading datasets from class Effusion"
DEBUG | 2026/05/30 02:37:23.310187 | [Dataset Load] -> "Loading datasets from class Emphysema"
DEBUG | 2026/05/30 02:37:23.312270 | [Dataset Load] -> "Loading datasets from class Fibrosis"
DEBUG | 2026/05/30 02:37:23.314664 | [Dataset Load] -> "Loading datasets from class Hernia"
DEBUG | 2026/05/30 02:37:23.314971 | [Dataset Load] -> "Loading datasets from class Infiltration"
DEBUG | 2026/05/30 02:37:23.321698 | [Dataset Load] -> "Loading datasets from class Mass"
DEBUG | 2026/05/30 02:37:23.327411 | [Dataset Load] -> "Loading datasets from class No Finding"
DEBUG | 2026/05/30 02:37:23.339252 | [Dataset Load] -> "Loading datasets from class Nodule"
DEBUG | 2026/05/30 02:37:23.343855 | [Dataset Load] -> "Loading datasets from class Pleural_Thickening"
DEBUG | 2026/05/30 02:37:23.346943 | [Dataset Load] -> "Loading datasets from class Pneumonia"
DEBUG | 2026/05/30 02:37:23.348350 | [Dataset Load] -> "Loading datasets from class Pneumothorax"
DEBUG | 2026/05/30 02:37:23.350880 | [Dataset Load] -> "Dynamically loaded 22921 datas"
DEBUG | 2026/05/30 02:47:36.964573 | [Dataset Load] -> "Loading datasets from data/train"
DEBUG | 2026/05/30 02:47:36.965043 | [Dataset Load] -> "Loading datasets from class Atelectasis"
DEBUG | 2026/05/30 02:47:36.977303 | [Dataset Load] -> "Loading datasets from class Cardiomegaly"
DEBUG | 2026/05/30 02:47:36.979725 | [Dataset Load] -> "Loading datasets from class Consolidation"
DEBUG | 2026/05/30 02:47:36.983500 | [Dataset Load] -> "Loading datasets from class Edema"
DEBUG | 2026/05/30 02:47:36.988613 | [Dataset Load] -> "Loading datasets from class Effusion"
DEBUG | 2026/05/30 02:47:36.994249 | [Dataset Load] -> "Loading datasets from class Emphysema"
DEBUG | 2026/05/30 02:47:36.996138 | [Dataset Load] -> "Loading datasets from class Fibrosis"
DEBUG | 2026/05/30 02:47:36.998427 | [Dataset Load] -> "Loading datasets from class Hernia"
DEBUG | 2026/05/30 02:47:36.998663 | [Dataset Load] -> "Loading datasets from class Infiltration"
DEBUG | 2026/05/30 02:47:37.004920 | [Dataset Load] -> "Loading datasets from class Mass"
DEBUG | 2026/05/30 02:47:37.010650 | [Dataset Load] -> "Loading datasets from class No Finding"
DEBUG | 2026/05/30 02:47:37.022844 | [Dataset Load] -> "Loading datasets from class Nodule"
DEBUG | 2026/05/30 02:47:37.027331 | [Dataset Load] -> "Loading datasets from class Pleural_Thickening"
DEBUG | 2026/05/30 02:47:37.030318 | [Dataset Load] -> "Loading datasets from class Pneumonia"
DEBUG | 2026/05/30 02:47:37.031733 | [Dataset Load] -> "Loading datasets from class Pneumothorax"
DEBUG | 2026/05/30 02:47:37.034293 | [Dataset Load] -> "Dynamically loaded 22921 datas"
DEBUG | 2026/05/30 02:57:51.163065 | [Dataset Load] -> "Loading datasets from data/train"
DEBUG | 2026/05/30 02:57:51.163661 | [Dataset Load] -> "Loading datasets from class Atelectasis"
DEBUG | 2026/05/30 02:57:51.176157 | [Dataset Load] -> "Loading datasets from class Cardiomegaly"
DEBUG | 2026/05/30 02:57:51.178626 | [Dataset Load] -> "Loading datasets from class Consolidation"
DEBUG | 2026/05/30 02:57:51.182490 | [Dataset Load] -> "Loading datasets from class Edema"
DEBUG | 2026/05/30 02:57:51.187649 | [Dataset Load] -> "Loading datasets from class Effusion"
DEBUG | 2026/05/30 02:57:51.193287 | [Dataset Load] -> "Loading datasets from class Emphysema"
DEBUG | 2026/05/30 02:57:51.195201 | [Dataset Load] -> "Loading datasets from class Fibrosis"
DEBUG | 2026/05/30 02:57:51.197504 | [Dataset Load] -> "Loading datasets from class Hernia"
DEBUG | 2026/05/30 02:57:51.197780 | [Dataset Load] -> "Loading datasets from class Infiltration"
DEBUG | 2026/05/30 02:57:51.203964 | [Dataset Load] -> "Loading datasets from class Mass"
DEBUG | 2026/05/30 02:57:51.209525 | [Dataset Load] -> "Loading datasets from class No Finding"
DEBUG | 2026/05/30 02:57:51.221675 | [Dataset Load] -> "Loading datasets from class Nodule"
DEBUG | 2026/05/30 02:57:51.226158 | [Dataset Load] -> "Loading datasets from class Pleural_Thickening"
DEBUG | 2026/05/30 02:57:51.229144 | [Dataset Load] -> "Loading datasets from class Pneumonia"
DEBUG | 2026/05/30 02:57:51.230495 | [Dataset Load] -> "Loading datasets from class Pneumothorax"
DEBUG | 2026/05/30 02:57:51.233017 | [Dataset Load] -> "Dynamically loaded 22921 datas"
DEBUG | 2026/05/30 03:08:04.241399 | [Dataset Load] -> "Loading datasets from data/train"
DEBUG | 2026/05/30 03:08:04.241963 | [Dataset Load] -> "Loading datasets from class Atelectasis"
DEBUG | 2026/05/30 03:08:04.254470 | [Dataset Load] -> "Loading datasets from class Cardiomegaly"
DEBUG | 2026/05/30 03:08:04.256882 | [Dataset Load] -> "Loading datasets from class Consolidation"
DEBUG | 2026/05/30 03:08:04.260748 | [Dataset Load] -> "Loading datasets from class Edema"
DEBUG | 2026/05/30 03:08:04.266115 | [Dataset Load] -> "Loading datasets from class Effusion"
DEBUG | 2026/05/30 03:08:04.271569 | [Dataset Load] -> "Loading datasets from class Emphysema"
DEBUG | 2026/05/30 03:08:04.273429 | [Dataset Load] -> "Loading datasets from class Fibrosis"
DEBUG | 2026/05/30 03:08:04.275705 | [Dataset Load] -> "Loading datasets from class Hernia"
DEBUG | 2026/05/30 03:08:04.275942 | [Dataset Load] -> "Loading datasets from class Infiltration"
DEBUG | 2026/05/30 03:08:04.282125 | [Dataset Load] -> "Loading datasets from class Mass"
DEBUG | 2026/05/30 03:08:04.287931 | [Dataset Load] -> "Loading datasets from class No Finding"
DEBUG | 2026/05/30 03:08:04.299789 | [Dataset Load] -> "Loading datasets from class Nodule"
DEBUG | 2026/05/30 03:08:04.304252 | [Dataset Load] -> "Loading datasets from class Pleural_Thickening"
DEBUG | 2026/05/30 03:08:04.307183 | [Dataset Load] -> "Loading datasets from class Pneumonia"
DEBUG | 2026/05/30 03:08:04.308625 | [Dataset Load] -> "Loading datasets from class Pneumothorax"
DEBUG | 2026/05/30 03:08:04.311105 | [Dataset Load] -> "Dynamically loaded 22921 datas"
DEBUG | 2026/05/30 03:18:17.699831 | [Dataset Load] -> "Loading datasets from data/train"
DEBUG | 2026/05/30 03:18:17.700379 | [Dataset Load] -> "Loading datasets from class Atelectasis"
DEBUG | 2026/05/30 03:18:17.712761 | [Dataset Load] -> "Loading datasets from class Cardiomegaly"
DEBUG | 2026/05/30 03:18:17.715348 | [Dataset Load] -> "Loading datasets from class Consolidation"
DEBUG | 2026/05/30 03:18:17.719316 | [Dataset Load] -> "Loading datasets from class Edema"
DEBUG | 2026/05/30 03:18:17.724579 | [Dataset Load] -> "Loading datasets from class Effusion"
DEBUG | 2026/05/30 03:18:17.730160 | [Dataset Load] -> "Loading datasets from class Emphysema"
DEBUG | 2026/05/30 03:18:17.732065 | [Dataset Load] -> "Loading datasets from class Fibrosis"
DEBUG | 2026/05/30 03:18:17.734389 | [Dataset Load] -> "Loading datasets from class Hernia"
DEBUG | 2026/05/30 03:18:17.734622 | [Dataset Load] -> "Loading datasets from class Infiltration"
DEBUG | 2026/05/30 03:18:17.741062 | [Dataset Load] -> "Loading datasets from class Mass"
DEBUG | 2026/05/30 03:18:17.746803 | [Dataset Load] -> "Loading datasets from class No Finding"
DEBUG | 2026/05/30 03:18:17.758661 | [Dataset Load] -> "Loading datasets from class Nodule"
DEBUG | 2026/05/30 03:18:17.763384 | [Dataset Load] -> "Loading datasets from class Pleural_Thickening"
DEBUG | 2026/05/30 03:18:17.766440 | [Dataset Load] -> "Loading datasets from class Pneumonia"
DEBUG | 2026/05/30 03:18:17.767813 | [Dataset Load] -> "Loading datasets from class Pneumothorax"
DEBUG | 2026/05/30 03:18:17.770366 | [Dataset Load] -> "Dynamically loaded 22921 datas"
DEBUG | 2026/05/30 03:28:32.266595 | [Dataset Load] -> "Loading datasets from data/train"
DEBUG | 2026/05/30 03:28:32.267199 | [Dataset Load] -> "Loading datasets from class Atelectasis"
DEBUG | 2026/05/30 03:28:32.279677 | [Dataset Load] -> "Loading datasets from class Cardiomegaly"
DEBUG | 2026/05/30 03:28:32.282292 | [Dataset Load] -> "Loading datasets from class Consolidation"
DEBUG | 2026/05/30 03:28:32.286139 | [Dataset Load] -> "Loading datasets from class Edema"
DEBUG | 2026/05/30 03:28:32.291273 | [Dataset Load] -> "Loading datasets from class Effusion"
DEBUG | 2026/05/30 03:28:32.296744 | [Dataset Load] -> "Loading datasets from class Emphysema"
DEBUG | 2026/05/30 03:28:32.298717 | [Dataset Load] -> "Loading datasets from class Fibrosis"
DEBUG | 2026/05/30 03:28:32.301039 | [Dataset Load] -> "Loading datasets from class Hernia"
DEBUG | 2026/05/30 03:28:32.301288 | [Dataset Load] -> "Loading datasets from class Infiltration"
DEBUG | 2026/05/30 03:28:32.307908 | [Dataset Load] -> "Loading datasets from class Mass"
DEBUG | 2026/05/30 03:28:32.313512 | [Dataset Load] -> "Loading datasets from class No Finding"
DEBUG | 2026/05/30 03:28:32.325287 | [Dataset Load] -> "Loading datasets from class Nodule"
DEBUG | 2026/05/30 03:28:32.329970 | [Dataset Load] -> "Loading datasets from class Pleural_Thickening"
DEBUG | 2026/05/30 03:28:32.332955 | [Dataset Load] -> "Loading datasets from class Pneumonia"
DEBUG | 2026/05/30 03:28:32.334376 | [Dataset Load] -> "Loading datasets from class Pneumothorax"
DEBUG | 2026/05/30 03:28:32.336856 | [Dataset Load] -> "Dynamically loaded 22921 datas"
DEBUG | 2026/05/30 03:38:45.632182 | [Dataset Load] -> "Loading datasets from data/train"
DEBUG | 2026/05/30 03:38:45.632784 | [Dataset Load] -> "Loading datasets from class Atelectasis"
DEBUG | 2026/05/30 03:38:45.645180 | [Dataset Load] -> "Loading datasets from class Cardiomegaly"
DEBUG | 2026/05/30 03:38:45.647634 | [Dataset Load] -> "Loading datasets from class Consolidation"
DEBUG | 2026/05/30 03:38:45.651422 | [Dataset Load] -> "Loading datasets from class Edema"
DEBUG | 2026/05/30 03:38:45.656575 | [Dataset Load] -> "Loading datasets from class Effusion"
DEBUG | 2026/05/30 03:38:45.662278 | [Dataset Load] -> "Loading datasets from class Emphysema"
DEBUG | 2026/05/30 03:38:45.664233 | [Dataset Load] -> "Loading datasets from class Fibrosis"
DEBUG | 2026/05/30 03:38:45.666520 | [Dataset Load] -> "Loading datasets from class Hernia"
DEBUG | 2026/05/30 03:38:45.666756 | [Dataset Load] -> "Loading datasets from class Infiltration"
DEBUG | 2026/05/30 03:38:45.672999 | [Dataset Load] -> "Loading datasets from class Mass"
DEBUG | 2026/05/30 03:38:45.678618 | [Dataset Load] -> "Loading datasets from class No Finding"
DEBUG | 2026/05/30 03:38:45.690765 | [Dataset Load] -> "Loading datasets from class Nodule"
DEBUG | 2026/05/30 03:38:45.695213 | [Dataset Load] -> "Loading datasets from class Pleural_Thickening"
DEBUG | 2026/05/30 03:38:45.698294 | [Dataset Load] -> "Loading datasets from class Pneumonia"
DEBUG | 2026/05/30 03:38:45.699691 | [Dataset Load] -> "Loading datasets from class Pneumothorax"
DEBUG | 2026/05/30 03:38:45.702310 | [Dataset Load] -> "Dynamically loaded 22921 datas"
DEBUG | 2026/05/30 03:48:58.540548 | [Dataset Load] -> "Loading datasets from data/train"
DEBUG | 2026/05/30 03:48:58.541053 | [Dataset Load] -> "Loading datasets from class Atelectasis"
DEBUG | 2026/05/30 03:48:58.553185 | [Dataset Load] -> "Loading datasets from class Cardiomegaly"
DEBUG | 2026/05/30 03:48:58.555761 | [Dataset Load] -> "Loading datasets from class Consolidation"
DEBUG | 2026/05/30 03:48:58.559666 | [Dataset Load] -> "Loading datasets from class Edema"
DEBUG | 2026/05/30 03:48:58.565046 | [Dataset Load] -> "Loading datasets from class Effusion"
DEBUG | 2026/05/30 03:48:58.570468 | [Dataset Load] -> "Loading datasets from class Emphysema"
DEBUG | 2026/05/30 03:48:58.572345 | [Dataset Load] -> "Loading datasets from class Fibrosis"
DEBUG | 2026/05/30 03:48:58.574624 | [Dataset Load] -> "Loading datasets from class Hernia"
DEBUG | 2026/05/30 03:48:58.574868 | [Dataset Load] -> "Loading datasets from class Infiltration"
DEBUG | 2026/05/30 03:48:58.581082 | [Dataset Load] -> "Loading datasets from class Mass"
DEBUG | 2026/05/30 03:48:58.586729 | [Dataset Load] -> "Loading datasets from class No Finding"
DEBUG | 2026/05/30 03:48:58.598466 | [Dataset Load] -> "Loading datasets from class Nodule"
DEBUG | 2026/05/30 03:48:58.602870 | [Dataset Load] -> "Loading datasets from class Pleural_Thickening"
DEBUG | 2026/05/30 03:48:58.605883 | [Dataset Load] -> "Loading datasets from class Pneumonia"
DEBUG | 2026/05/30 03:48:58.607263 | [Dataset Load] -> "Loading datasets from class Pneumothorax"
DEBUG | 2026/05/30 03:48:58.609817 | [Dataset Load] -> "Dynamically loaded 22921 datas"
DEBUG | 2026/05/30 03:59:13.490317 | [Dataset Load] -> "Loading datasets from data/train"
DEBUG | 2026/05/30 03:59:13.490930 | [Dataset Load] -> "Loading datasets from class Atelectasis"
DEBUG | 2026/05/30 03:59:13.503373 | [Dataset Load] -> "Loading datasets from class Cardiomegaly"
DEBUG | 2026/05/30 03:59:13.505878 | [Dataset Load] -> "Loading datasets from class Consolidation"
DEBUG | 2026/05/30 03:59:13.509736 | [Dataset Load] -> "Loading datasets from class Edema"
DEBUG | 2026/05/30 03:59:13.514955 | [Dataset Load] -> "Loading datasets from class Effusion"
DEBUG | 2026/05/30 03:59:13.520403 | [Dataset Load] -> "Loading datasets from class Emphysema"
DEBUG | 2026/05/30 03:59:13.522316 | [Dataset Load] -> "Loading datasets from class Fibrosis"
DEBUG | 2026/05/30 03:59:13.524601 | [Dataset Load] -> "Loading datasets from class Hernia"
DEBUG | 2026/05/30 03:59:13.524844 | [Dataset Load] -> "Loading datasets from class Infiltration"
DEBUG | 2026/05/30 03:59:13.531065 | [Dataset Load] -> "Loading datasets from class Mass"
DEBUG | 2026/05/30 03:59:13.536927 | [Dataset Load] -> "Loading datasets from class No Finding"
DEBUG | 2026/05/30 03:59:13.548821 | [Dataset Load] -> "Loading datasets from class Nodule"
DEBUG | 2026/05/30 03:59:13.553284 | [Dataset Load] -> "Loading datasets from class Pleural_Thickening"
DEBUG | 2026/05/30 03:59:13.556246 | [Dataset Load] -> "Loading datasets from class Pneumonia"
DEBUG | 2026/05/30 03:59:13.557642 | [Dataset Load] -> "Loading datasets from class Pneumothorax"
DEBUG | 2026/05/30 03:59:13.560173 | [Dataset Load] -> "Dynamically loaded 22921 datas"
DEBUG | 2026/05/30 04:09:26.297743 | [Dataset Load] -> "Loading datasets from data/train"
DEBUG | 2026/05/30 04:09:26.298345 | [Dataset Load] -> "Loading datasets from class Atelectasis"
DEBUG | 2026/05/30 04:09:26.310470 | [Dataset Load] -> "Loading datasets from class Cardiomegaly"
DEBUG | 2026/05/30 04:09:26.313042 | [Dataset Load] -> "Loading datasets from class Consolidation"
DEBUG | 2026/05/30 04:09:26.316882 | [Dataset Load] -> "Loading datasets from class Edema"
DEBUG | 2026/05/30 04:09:26.321992 | [Dataset Load] -> "Loading datasets from class Effusion"
DEBUG | 2026/05/30 04:09:26.327392 | [Dataset Load] -> "Loading datasets from class Emphysema"
DEBUG | 2026/05/30 04:09:26.329287 | [Dataset Load] -> "Loading datasets from class Fibrosis"
DEBUG | 2026/05/30 04:09:26.331594 | [Dataset Load] -> "Loading datasets from class Hernia"
DEBUG | 2026/05/30 04:09:26.331832 | [Dataset Load] -> "Loading datasets from class Infiltration"
DEBUG | 2026/05/30 04:09:26.338216 | [Dataset Load] -> "Loading datasets from class Mass"
DEBUG | 2026/05/30 04:09:26.343783 | [Dataset Load] -> "Loading datasets from class No Finding"
DEBUG | 2026/05/30 04:09:26.355596 | [Dataset Load] -> "Loading datasets from class Nodule"
DEBUG | 2026/05/30 04:09:26.360192 | [Dataset Load] -> "Loading datasets from class Pleural_Thickening"
DEBUG | 2026/05/30 04:09:26.363220 | [Dataset Load] -> "Loading datasets from class Pneumonia"
DEBUG | 2026/05/30 04:09:26.364611 | [Dataset Load] -> "Loading datasets from class Pneumothorax"
DEBUG | 2026/05/30 04:09:26.367095 | [Dataset Load] -> "Dynamically loaded 22921 datas"
DEBUG | 2026/05/30 04:19:39.821944 | [Dataset Load] -> "Loading datasets from data/train"
DEBUG | 2026/05/30 04:19:39.822564 | [Dataset Load] -> "Loading datasets from class Atelectasis"
DEBUG | 2026/05/30 04:19:39.834904 | [Dataset Load] -> "Loading datasets from class Cardiomegaly"
DEBUG | 2026/05/30 04:19:39.837397 | [Dataset Load] -> "Loading datasets from class Consolidation"
DEBUG | 2026/05/30 04:19:39.841292 | [Dataset Load] -> "Loading datasets from class Edema"
DEBUG | 2026/05/30 04:19:39.846393 | [Dataset Load] -> "Loading datasets from class Effusion"
DEBUG | 2026/05/30 04:19:39.851955 | [Dataset Load] -> "Loading datasets from class Emphysema"
DEBUG | 2026/05/30 04:19:39.853853 | [Dataset Load] -> "Loading datasets from class Fibrosis"
DEBUG | 2026/05/30 04:19:39.856143 | [Dataset Load] -> "Loading datasets from class Hernia"
DEBUG | 2026/05/30 04:19:39.856376 | [Dataset Load] -> "Loading datasets from class Infiltration"
DEBUG | 2026/05/30 04:19:39.862583 | [Dataset Load] -> "Loading datasets from class Mass"
DEBUG | 2026/05/30 04:19:39.868086 | [Dataset Load] -> "Loading datasets from class No Finding"
DEBUG | 2026/05/30 04:19:39.880084 | [Dataset Load] -> "Loading datasets from class Nodule"
DEBUG | 2026/05/30 04:19:39.884483 | [Dataset Load] -> "Loading datasets from class Pleural_Thickening"
DEBUG | 2026/05/30 04:19:39.887516 | [Dataset Load] -> "Loading datasets from class Pneumonia"
DEBUG | 2026/05/30 04:19:39.888902 | [Dataset Load] -> "Loading datasets from class Pneumothorax"
DEBUG | 2026/05/30 04:19:39.891419 | [Dataset Load] -> "Dynamically loaded 22921 datas"
DEBUG | 2026/05/30 04:29:54.498097 | [Dataset Load] -> "Loading datasets from data/train"
DEBUG | 2026/05/30 04:29:54.498706 | [Dataset Load] -> "Loading datasets from class Atelectasis"
DEBUG | 2026/05/30 04:29:54.506934 | [Dataset Load] -> "Loading datasets from class Cardiomegaly"
DEBUG | 2026/05/30 04:29:54.509813 | [Dataset Load] -> "Loading datasets from class Consolidation"
DEBUG | 2026/05/30 04:29:54.515280 | [Dataset Load] -> "Loading datasets from class Edema"
DEBUG | 2026/05/30 04:29:54.520512 | [Dataset Load] -> "Loading datasets from class Effusion"
DEBUG | 2026/05/30 04:29:54.526268 | [Dataset Load] -> "Loading datasets from class Emphysema"
DEBUG | 2026/05/30 04:29:54.528210 | [Dataset Load] -> "Loading datasets from class Fibrosis"
DEBUG | 2026/05/30 04:29:54.530540 | [Dataset Load] -> "Loading datasets from class Hernia"
DEBUG | 2026/05/30 04:29:54.530786 | [Dataset Load] -> "Loading datasets from class Infiltration"
DEBUG | 2026/05/30 04:29:54.537057 | [Dataset Load] -> "Loading datasets from class Mass"
DEBUG | 2026/05/30 04:29:54.542735 | [Dataset Load] -> "Loading datasets from class No Finding"
DEBUG | 2026/05/30 04:29:54.554837 | [Dataset Load] -> "Loading datasets from class Nodule"
DEBUG | 2026/05/30 04:29:54.559295 | [Dataset Load] -> "Loading datasets from class Pleural_Thickening"
DEBUG | 2026/05/30 04:29:54.562348 | [Dataset Load] -> "Loading datasets from class Pneumonia"
DEBUG | 2026/05/30 04:29:54.563799 | [Dataset Load] -> "Loading datasets from class Pneumothorax"
DEBUG | 2026/05/30 04:29:54.566351 | [Dataset Load] -> "Dynamically loaded 22921 datas"
DEBUG | 2026/05/30 04:40:09.047374 | [Dataset Load] -> "Loading datasets from data/train"
DEBUG | 2026/05/30 04:40:09.047840 | [Dataset Load] -> "Loading datasets from class Atelectasis"
DEBUG | 2026/05/30 04:40:09.060570 | [Dataset Load] -> "Loading datasets from class Cardiomegaly"
DEBUG | 2026/05/30 04:40:09.063114 | [Dataset Load] -> "Loading datasets from class Consolidation"
DEBUG | 2026/05/30 04:40:09.066983 | [Dataset Load] -> "Loading datasets from class Edema"
DEBUG | 2026/05/30 04:40:09.072347 | [Dataset Load] -> "Loading datasets from class Effusion"
DEBUG | 2026/05/30 04:40:09.077773 | [Dataset Load] -> "Loading datasets from class Emphysema"
DEBUG | 2026/05/30 04:40:09.079683 | [Dataset Load] -> "Loading datasets from class Fibrosis"
DEBUG | 2026/05/30 04:40:09.081983 | [Dataset Load] -> "Loading datasets from class Hernia"
DEBUG | 2026/05/30 04:40:09.082219 | [Dataset Load] -> "Loading datasets from class Infiltration"
DEBUG | 2026/05/30 04:40:09.088582 | [Dataset Load] -> "Loading datasets from class Mass"
DEBUG | 2026/05/30 04:40:09.094391 | [Dataset Load] -> "Loading datasets from class No Finding"
DEBUG | 2026/05/30 04:40:09.106367 | [Dataset Load] -> "Loading datasets from class Nodule"
DEBUG | 2026/05/30 04:40:09.110843 | [Dataset Load] -> "Loading datasets from class Pleural_Thickening"
DEBUG | 2026/05/30 04:40:09.113810 | [Dataset Load] -> "Loading datasets from class Pneumonia"
DEBUG | 2026/05/30 04:40:09.115227 | [Dataset Load] -> "Loading datasets from class Pneumothorax"
DEBUG | 2026/05/30 04:40:09.117744 | [Dataset Load] -> "Dynamically loaded 22921 datas"
DEBUG | 2026/05/30 04:50:23.314960 | [Dataset Load] -> "Loading datasets from data/train"
DEBUG | 2026/05/30 04:50:23.315467 | [Dataset Load] -> "Loading datasets from class Atelectasis"
DEBUG | 2026/05/30 04:50:23.327977 | [Dataset Load] -> "Loading datasets from class Cardiomegaly"
DEBUG | 2026/05/30 04:50:23.330655 | [Dataset Load] -> "Loading datasets from class Consolidation"
DEBUG | 2026/05/30 04:50:23.334663 | [Dataset Load] -> "Loading datasets from class Edema"
DEBUG | 2026/05/30 04:50:23.339936 | [Dataset Load] -> "Loading datasets from class Effusion"
DEBUG | 2026/05/30 04:50:23.345475 | [Dataset Load] -> "Loading datasets from class Emphysema"
DEBUG | 2026/05/30 04:50:23.347452 | [Dataset Load] -> "Loading datasets from class Fibrosis"
DEBUG | 2026/05/30 04:50:23.349773 | [Dataset Load] -> "Loading datasets from class Hernia"
DEBUG | 2026/05/30 04:50:23.350055 | [Dataset Load] -> "Loading datasets from class Infiltration"
DEBUG | 2026/05/30 04:50:23.356676 | [Dataset Load] -> "Loading datasets from class Mass"
DEBUG | 2026/05/30 04:50:23.362423 | [Dataset Load] -> "Loading datasets from class No Finding"
DEBUG | 2026/05/30 04:50:23.374432 | [Dataset Load] -> "Loading datasets from class Nodule"
DEBUG | 2026/05/30 04:50:23.379055 | [Dataset Load] -> "Loading datasets from class Pleural_Thickening"
DEBUG | 2026/05/30 04:50:23.382027 | [Dataset Load] -> "Loading datasets from class Pneumonia"
DEBUG | 2026/05/30 04:50:23.383492 | [Dataset Load] -> "Loading datasets from class Pneumothorax"
DEBUG | 2026/05/30 04:50:23.386120 | [Dataset Load] -> "Dynamically loaded 22921 datas"
DEBUG | 2026/05/30 05:00:37.716109 | [Dataset Load] -> "Loading datasets from data/train"
DEBUG | 2026/05/30 05:00:37.716697 | [Dataset Load] -> "Loading datasets from class Atelectasis"
DEBUG | 2026/05/30 05:00:37.728952 | [Dataset Load] -> "Loading datasets from class Cardiomegaly"
DEBUG | 2026/05/30 05:00:37.731699 | [Dataset Load] -> "Loading datasets from class Consolidation"
DEBUG | 2026/05/30 05:00:37.735623 | [Dataset Load] -> "Loading datasets from class Edema"
DEBUG | 2026/05/30 05:00:37.740739 | [Dataset Load] -> "Loading datasets from class Effusion"
DEBUG | 2026/05/30 05:00:37.746234 | [Dataset Load] -> "Loading datasets from class Emphysema"
DEBUG | 2026/05/30 05:00:37.748137 | [Dataset Load] -> "Loading datasets from class Fibrosis"
DEBUG | 2026/05/30 05:00:37.750444 | [Dataset Load] -> "Loading datasets from class Hernia"
DEBUG | 2026/05/30 05:00:37.750678 | [Dataset Load] -> "Loading datasets from class Infiltration"
DEBUG | 2026/05/30 05:00:37.757084 | [Dataset Load] -> "Loading datasets from class Mass"
DEBUG | 2026/05/30 05:00:37.762621 | [Dataset Load] -> "Loading datasets from class No Finding"
DEBUG | 2026/05/30 05:00:37.774485 | [Dataset Load] -> "Loading datasets from class Nodule"
DEBUG | 2026/05/30 05:00:37.778978 | [Dataset Load] -> "Loading datasets from class Pleural_Thickening"
DEBUG | 2026/05/30 05:00:37.782040 | [Dataset Load] -> "Loading datasets from class Pneumonia"
DEBUG | 2026/05/30 05:00:37.783520 | [Dataset Load] -> "Loading datasets from class Pneumothorax"
DEBUG | 2026/05/30 05:00:37.785997 | [Dataset Load] -> "Dynamically loaded 22921 datas"
DEBUG | 2026/05/30 05:10:50.668829 | [Dataset Load] -> "Loading datasets from data/train"
DEBUG | 2026/05/30 05:10:50.669338 | [Dataset Load] -> "Loading datasets from class Atelectasis"
DEBUG | 2026/05/30 05:10:50.681753 | [Dataset Load] -> "Loading datasets from class Cardiomegaly"
DEBUG | 2026/05/30 05:10:50.684299 | [Dataset Load] -> "Loading datasets from class Consolidation"
DEBUG | 2026/05/30 05:10:50.688119 | [Dataset Load] -> "Loading datasets from class Edema"
DEBUG | 2026/05/30 05:10:50.693282 | [Dataset Load] -> "Loading datasets from class Effusion"
DEBUG | 2026/05/30 05:10:50.699004 | [Dataset Load] -> "Loading datasets from class Emphysema"
DEBUG | 2026/05/30 05:10:50.700989 | [Dataset Load] -> "Loading datasets from class Fibrosis"
DEBUG | 2026/05/30 05:10:50.703315 | [Dataset Load] -> "Loading datasets from class Hernia"
DEBUG | 2026/05/30 05:10:50.703562 | [Dataset Load] -> "Loading datasets from class Infiltration"
DEBUG | 2026/05/30 05:10:50.709925 | [Dataset Load] -> "Loading datasets from class Mass"
DEBUG | 2026/05/30 05:10:50.715643 | [Dataset Load] -> "Loading datasets from class No Finding"
DEBUG | 2026/05/30 05:10:50.727915 | [Dataset Load] -> "Loading datasets from class Nodule"
DEBUG | 2026/05/30 05:10:50.732358 | [Dataset Load] -> "Loading datasets from class Pleural_Thickening"
DEBUG | 2026/05/30 05:10:50.735281 | [Dataset Load] -> "Loading datasets from class Pneumonia"
DEBUG | 2026/05/30 05:10:50.736721 | [Dataset Load] -> "Loading datasets from class Pneumothorax"
DEBUG | 2026/05/30 05:10:50.739387 | [Dataset Load] -> "Dynamically loaded 22921 datas"
DEBUG | 2026/05/30 05:21:03.308471 | [Dataset Load] -> "Loading datasets from data/train"
DEBUG | 2026/05/30 05:21:03.309063 | [Dataset Load] -> "Loading datasets from class Atelectasis"
DEBUG | 2026/05/30 05:21:03.321615 | [Dataset Load] -> "Loading datasets from class Cardiomegaly"
DEBUG | 2026/05/30 05:21:03.324337 | [Dataset Load] -> "Loading datasets from class Consolidation"
DEBUG | 2026/05/30 05:21:03.328553 | [Dataset Load] -> "Loading datasets from class Edema"
DEBUG | 2026/05/30 05:21:03.334040 | [Dataset Load] -> "Loading datasets from class Effusion"
DEBUG | 2026/05/30 05:21:03.339516 | [Dataset Load] -> "Loading datasets from class Emphysema"
DEBUG | 2026/05/30 05:21:03.341481 | [Dataset Load] -> "Loading datasets from class Fibrosis"
DEBUG | 2026/05/30 05:21:03.343798 | [Dataset Load] -> "Loading datasets from class Hernia"
DEBUG | 2026/05/30 05:21:03.344040 | [Dataset Load] -> "Loading datasets from class Infiltration"
DEBUG | 2026/05/30 05:21:03.350470 | [Dataset Load] -> "Loading datasets from class Mass"
DEBUG | 2026/05/30 05:21:03.356400 | [Dataset Load] -> "Loading datasets from class No Finding"
DEBUG | 2026/05/30 05:21:03.368593 | [Dataset Load] -> "Loading datasets from class Nodule"
DEBUG | 2026/05/30 05:21:03.373059 | [Dataset Load] -> "Loading datasets from class Pleural_Thickening"
DEBUG | 2026/05/30 05:21:03.376086 | [Dataset Load] -> "Loading datasets from class Pneumonia"
DEBUG | 2026/05/30 05:21:03.377545 | [Dataset Load] -> "Loading datasets from class Pneumothorax"
DEBUG | 2026/05/30 05:21:03.380124 | [Dataset Load] -> "Dynamically loaded 22921 datas"
DEBUG | 2026/05/30 05:31:15.954977 | [Dataset Load] -> "Loading datasets from data/train"
DEBUG | 2026/05/30 05:31:15.957195 | [Dataset Load] -> "Loading datasets from class Atelectasis"
DEBUG | 2026/05/30 05:31:15.969535 | [Dataset Load] -> "Loading datasets from class Cardiomegaly"
DEBUG | 2026/05/30 05:31:15.972017 | [Dataset Load] -> "Loading datasets from class Consolidation"
DEBUG | 2026/05/30 05:31:15.975930 | [Dataset Load] -> "Loading datasets from class Edema"
DEBUG | 2026/05/30 05:31:15.981398 | [Dataset Load] -> "Loading datasets from class Effusion"
DEBUG | 2026/05/30 05:31:15.986910 | [Dataset Load] -> "Loading datasets from class Emphysema"
DEBUG | 2026/05/30 05:31:15.988869 | [Dataset Load] -> "Loading datasets from class Fibrosis"
DEBUG | 2026/05/30 05:31:15.991175 | [Dataset Load] -> "Loading datasets from class Hernia"
DEBUG | 2026/05/30 05:31:15.991422 | [Dataset Load] -> "Loading datasets from class Infiltration"
DEBUG | 2026/05/30 05:31:15.997808 | [Dataset Load] -> "Loading datasets from class Mass"
DEBUG | 2026/05/30 05:31:16.003716 | [Dataset Load] -> "Loading datasets from class No Finding"
DEBUG | 2026/05/30 05:31:16.015890 | [Dataset Load] -> "Loading datasets from class Nodule"
DEBUG | 2026/05/30 05:31:16.020304 | [Dataset Load] -> "Loading datasets from class Pleural_Thickening"
DEBUG | 2026/05/30 05:31:16.023404 | [Dataset Load] -> "Loading datasets from class Pneumonia"
DEBUG | 2026/05/30 05:31:16.024830 | [Dataset Load] -> "Loading datasets from class Pneumothorax"
DEBUG | 2026/05/30 05:31:16.027419 | [Dataset Load] -> "Dynamically loaded 22921 datas"
DEBUG | 2026/05/30 05:41:28.581390 | [Dataset Load] -> "Loading datasets from data/train"
DEBUG | 2026/05/30 05:41:28.581944 | [Dataset Load] -> "Loading datasets from class Atelectasis"
DEBUG | 2026/05/30 05:41:28.594161 | [Dataset Load] -> "Loading datasets from class Cardiomegaly"
DEBUG | 2026/05/30 05:41:28.596780 | [Dataset Load] -> "Loading datasets from class Consolidation"
DEBUG | 2026/05/30 05:41:28.600781 | [Dataset Load] -> "Loading datasets from class Edema"
DEBUG | 2026/05/30 05:41:28.606085 | [Dataset Load] -> "Loading datasets from class Effusion"
DEBUG | 2026/05/30 05:41:28.611614 | [Dataset Load] -> "Loading datasets from class Emphysema"
DEBUG | 2026/05/30 05:41:28.613569 | [Dataset Load] -> "Loading datasets from class Fibrosis"
DEBUG | 2026/05/30 05:41:28.615873 | [Dataset Load] -> "Loading datasets from class Hernia"
DEBUG | 2026/05/30 05:41:28.616120 | [Dataset Load] -> "Loading datasets from class Infiltration"
DEBUG | 2026/05/30 05:41:28.622765 | [Dataset Load] -> "Loading datasets from class Mass"
DEBUG | 2026/05/30 05:41:28.628528 | [Dataset Load] -> "Loading datasets from class No Finding"
DEBUG | 2026/05/30 05:41:28.640859 | [Dataset Load] -> "Loading datasets from class Nodule"
DEBUG | 2026/05/30 05:41:28.645485 | [Dataset Load] -> "Loading datasets from class Pleural_Thickening"
DEBUG | 2026/05/30 05:41:28.648568 | [Dataset Load] -> "Loading datasets from class Pneumonia"
DEBUG | 2026/05/30 05:41:28.649990 | [Dataset Load] -> "Loading datasets from class Pneumothorax"
DEBUG | 2026/05/30 05:41:28.652596 | [Dataset Load] -> "Dynamically loaded 22921 datas"
DEBUG | 2026/05/30 05:51:42.764783 | [Dataset Load] -> "Loading datasets from data/train"
DEBUG | 2026/05/30 05:51:42.765415 | [Dataset Load] -> "Loading datasets from class Atelectasis"
DEBUG | 2026/05/30 05:51:42.778137 | [Dataset Load] -> "Loading datasets from class Cardiomegaly"
DEBUG | 2026/05/30 05:51:42.780924 | [Dataset Load] -> "Loading datasets from class Consolidation"
DEBUG | 2026/05/30 05:51:42.784992 | [Dataset Load] -> "Loading datasets from class Edema"
DEBUG | 2026/05/30 05:51:42.790307 | [Dataset Load] -> "Loading datasets from class Effusion"
DEBUG | 2026/05/30 05:51:42.796073 | [Dataset Load] -> "Loading datasets from class Emphysema"
DEBUG | 2026/05/30 05:51:42.798039 | [Dataset Load] -> "Loading datasets from class Fibrosis"
DEBUG | 2026/05/30 05:51:42.800349 | [Dataset Load] -> "Loading datasets from class Hernia"
DEBUG | 2026/05/30 05:51:42.800595 | [Dataset Load] -> "Loading datasets from class Infiltration"
DEBUG | 2026/05/30 05:51:42.806976 | [Dataset Load] -> "Loading datasets from class Mass"
DEBUG | 2026/05/30 05:51:42.812650 | [Dataset Load] -> "Loading datasets from class No Finding"
DEBUG | 2026/05/30 05:51:42.824964 | [Dataset Load] -> "Loading datasets from class Nodule"
DEBUG | 2026/05/30 05:51:42.829472 | [Dataset Load] -> "Loading datasets from class Pleural_Thickening"
DEBUG | 2026/05/30 05:51:42.832491 | [Dataset Load] -> "Loading datasets from class Pneumonia"
DEBUG | 2026/05/30 05:51:42.833943 | [Dataset Load] -> "Loading datasets from class Pneumothorax"
DEBUG | 2026/05/30 05:51:42.836536 | [Dataset Load] -> "Dynamically loaded 22921 datas"
DEBUG | 2026/05/30 06:01:56.154166 | [Dataset Load] -> "Loading datasets from data/train"
DEBUG | 2026/05/30 06:01:56.154729 | [Dataset Load] -> "Loading datasets from class Atelectasis"
DEBUG | 2026/05/30 06:01:56.167212 | [Dataset Load] -> "Loading datasets from class Cardiomegaly"
DEBUG | 2026/05/30 06:01:56.169827 | [Dataset Load] -> "Loading datasets from class Consolidation"
DEBUG | 2026/05/30 06:01:56.173817 | [Dataset Load] -> "Loading datasets from class Edema"
DEBUG | 2026/05/30 06:01:56.179055 | [Dataset Load] -> "Loading datasets from class Effusion"
DEBUG | 2026/05/30 06:01:56.184754 | [Dataset Load] -> "Loading datasets from class Emphysema"
DEBUG | 2026/05/30 06:01:56.186717 | [Dataset Load] -> "Loading datasets from class Fibrosis"
DEBUG | 2026/05/30 06:01:56.189035 | [Dataset Load] -> "Loading datasets from class Hernia"
DEBUG | 2026/05/30 06:01:56.189188 | [Dataset Load] -> "Loading datasets from class Infiltration"
DEBUG | 2026/05/30 06:01:56.195634 | [Dataset Load] -> "Loading datasets from class Mass"
DEBUG | 2026/05/30 06:01:56.201302 | [Dataset Load] -> "Loading datasets from class No Finding"
DEBUG | 2026/05/30 06:01:56.213583 | [Dataset Load] -> "Loading datasets from class Nodule"
DEBUG | 2026/05/30 06:01:56.217989 | [Dataset Load] -> "Loading datasets from class Pleural_Thickening"
DEBUG | 2026/05/30 06:01:56.221027 | [Dataset Load] -> "Loading datasets from class Pneumonia"
DEBUG | 2026/05/30 06:01:56.222424 | [Dataset Load] -> "Loading datasets from class Pneumothorax"
DEBUG | 2026/05/30 06:01:56.225063 | [Dataset Load] -> "Dynamically loaded 22921 datas"
DEBUG | 2026/05/30 06:12:09.284717 | [Dataset Load] -> "Loading datasets from data/train"
DEBUG | 2026/05/30 06:12:09.285254 | [Dataset Load] -> "Loading datasets from class Atelectasis"
DEBUG | 2026/05/30 06:12:09.297738 | [Dataset Load] -> "Loading datasets from class Cardiomegaly"
DEBUG | 2026/05/30 06:12:09.300423 | [Dataset Load] -> "Loading datasets from class Consolidation"
DEBUG | 2026/05/30 06:12:09.304398 | [Dataset Load] -> "Loading datasets from class Edema"
DEBUG | 2026/05/30 06:12:09.309844 | [Dataset Load] -> "Loading datasets from class Effusion"
DEBUG | 2026/05/30 06:12:09.315375 | [Dataset Load] -> "Loading datasets from class Emphysema"
DEBUG | 2026/05/30 06:12:09.317307 | [Dataset Load] -> "Loading datasets from class Fibrosis"
DEBUG | 2026/05/30 06:12:09.319616 | [Dataset Load] -> "Loading datasets from class Hernia"
DEBUG | 2026/05/30 06:12:09.319864 | [Dataset Load] -> "Loading datasets from class Infiltration"
DEBUG | 2026/05/30 06:12:09.326339 | [Dataset Load] -> "Loading datasets from class Mass"
DEBUG | 2026/05/30 06:12:09.332178 | [Dataset Load] -> "Loading datasets from class No Finding"
DEBUG | 2026/05/30 06:12:09.344296 | [Dataset Load] -> "Loading datasets from class Nodule"
DEBUG | 2026/05/30 06:12:09.348829 | [Dataset Load] -> "Loading datasets from class Pleural_Thickening"
DEBUG | 2026/05/30 06:12:09.351928 | [Dataset Load] -> "Loading datasets from class Pneumonia"
DEBUG | 2026/05/30 06:12:09.353384 | [Dataset Load] -> "Loading datasets from class Pneumothorax"
DEBUG | 2026/05/30 06:12:09.355967 | [Dataset Load] -> "Dynamically loaded 22921 datas"
DEBUG | 2026/05/30 06:22:22.796492 | [Dataset Load] -> "Loading datasets from data/train"
DEBUG | 2026/05/30 06:22:22.796998 | [Dataset Load] -> "Loading datasets from class Atelectasis"
DEBUG | 2026/05/30 06:22:22.809063 | [Dataset Load] -> "Loading datasets from class Cardiomegaly"
DEBUG | 2026/05/30 06:22:22.811625 | [Dataset Load] -> "Loading datasets from class Consolidation"
DEBUG | 2026/05/30 06:22:22.815454 | [Dataset Load] -> "Loading datasets from class Edema"
DEBUG | 2026/05/30 06:22:22.820677 | [Dataset Load] -> "Loading datasets from class Effusion"
DEBUG | 2026/05/30 06:22:22.826178 | [Dataset Load] -> "Loading datasets from class Emphysema"
DEBUG | 2026/05/30 06:22:22.828138 | [Dataset Load] -> "Loading datasets from class Fibrosis"
DEBUG | 2026/05/30 06:22:22.830413 | [Dataset Load] -> "Loading datasets from class Hernia"
DEBUG | 2026/05/30 06:22:22.830661 | [Dataset Load] -> "Loading datasets from class Infiltration"
DEBUG | 2026/05/30 06:22:22.837115 | [Dataset Load] -> "Loading datasets from class Mass"
DEBUG | 2026/05/30 06:22:22.842675 | [Dataset Load] -> "Loading datasets from class No Finding"
DEBUG | 2026/05/30 06:22:22.854813 | [Dataset Load] -> "Loading datasets from class Nodule"
DEBUG | 2026/05/30 06:22:22.859354 | [Dataset Load] -> "Loading datasets from class Pleural_Thickening"
DEBUG | 2026/05/30 06:22:22.862429 | [Dataset Load] -> "Loading datasets from class Pneumonia"
DEBUG | 2026/05/30 06:22:22.863824 | [Dataset Load] -> "Loading datasets from class Pneumothorax"
DEBUG | 2026/05/30 06:22:22.866383 | [Dataset Load] -> "Dynamically loaded 22921 datas"
DEBUG | 2026/05/30 06:32:36.336104 | [Dataset Load] -> "Loading datasets from data/train"
DEBUG | 2026/05/30 06:32:36.336708 | [Dataset Load] -> "Loading datasets from class Atelectasis"
DEBUG | 2026/05/30 06:32:36.348984 | [Dataset Load] -> "Loading datasets from class Cardiomegaly"
DEBUG | 2026/05/30 06:32:36.351546 | [Dataset Load] -> "Loading datasets from class Consolidation"
DEBUG | 2026/05/30 06:32:36.355462 | [Dataset Load] -> "Loading datasets from class Edema"
DEBUG | 2026/05/30 06:32:36.360698 | [Dataset Load] -> "Loading datasets from class Effusion"
DEBUG | 2026/05/30 06:32:36.366046 | [Dataset Load] -> "Loading datasets from class Emphysema"
DEBUG | 2026/05/30 06:32:36.367897 | [Dataset Load] -> "Loading datasets from class Fibrosis"
DEBUG | 2026/05/30 06:32:36.370148 | [Dataset Load] -> "Loading datasets from class Hernia"
DEBUG | 2026/05/30 06:32:36.370381 | [Dataset Load] -> "Loading datasets from class Infiltration"
DEBUG | 2026/05/30 06:32:36.376738 | [Dataset Load] -> "Loading datasets from class Mass"
DEBUG | 2026/05/30 06:32:36.382223 | [Dataset Load] -> "Loading datasets from class No Finding"
DEBUG | 2026/05/30 06:32:36.394172 | [Dataset Load] -> "Loading datasets from class Nodule"
DEBUG | 2026/05/30 06:32:36.398634 | [Dataset Load] -> "Loading datasets from class Pleural_Thickening"
DEBUG | 2026/05/30 06:32:36.401618 | [Dataset Load] -> "Loading datasets from class Pneumonia"
DEBUG | 2026/05/30 06:32:36.403005 | [Dataset Load] -> "Loading datasets from class Pneumothorax"
DEBUG | 2026/05/30 06:32:36.405487 | [Dataset Load] -> "Dynamically loaded 22921 datas"
DEBUG | 2026/05/30 06:42:50.230267 | [Dataset Load] -> "Loading datasets from data/train"
DEBUG | 2026/05/30 06:42:50.230801 | [Dataset Load] -> "Loading datasets from class Atelectasis"
DEBUG | 2026/05/30 06:42:50.243397 | [Dataset Load] -> "Loading datasets from class Cardiomegaly"
DEBUG | 2026/05/30 06:42:50.245834 | [Dataset Load] -> "Loading datasets from class Consolidation"
DEBUG | 2026/05/30 06:42:50.249628 | [Dataset Load] -> "Loading datasets from class Edema"
DEBUG | 2026/05/30 06:42:50.254826 | [Dataset Load] -> "Loading datasets from class Effusion"
DEBUG | 2026/05/30 06:42:50.260592 | [Dataset Load] -> "Loading datasets from class Emphysema"
DEBUG | 2026/05/30 06:42:50.262561 | [Dataset Load] -> "Loading datasets from class Fibrosis"
DEBUG | 2026/05/30 06:42:50.264876 | [Dataset Load] -> "Loading datasets from class Hernia"
DEBUG | 2026/05/30 06:42:50.265126 | [Dataset Load] -> "Loading datasets from class Infiltration"
DEBUG | 2026/05/30 06:42:50.271561 | [Dataset Load] -> "Loading datasets from class Mass"
DEBUG | 2026/05/30 06:42:50.277251 | [Dataset Load] -> "Loading datasets from class No Finding"
DEBUG | 2026/05/30 06:42:50.289416 | [Dataset Load] -> "Loading datasets from class Nodule"
DEBUG | 2026/05/30 06:42:50.293765 | [Dataset Load] -> "Loading datasets from class Pleural_Thickening"
DEBUG | 2026/05/30 06:42:50.296874 | [Dataset Load] -> "Loading datasets from class Pneumonia"
DEBUG | 2026/05/30 06:42:50.298273 | [Dataset Load] -> "Loading datasets from class Pneumothorax"
DEBUG | 2026/05/30 06:42:50.300823 | [Dataset Load] -> "Dynamically loaded 22921 datas"
DEBUG | 2026/05/30 06:53:03.596651 | [Dataset Load] -> "Loading datasets from data/train"
DEBUG | 2026/05/30 06:53:03.597298 | [Dataset Load] -> "Loading datasets from class Atelectasis"
DEBUG | 2026/05/30 06:53:03.609777 | [Dataset Load] -> "Loading datasets from class Cardiomegaly"
DEBUG | 2026/05/30 06:53:03.612224 | [Dataset Load] -> "Loading datasets from class Consolidation"
DEBUG | 2026/05/30 06:53:03.616106 | [Dataset Load] -> "Loading datasets from class Edema"
DEBUG | 2026/05/30 06:53:03.621635 | [Dataset Load] -> "Loading datasets from class Effusion"
DEBUG | 2026/05/30 06:53:03.627164 | [Dataset Load] -> "Loading datasets from class Emphysema"
DEBUG | 2026/05/30 06:53:03.629197 | [Dataset Load] -> "Loading datasets from class Fibrosis"
DEBUG | 2026/05/30 06:53:03.631538 | [Dataset Load] -> "Loading datasets from class Hernia"
DEBUG | 2026/05/30 06:53:03.631785 | [Dataset Load] -> "Loading datasets from class Infiltration"
DEBUG | 2026/05/30 06:53:03.638209 | [Dataset Load] -> "Loading datasets from class Mass"
DEBUG | 2026/05/30 06:53:03.644156 | [Dataset Load] -> "Loading datasets from class No Finding"
DEBUG | 2026/05/30 06:53:03.656243 | [Dataset Load] -> "Loading datasets from class Nodule"
DEBUG | 2026/05/30 06:53:03.660748 | [Dataset Load] -> "Loading datasets from class Pleural_Thickening"
DEBUG | 2026/05/30 06:53:03.663854 | [Dataset Load] -> "Loading datasets from class Pneumonia"
DEBUG | 2026/05/30 06:53:03.665271 | [Dataset Load] -> "Loading datasets from class Pneumothorax"
DEBUG | 2026/05/30 06:53:03.667893 | [Dataset Load] -> "Dynamically loaded 22921 datas"
DEBUG | 2026/05/30 07:03:15.976530 | [Dataset Load] -> "Loading datasets from data/train"
DEBUG | 2026/05/30 07:03:15.977028 | [Dataset Load] -> "Loading datasets from class Atelectasis"
DEBUG | 2026/05/30 07:03:15.990013 | [Dataset Load] -> "Loading datasets from class Cardiomegaly"
DEBUG | 2026/05/30 07:03:15.992558 | [Dataset Load] -> "Loading datasets from class Consolidation"
DEBUG | 2026/05/30 07:03:15.996511 | [Dataset Load] -> "Loading datasets from class Edema"
DEBUG | 2026/05/30 07:03:16.002129 | [Dataset Load] -> "Loading datasets from class Effusion"
DEBUG | 2026/05/30 07:03:16.007684 | [Dataset Load] -> "Loading datasets from class Emphysema"
DEBUG | 2026/05/30 07:03:16.009656 | [Dataset Load] -> "Loading datasets from class Fibrosis"
DEBUG | 2026/05/30 07:03:16.011977 | [Dataset Load] -> "Loading datasets from class Hernia"
DEBUG | 2026/05/30 07:03:16.012227 | [Dataset Load] -> "Loading datasets from class Infiltration"
DEBUG | 2026/05/30 07:03:16.018597 | [Dataset Load] -> "Loading datasets from class Mass"
DEBUG | 2026/05/30 07:03:16.024341 | [Dataset Load] -> "Loading datasets from class No Finding"
DEBUG | 2026/05/30 07:03:16.036343 | [Dataset Load] -> "Loading datasets from class Nodule"
DEBUG | 2026/05/30 07:03:16.040689 | [Dataset Load] -> "Loading datasets from class Pleural_Thickening"
DEBUG | 2026/05/30 07:03:16.043768 | [Dataset Load] -> "Loading datasets from class Pneumonia"
DEBUG | 2026/05/30 07:03:16.045177 | [Dataset Load] -> "Loading datasets from class Pneumothorax"
DEBUG | 2026/05/30 07:03:16.047770 | [Dataset Load] -> "Dynamically loaded 22921 datas"
DEBUG | 2026/05/30 07:13:26.868908 | [Dataset Load] -> "Loading datasets from data/train"
DEBUG | 2026/05/30 07:13:26.869530 | [Dataset Load] -> "Loading datasets from class Atelectasis"
DEBUG | 2026/05/30 07:13:26.881937 | [Dataset Load] -> "Loading datasets from class Cardiomegaly"
DEBUG | 2026/05/30 07:13:26.884610 | [Dataset Load] -> "Loading datasets from class Consolidation"
DEBUG | 2026/05/30 07:13:26.888536 | [Dataset Load] -> "Loading datasets from class Edema"
DEBUG | 2026/05/30 07:13:26.893968 | [Dataset Load] -> "Loading datasets from class Effusion"
DEBUG | 2026/05/30 07:13:26.899529 | [Dataset Load] -> "Loading datasets from class Emphysema"
DEBUG | 2026/05/30 07:13:26.901523 | [Dataset Load] -> "Loading datasets from class Fibrosis"
DEBUG | 2026/05/30 07:13:26.903829 | [Dataset Load] -> "Loading datasets from class Hernia"
DEBUG | 2026/05/30 07:13:26.903982 | [Dataset Load] -> "Loading datasets from class Infiltration"
DEBUG | 2026/05/30 07:13:26.911978 | [Dataset Load] -> "Loading datasets from class Mass"
DEBUG | 2026/05/30 07:13:26.917712 | [Dataset Load] -> "Loading datasets from class No Finding"
DEBUG | 2026/05/30 07:13:26.929694 | [Dataset Load] -> "Loading datasets from class Nodule"
DEBUG | 2026/05/30 07:13:26.934237 | [Dataset Load] -> "Loading datasets from class Pleural_Thickening"
DEBUG | 2026/05/30 07:13:26.937273 | [Dataset Load] -> "Loading datasets from class Pneumonia"
DEBUG | 2026/05/30 07:13:26.938667 | [Dataset Load] -> "Loading datasets from class Pneumothorax"
DEBUG | 2026/05/30 07:13:26.941221 | [Dataset Load] -> "Dynamically loaded 22921 datas"
DEBUG | 2026/05/30 07:23:37.109583 | [Dataset Load] -> "Loading datasets from data/train"
DEBUG | 2026/05/30 07:23:37.110217 | [Dataset Load] -> "Loading datasets from class Atelectasis"
DEBUG | 2026/05/30 07:23:37.122624 | [Dataset Load] -> "Loading datasets from class Cardiomegaly"
DEBUG | 2026/05/30 07:23:37.125239 | [Dataset Load] -> "Loading datasets from class Consolidation"
DEBUG | 2026/05/30 07:23:37.129150 | [Dataset Load] -> "Loading datasets from class Edema"
DEBUG | 2026/05/30 07:23:37.134473 | [Dataset Load] -> "Loading datasets from class Effusion"
DEBUG | 2026/05/30 07:23:37.140146 | [Dataset Load] -> "Loading datasets from class Emphysema"
DEBUG | 2026/05/30 07:23:37.142061 | [Dataset Load] -> "Loading datasets from class Fibrosis"
DEBUG | 2026/05/30 07:23:37.144371 | [Dataset Load] -> "Loading datasets from class Hernia"
DEBUG | 2026/05/30 07:23:37.144520 | [Dataset Load] -> "Loading datasets from class Infiltration"
DEBUG | 2026/05/30 07:23:37.150836 | [Dataset Load] -> "Loading datasets from class Mass"
DEBUG | 2026/05/30 07:23:37.156410 | [Dataset Load] -> "Loading datasets from class No Finding"
DEBUG | 2026/05/30 07:23:37.168669 | [Dataset Load] -> "Loading datasets from class Nodule"
DEBUG | 2026/05/30 07:23:37.173060 | [Dataset Load] -> "Loading datasets from class Pleural_Thickening"
DEBUG | 2026/05/30 07:23:37.176136 | [Dataset Load] -> "Loading datasets from class Pneumonia"
DEBUG | 2026/05/30 07:23:37.177586 | [Dataset Load] -> "Loading datasets from class Pneumothorax"
DEBUG | 2026/05/30 07:23:37.180126 | [Dataset Load] -> "Dynamically loaded 22921 datas"
DEBUG | 2026/05/30 07:33:46.545931 | [Dataset Load] -> "Loading datasets from data/train"
DEBUG | 2026/05/30 07:33:46.546487 | [Dataset Load] -> "Loading datasets from class Atelectasis"
DEBUG | 2026/05/30 07:33:46.559136 | [Dataset Load] -> "Loading datasets from class Cardiomegaly"
DEBUG | 2026/05/30 07:33:46.561614 | [Dataset Load] -> "Loading datasets from class Consolidation"
DEBUG | 2026/05/30 07:33:46.565505 | [Dataset Load] -> "Loading datasets from class Edema"
DEBUG | 2026/05/30 07:33:46.570939 | [Dataset Load] -> "Loading datasets from class Effusion"
DEBUG | 2026/05/30 07:33:46.576664 | [Dataset Load] -> "Loading datasets from class Emphysema"
DEBUG | 2026/05/30 07:33:46.578603 | [Dataset Load] -> "Loading datasets from class Fibrosis"
DEBUG | 2026/05/30 07:33:46.580906 | [Dataset Load] -> "Loading datasets from class Hernia"
DEBUG | 2026/05/30 07:33:46.581164 | [Dataset Load] -> "Loading datasets from class Infiltration"
DEBUG | 2026/05/30 07:33:46.587539 | [Dataset Load] -> "Loading datasets from class Mass"
DEBUG | 2026/05/30 07:33:46.593136 | [Dataset Load] -> "Loading datasets from class No Finding"
DEBUG | 2026/05/30 07:33:46.605471 | [Dataset Load] -> "Loading datasets from class Nodule"
DEBUG | 2026/05/30 07:33:46.609819 | [Dataset Load] -> "Loading datasets from class Pleural_Thickening"
DEBUG | 2026/05/30 07:33:46.612925 | [Dataset Load] -> "Loading datasets from class Pneumonia"
DEBUG | 2026/05/30 07:33:46.614325 | [Dataset Load] -> "Loading datasets from class Pneumothorax"
DEBUG | 2026/05/30 07:33:46.616919 | [Dataset Load] -> "Dynamically loaded 22921 datas"
DEBUG | 2026/05/30 07:43:55.201717 | [Dataset Load] -> "Loading datasets from data/train"
DEBUG | 2026/05/30 07:43:55.202264 | [Dataset Load] -> "Loading datasets from class Atelectasis"
DEBUG | 2026/05/30 07:43:55.214848 | [Dataset Load] -> "Loading datasets from class Cardiomegaly"
DEBUG | 2026/05/30 07:43:55.217372 | [Dataset Load] -> "Loading datasets from class Consolidation"
DEBUG | 2026/05/30 07:43:55.221165 | [Dataset Load] -> "Loading datasets from class Edema"
DEBUG | 2026/05/30 07:43:55.226774 | [Dataset Load] -> "Loading datasets from class Effusion"
DEBUG | 2026/05/30 07:43:55.232244 | [Dataset Load] -> "Loading datasets from class Emphysema"
DEBUG | 2026/05/30 07:43:55.234199 | [Dataset Load] -> "Loading datasets from class Fibrosis"
DEBUG | 2026/05/30 07:43:55.236503 | [Dataset Load] -> "Loading datasets from class Hernia"
DEBUG | 2026/05/30 07:43:55.236745 | [Dataset Load] -> "Loading datasets from class Infiltration"
DEBUG | 2026/05/30 07:43:55.243000 | [Dataset Load] -> "Loading datasets from class Mass"
DEBUG | 2026/05/30 07:43:55.248739 | [Dataset Load] -> "Loading datasets from class No Finding"
DEBUG | 2026/05/30 07:43:55.260782 | [Dataset Load] -> "Loading datasets from class Nodule"
DEBUG | 2026/05/30 07:43:55.265183 | [Dataset Load] -> "Loading datasets from class Pleural_Thickening"
DEBUG | 2026/05/30 07:43:55.268277 | [Dataset Load] -> "Loading datasets from class Pneumonia"
DEBUG | 2026/05/30 07:43:55.269721 | [Dataset Load] -> "Loading datasets from class Pneumothorax"
DEBUG | 2026/05/30 07:43:55.272262 | [Dataset Load] -> "Dynamically loaded 22921 datas"
DEBUG | 2026/05/30 07:54:05.330061 | [Dataset Load] -> "Loading datasets from data/train"
DEBUG | 2026/05/30 07:54:05.330668 | [Dataset Load] -> "Loading datasets from class Atelectasis"
DEBUG | 2026/05/30 07:54:05.343163 | [Dataset Load] -> "Loading datasets from class Cardiomegaly"
DEBUG | 2026/05/30 07:54:05.345956 | [Dataset Load] -> "Loading datasets from class Consolidation"
DEBUG | 2026/05/30 07:54:05.349984 | [Dataset Load] -> "Loading datasets from class Edema"
DEBUG | 2026/05/30 07:54:05.355238 | [Dataset Load] -> "Loading datasets from class Effusion"
DEBUG | 2026/05/30 07:54:05.360740 | [Dataset Load] -> "Loading datasets from class Emphysema"
DEBUG | 2026/05/30 07:54:05.362682 | [Dataset Load] -> "Loading datasets from class Fibrosis"
DEBUG | 2026/05/30 07:54:05.365002 | [Dataset Load] -> "Loading datasets from class Hernia"
DEBUG | 2026/05/30 07:54:05.365240 | [Dataset Load] -> "Loading datasets from class Infiltration"
DEBUG | 2026/05/30 07:54:05.371735 | [Dataset Load] -> "Loading datasets from class Mass"
DEBUG | 2026/05/30 07:54:05.377488 | [Dataset Load] -> "Loading datasets from class No Finding"
DEBUG | 2026/05/30 07:54:05.393368 | [Dataset Load] -> "Loading datasets from class Nodule"
DEBUG | 2026/05/30 07:54:05.398166 | [Dataset Load] -> "Loading datasets from class Pleural_Thickening"
DEBUG | 2026/05/30 07:54:05.400181 | [Dataset Load] -> "Loading datasets from class Pneumonia"
DEBUG | 2026/05/30 07:54:05.400903 | [Dataset Load] -> "Loading datasets from class Pneumothorax"
DEBUG | 2026/05/30 07:54:05.403920 | [Dataset Load] -> "Dynamically loaded 22921 datas"
DEBUG | 2026/05/30 08:04:16.501985 | [Dataset Load] -> "Loading datasets from data/train"
DEBUG | 2026/05/30 08:04:16.502507 | [Dataset Load] -> "Loading datasets from class Atelectasis"
DEBUG | 2026/05/30 08:04:16.514947 | [Dataset Load] -> "Loading datasets from class Cardiomegaly"
DEBUG | 2026/05/30 08:04:16.517663 | [Dataset Load] -> "Loading datasets from class Consolidation"
DEBUG | 2026/05/30 08:04:16.521570 | [Dataset Load] -> "Loading datasets from class Edema"
DEBUG | 2026/05/30 08:04:16.527064 | [Dataset Load] -> "Loading datasets from class Effusion"
DEBUG | 2026/05/30 08:04:16.532536 | [Dataset Load] -> "Loading datasets from class Emphysema"
DEBUG | 2026/05/30 08:04:16.534425 | [Dataset Load] -> "Loading datasets from class Fibrosis"
DEBUG | 2026/05/30 08:04:16.536719 | [Dataset Load] -> "Loading datasets from class Hernia"
DEBUG | 2026/05/30 08:04:16.536878 | [Dataset Load] -> "Loading datasets from class Infiltration"
DEBUG | 2026/05/30 08:04:16.543393 | [Dataset Load] -> "Loading datasets from class Mass"
DEBUG | 2026/05/30 08:04:16.549034 | [Dataset Load] -> "Loading datasets from class No Finding"
DEBUG | 2026/05/30 08:04:16.561133 | [Dataset Load] -> "Loading datasets from class Nodule"
DEBUG | 2026/05/30 08:04:16.565749 | [Dataset Load] -> "Loading datasets from class Pleural_Thickening"
DEBUG | 2026/05/30 08:04:16.568683 | [Dataset Load] -> "Loading datasets from class Pneumonia"
DEBUG | 2026/05/30 08:04:16.570071 | [Dataset Load] -> "Loading datasets from class Pneumothorax"
DEBUG | 2026/05/30 08:04:16.572589 | [Dataset Load] -> "Dynamically loaded 22921 datas"
DEBUG | 2026/05/30 08:14:27.045216 | [Dataset Load] -> "Loading datasets from data/train"
DEBUG | 2026/05/30 08:14:27.045700 | [Dataset Load] -> "Loading datasets from class Atelectasis"
DEBUG | 2026/05/30 08:14:27.057922 | [Dataset Load] -> "Loading datasets from class Cardiomegaly"
DEBUG | 2026/05/30 08:14:27.060438 | [Dataset Load] -> "Loading datasets from class Consolidation"
DEBUG | 2026/05/30 08:14:27.064288 | [Dataset Load] -> "Loading datasets from class Edema"
DEBUG | 2026/05/30 08:14:27.069705 | [Dataset Load] -> "Loading datasets from class Effusion"
DEBUG | 2026/05/30 08:14:27.075339 | [Dataset Load] -> "Loading datasets from class Emphysema"
DEBUG | 2026/05/30 08:14:27.077265 | [Dataset Load] -> "Loading datasets from class Fibrosis"
DEBUG | 2026/05/30 08:14:27.079555 | [Dataset Load] -> "Loading datasets from class Hernia"
DEBUG | 2026/05/30 08:14:27.079702 | [Dataset Load] -> "Loading datasets from class Infiltration"
DEBUG | 2026/05/30 08:14:27.085963 | [Dataset Load] -> "Loading datasets from class Mass"
DEBUG | 2026/05/30 08:14:27.091488 | [Dataset Load] -> "Loading datasets from class No Finding"
DEBUG | 2026/05/30 08:14:27.103730 | [Dataset Load] -> "Loading datasets from class Nodule"
DEBUG | 2026/05/30 08:14:27.108059 | [Dataset Load] -> "Loading datasets from class Pleural_Thickening"
DEBUG | 2026/05/30 08:14:27.111153 | [Dataset Load] -> "Loading datasets from class Pneumonia"
DEBUG | 2026/05/30 08:14:27.112571 | [Dataset Load] -> "Loading datasets from class Pneumothorax"
DEBUG | 2026/05/30 08:14:27.115180 | [Dataset Load] -> "Dynamically loaded 22921 datas"
DEBUG | 2026/05/30 08:24:39.559290 | [Dataset Load] -> "Loading datasets from data/train"
DEBUG | 2026/05/30 08:24:39.559899 | [Dataset Load] -> "Loading datasets from class Atelectasis"
DEBUG | 2026/05/30 08:24:39.572520 | [Dataset Load] -> "Loading datasets from class Cardiomegaly"
DEBUG | 2026/05/30 08:24:39.575006 | [Dataset Load] -> "Loading datasets from class Consolidation"
DEBUG | 2026/05/30 08:24:39.578904 | [Dataset Load] -> "Loading datasets from class Edema"
DEBUG | 2026/05/30 08:24:39.584502 | [Dataset Load] -> "Loading datasets from class Effusion"
DEBUG | 2026/05/30 08:24:39.590099 | [Dataset Load] -> "Loading datasets from class Emphysema"
DEBUG | 2026/05/30 08:24:39.592015 | [Dataset Load] -> "Loading datasets from class Fibrosis"
DEBUG | 2026/05/30 08:24:39.594312 | [Dataset Load] -> "Loading datasets from class Hernia"
DEBUG | 2026/05/30 08:24:39.594551 | [Dataset Load] -> "Loading datasets from class Infiltration"
DEBUG | 2026/05/30 08:24:39.600822 | [Dataset Load] -> "Loading datasets from class Mass"
DEBUG | 2026/05/30 08:24:39.606722 | [Dataset Load] -> "Loading datasets from class No Finding"
DEBUG | 2026/05/30 08:24:39.619022 | [Dataset Load] -> "Loading datasets from class Nodule"
DEBUG | 2026/05/30 08:24:39.623583 | [Dataset Load] -> "Loading datasets from class Pleural_Thickening"
DEBUG | 2026/05/30 08:24:39.626733 | [Dataset Load] -> "Loading datasets from class Pneumonia"
DEBUG | 2026/05/30 08:24:39.628201 | [Dataset Load] -> "Loading datasets from class Pneumothorax"
DEBUG | 2026/05/30 08:24:39.630805 | [Dataset Load] -> "Dynamically loaded 22921 datas"
DEBUG | 2026/05/30 08:34:51.785507 | [Dataset Load] -> "Loading datasets from data/train"
DEBUG | 2026/05/30 08:34:51.785931 | [Dataset Load] -> "Loading datasets from class Atelectasis"
DEBUG | 2026/05/30 08:34:51.787756 | [Dataset Load] -> "Loading datasets from class Cardiomegaly"
DEBUG | 2026/05/30 08:34:51.788363 | [Dataset Load] -> "Loading datasets from class Consolidation"
DEBUG | 2026/05/30 08:34:51.789212 | [Dataset Load] -> "Loading datasets from class Edema"
DEBUG | 2026/05/30 08:34:51.789912 | [Dataset Load] -> "Loading datasets from class Effusion"
DEBUG | 2026/05/30 08:34:51.790806 | [Dataset Load] -> "Loading datasets from class Emphysema"
DEBUG | 2026/05/30 08:34:51.791273 | [Dataset Load] -> "Loading datasets from class Fibrosis"
DEBUG | 2026/05/30 08:34:51.791570 | [Dataset Load] -> "Loading datasets from class Hernia"
DEBUG | 2026/05/30 08:34:51.791653 | [Dataset Load] -> "Loading datasets from class Infiltration"
DEBUG | 2026/05/30 08:34:51.792920 | [Dataset Load] -> "Loading datasets from class Mass"
DEBUG | 2026/05/30 08:34:51.793883 | [Dataset Load] -> "Loading datasets from class No Finding"
DEBUG | 2026/05/30 08:34:51.795313 | [Dataset Load] -> "Loading datasets from class Nodule"
DEBUG | 2026/05/30 08:34:51.796088 | [Dataset Load] -> "Loading datasets from class Pleural_Thickening"
DEBUG | 2026/05/30 08:34:51.796417 | [Dataset Load] -> "Loading datasets from class Pneumonia"
DEBUG | 2026/05/30 08:34:51.796538 | [Dataset Load] -> "Loading datasets from class Pneumothorax"
DEBUG | 2026/05/30 08:34:51.797177 | [Dataset Load] -> "Dynamically loaded 22921 datas"
DEBUG | 2026/05/30 08:45:05.833657 | [Dataset Load] -> "Loading datasets from data/train"
DEBUG | 2026/05/30 08:45:05.834348 | [Dataset Load] -> "Loading datasets from class Atelectasis"
DEBUG | 2026/05/30 08:45:05.847010 | [Dataset Load] -> "Loading datasets from class Cardiomegaly"
DEBUG | 2026/05/30 08:45:05.849614 | [Dataset Load] -> "Loading datasets from class Consolidation"
DEBUG | 2026/05/30 08:45:05.853405 | [Dataset Load] -> "Loading datasets from class Edema"
DEBUG | 2026/05/30 08:45:05.857648 | [Dataset Load] -> "Loading datasets from class Effusion"
DEBUG | 2026/05/30 08:45:05.863545 | [Dataset Load] -> "Loading datasets from class Emphysema"
DEBUG | 2026/05/30 08:45:05.865501 | [Dataset Load] -> "Loading datasets from class Fibrosis"
DEBUG | 2026/05/30 08:45:05.867809 | [Dataset Load] -> "Loading datasets from class Hernia"
DEBUG | 2026/05/30 08:45:05.867895 | [Dataset Load] -> "Loading datasets from class Infiltration"
DEBUG | 2026/05/30 08:45:05.874975 | [Dataset Load] -> "Loading datasets from class Mass"
DEBUG | 2026/05/30 08:45:05.880696 | [Dataset Load] -> "Loading datasets from class No Finding"
DEBUG | 2026/05/30 08:45:05.893077 | [Dataset Load] -> "Loading datasets from class Nodule"
DEBUG | 2026/05/30 08:45:05.897543 | [Dataset Load] -> "Loading datasets from class Pleural_Thickening"
DEBUG | 2026/05/30 08:45:05.900598 | [Dataset Load] -> "Loading datasets from class Pneumonia"
DEBUG | 2026/05/30 08:45:05.901969 | [Dataset Load] -> "Loading datasets from class Pneumothorax"
DEBUG | 2026/05/30 08:45:05.904582 | [Dataset Load] -> "Dynamically loaded 22921 datas"
DEBUG | 2026/05/30 08:55:16.141688 | [Dataset Load] -> "Loading datasets from data/train"
DEBUG | 2026/05/30 08:55:16.142217 | [Dataset Load] -> "Loading datasets from class Atelectasis"
DEBUG | 2026/05/30 08:55:16.154754 | [Dataset Load] -> "Loading datasets from class Cardiomegaly"
DEBUG | 2026/05/30 08:55:16.157242 | [Dataset Load] -> "Loading datasets from class Consolidation"
DEBUG | 2026/05/30 08:55:16.161188 | [Dataset Load] -> "Loading datasets from class Edema"
DEBUG | 2026/05/30 08:55:16.166706 | [Dataset Load] -> "Loading datasets from class Effusion"
DEBUG | 2026/05/30 08:55:16.172960 | [Dataset Load] -> "Loading datasets from class Emphysema"
DEBUG | 2026/05/30 08:55:16.174974 | [Dataset Load] -> "Loading datasets from class Fibrosis"
DEBUG | 2026/05/30 08:55:16.177330 | [Dataset Load] -> "Loading datasets from class Hernia"
DEBUG | 2026/05/30 08:55:16.177605 | [Dataset Load] -> "Loading datasets from class Infiltration"
DEBUG | 2026/05/30 08:55:16.183934 | [Dataset Load] -> "Loading datasets from class Mass"
DEBUG | 2026/05/30 08:55:16.189693 | [Dataset Load] -> "Loading datasets from class No Finding"
DEBUG | 2026/05/30 08:55:16.201890 | [Dataset Load] -> "Loading datasets from class Nodule"
DEBUG | 2026/05/30 08:55:16.206329 | [Dataset Load] -> "Loading datasets from class Pleural_Thickening"
DEBUG | 2026/05/30 08:55:16.209482 | [Dataset Load] -> "Loading datasets from class Pneumonia"
DEBUG | 2026/05/30 08:55:16.210821 | [Dataset Load] -> "Loading datasets from class Pneumothorax"
DEBUG | 2026/05/30 08:55:16.213345 | [Dataset Load] -> "Dynamically loaded 22921 datas"
DEBUG | 2026/05/30 09:05:28.393146 | [Dataset Load] -> "Loading datasets from data/train"
DEBUG | 2026/05/30 09:05:28.393848 | [Dataset Load] -> "Loading datasets from class Atelectasis"
DEBUG | 2026/05/30 09:05:28.406503 | [Dataset Load] -> "Loading datasets from class Cardiomegaly"
DEBUG | 2026/05/30 09:05:28.408968 | [Dataset Load] -> "Loading datasets from class Consolidation"
DEBUG | 2026/05/30 09:05:28.412905 | [Dataset Load] -> "Loading datasets from class Edema"
DEBUG | 2026/05/30 09:05:28.418273 | [Dataset Load] -> "Loading datasets from class Effusion"
DEBUG | 2026/05/30 09:05:28.424064 | [Dataset Load] -> "Loading datasets from class Emphysema"
DEBUG | 2026/05/30 09:05:28.426054 | [Dataset Load] -> "Loading datasets from class Fibrosis"
DEBUG | 2026/05/30 09:05:28.428411 | [Dataset Load] -> "Loading datasets from class Hernia"
DEBUG | 2026/05/30 09:05:28.428682 | [Dataset Load] -> "Loading datasets from class Infiltration"
DEBUG | 2026/05/30 09:05:28.435222 | [Dataset Load] -> "Loading datasets from class Mass"
DEBUG | 2026/05/30 09:05:28.440871 | [Dataset Load] -> "Loading datasets from class No Finding"
DEBUG | 2026/05/30 09:05:28.453267 | [Dataset Load] -> "Loading datasets from class Nodule"
DEBUG | 2026/05/30 09:05:28.457691 | [Dataset Load] -> "Loading datasets from class Pleural_Thickening"
DEBUG | 2026/05/30 09:05:28.460794 | [Dataset Load] -> "Loading datasets from class Pneumonia"
DEBUG | 2026/05/30 09:05:28.462157 | [Dataset Load] -> "Loading datasets from class Pneumothorax"
DEBUG | 2026/05/30 09:05:28.464977 | [Dataset Load] -> "Dynamically loaded 22921 datas"
DEBUG | 2026/05/30 09:15:40.599160 | [Dataset Load] -> "Loading datasets from data/train"
DEBUG | 2026/05/30 09:15:40.599800 | [Dataset Load] -> "Loading datasets from class Atelectasis"
DEBUG | 2026/05/30 09:15:40.613172 | [Dataset Load] -> "Loading datasets from class Cardiomegaly"
DEBUG | 2026/05/30 09:15:40.615722 | [Dataset Load] -> "Loading datasets from class Consolidation"
DEBUG | 2026/05/30 09:15:40.619715 | [Dataset Load] -> "Loading datasets from class Edema"
DEBUG | 2026/05/30 09:15:40.625309 | [Dataset Load] -> "Loading datasets from class Effusion"
DEBUG | 2026/05/30 09:15:40.631100 | [Dataset Load] -> "Loading datasets from class Emphysema"
DEBUG | 2026/05/30 09:15:40.633150 | [Dataset Load] -> "Loading datasets from class Fibrosis"
DEBUG | 2026/05/30 09:15:40.635482 | [Dataset Load] -> "Loading datasets from class Hernia"
DEBUG | 2026/05/30 09:15:40.635748 | [Dataset Load] -> "Loading datasets from class Infiltration"
DEBUG | 2026/05/30 09:15:40.642128 | [Dataset Load] -> "Loading datasets from class Mass"
DEBUG | 2026/05/30 09:15:40.647997 | [Dataset Load] -> "Loading datasets from class No Finding"
DEBUG | 2026/05/30 09:15:40.659084 | [Dataset Load] -> "Loading datasets from class Nodule"
DEBUG | 2026/05/30 09:15:40.663475 | [Dataset Load] -> "Loading datasets from class Pleural_Thickening"
DEBUG | 2026/05/30 09:15:40.666663 | [Dataset Load] -> "Loading datasets from class Pneumonia"
DEBUG | 2026/05/30 09:15:40.668033 | [Dataset Load] -> "Loading datasets from class Pneumothorax"
DEBUG | 2026/05/30 09:15:40.670608 | [Dataset Load] -> "Dynamically loaded 22921 datas"
DEBUG | 2026/05/30 09:25:51.463771 | [Dataset Load] -> "Loading datasets from data/train"
DEBUG | 2026/05/30 09:25:51.464394 | [Dataset Load] -> "Loading datasets from class Atelectasis"
DEBUG | 2026/05/30 09:25:51.476998 | [Dataset Load] -> "Loading datasets from class Cardiomegaly"
DEBUG | 2026/05/30 09:25:51.479821 | [Dataset Load] -> "Loading datasets from class Consolidation"
DEBUG | 2026/05/30 09:25:51.483881 | [Dataset Load] -> "Loading datasets from class Edema"
DEBUG | 2026/05/30 09:25:51.489148 | [Dataset Load] -> "Loading datasets from class Effusion"
DEBUG | 2026/05/30 09:25:51.494728 | [Dataset Load] -> "Loading datasets from class Emphysema"
DEBUG | 2026/05/30 09:25:51.496642 | [Dataset Load] -> "Loading datasets from class Fibrosis"
DEBUG | 2026/05/30 09:25:51.498980 | [Dataset Load] -> "Loading datasets from class Hernia"
DEBUG | 2026/05/30 09:25:51.499266 | [Dataset Load] -> "Loading datasets from class Infiltration"
DEBUG | 2026/05/30 09:25:51.505815 | [Dataset Load] -> "Loading datasets from class Mass"
DEBUG | 2026/05/30 09:25:51.511588 | [Dataset Load] -> "Loading datasets from class No Finding"
DEBUG | 2026/05/30 09:25:51.523662 | [Dataset Load] -> "Loading datasets from class Nodule"
DEBUG | 2026/05/30 09:25:51.528185 | [Dataset Load] -> "Loading datasets from class Pleural_Thickening"
DEBUG | 2026/05/30 09:25:51.531361 | [Dataset Load] -> "Loading datasets from class Pneumonia"
DEBUG | 2026/05/30 09:25:51.532733 | [Dataset Load] -> "Loading datasets from class Pneumothorax"
DEBUG | 2026/05/30 09:25:51.535365 | [Dataset Load] -> "Dynamically loaded 22921 datas"
DEBUG | 2026/05/30 09:36:02.683111 | [Dataset Load] -> "Loading datasets from data/train"
DEBUG | 2026/05/30 09:36:02.683694 | [Dataset Load] -> "Loading datasets from class Atelectasis"
DEBUG | 2026/05/30 09:36:02.696455 | [Dataset Load] -> "Loading datasets from class Cardiomegaly"
DEBUG | 2026/05/30 09:36:02.699284 | [Dataset Load] -> "Loading datasets from class Consolidation"
DEBUG | 2026/05/30 09:36:02.704166 | [Dataset Load] -> "Loading datasets from class Edema"
DEBUG | 2026/05/30 09:36:02.709802 | [Dataset Load] -> "Loading datasets from class Effusion"
DEBUG | 2026/05/30 09:36:02.715981 | [Dataset Load] -> "Loading datasets from class Emphysema"
DEBUG | 2026/05/30 09:36:02.718407 | [Dataset Load] -> "Loading datasets from class Fibrosis"
DEBUG | 2026/05/30 09:36:02.720981 | [Dataset Load] -> "Loading datasets from class Hernia"
DEBUG | 2026/05/30 09:36:02.721259 | [Dataset Load] -> "Loading datasets from class Infiltration"
DEBUG | 2026/05/30 09:36:02.729132 | [Dataset Load] -> "Loading datasets from class Mass"
DEBUG | 2026/05/30 09:36:02.735978 | [Dataset Load] -> "Loading datasets from class No Finding"
DEBUG | 2026/05/30 09:36:02.749084 | [Dataset Load] -> "Loading datasets from class Nodule"
DEBUG | 2026/05/30 09:36:02.754334 | [Dataset Load] -> "Loading datasets from class Pleural_Thickening"
DEBUG | 2026/05/30 09:36:02.757699 | [Dataset Load] -> "Loading datasets from class Pneumonia"
DEBUG | 2026/05/30 09:36:02.759132 | [Dataset Load] -> "Loading datasets from class Pneumothorax"
DEBUG | 2026/05/30 09:36:02.762348 | [Dataset Load] -> "Dynamically loaded 22921 datas"
DEBUG | 2026/05/30 09:46:13.628675 | [Dataset Load] -> "Loading datasets from data/train"
DEBUG | 2026/05/30 09:46:13.629287 | [Dataset Load] -> "Loading datasets from class Atelectasis"
DEBUG | 2026/05/30 09:46:13.641875 | [Dataset Load] -> "Loading datasets from class Cardiomegaly"
DEBUG | 2026/05/30 09:46:13.644563 | [Dataset Load] -> "Loading datasets from class Consolidation"
DEBUG | 2026/05/30 09:46:13.648495 | [Dataset Load] -> "Loading datasets from class Edema"
DEBUG | 2026/05/30 09:46:13.653727 | [Dataset Load] -> "Loading datasets from class Effusion"
DEBUG | 2026/05/30 09:46:13.659363 | [Dataset Load] -> "Loading datasets from class Emphysema"
DEBUG | 2026/05/30 09:46:13.661256 | [Dataset Load] -> "Loading datasets from class Fibrosis"
DEBUG | 2026/05/30 09:46:13.663553 | [Dataset Load] -> "Loading datasets from class Hernia"
DEBUG | 2026/05/30 09:46:13.663793 | [Dataset Load] -> "Loading datasets from class Infiltration"
DEBUG | 2026/05/30 09:46:13.670185 | [Dataset Load] -> "Loading datasets from class Mass"
DEBUG | 2026/05/30 09:46:13.675784 | [Dataset Load] -> "Loading datasets from class No Finding"
DEBUG | 2026/05/30 09:46:13.687966 | [Dataset Load] -> "Loading datasets from class Nodule"
DEBUG | 2026/05/30 09:46:13.692404 | [Dataset Load] -> "Loading datasets from class Pleural_Thickening"
DEBUG | 2026/05/30 09:46:13.695541 | [Dataset Load] -> "Loading datasets from class Pneumonia"
DEBUG | 2026/05/30 09:46:13.696976 | [Dataset Load] -> "Loading datasets from class Pneumothorax"
DEBUG | 2026/05/30 09:46:13.699566 | [Dataset Load] -> "Dynamically loaded 22921 datas"
DEBUG | 2026/05/30 09:56:24.803421 | [Dataset Load] -> "Loading datasets from data/train"
DEBUG | 2026/05/30 09:56:24.804015 | [Dataset Load] -> "Loading datasets from class Atelectasis"
DEBUG | 2026/05/30 09:56:24.816801 | [Dataset Load] -> "Loading datasets from class Cardiomegaly"
DEBUG | 2026/05/30 09:56:24.819237 | [Dataset Load] -> "Loading datasets from class Consolidation"
DEBUG | 2026/05/30 09:56:24.823101 | [Dataset Load] -> "Loading datasets from class Edema"
DEBUG | 2026/05/30 09:56:24.828421 | [Dataset Load] -> "Loading datasets from class Effusion"
DEBUG | 2026/05/30 09:56:24.834053 | [Dataset Load] -> "Loading datasets from class Emphysema"
DEBUG | 2026/05/30 09:56:24.836528 | [Dataset Load] -> "Loading datasets from class Fibrosis"
DEBUG | 2026/05/30 09:56:24.838845 | [Dataset Load] -> "Loading datasets from class Hernia"
DEBUG | 2026/05/30 09:56:24.839090 | [Dataset Load] -> "Loading datasets from class Infiltration"
DEBUG | 2026/05/30 09:56:24.845409 | [Dataset Load] -> "Loading datasets from class Mass"
DEBUG | 2026/05/30 09:56:24.851234 | [Dataset Load] -> "Loading datasets from class No Finding"
DEBUG | 2026/05/30 09:56:24.863286 | [Dataset Load] -> "Loading datasets from class Nodule"
DEBUG | 2026/05/30 09:56:24.867644 | [Dataset Load] -> "Loading datasets from class Pleural_Thickening"
DEBUG | 2026/05/30 09:56:24.870608 | [Dataset Load] -> "Loading datasets from class Pneumonia"
DEBUG | 2026/05/30 09:56:24.871957 | [Dataset Load] -> "Loading datasets from class Pneumothorax"
DEBUG | 2026/05/30 09:56:24.874490 | [Dataset Load] -> "Dynamically loaded 22921 datas"
DEBUG | 2026/05/30 10:06:43.621184 | [Dataset Load] -> "Loading datasets from data/train"
DEBUG | 2026/05/30 10:06:43.621774 | [Dataset Load] -> "Loading datasets from class Atelectasis"
DEBUG | 2026/05/30 10:06:43.638809 | [Dataset Load] -> "Loading datasets from class Cardiomegaly"
DEBUG | 2026/05/30 10:06:43.641277 | [Dataset Load] -> "Loading datasets from class Consolidation"
DEBUG | 2026/05/30 10:06:43.645661 | [Dataset Load] -> "Loading datasets from class Edema"
DEBUG | 2026/05/30 10:06:43.651740 | [Dataset Load] -> "Loading datasets from class Effusion"
DEBUG | 2026/05/30 10:06:43.659485 | [Dataset Load] -> "Loading datasets from class Emphysema"
DEBUG | 2026/05/30 10:06:43.665775 | [Dataset Load] -> "Loading datasets from class Fibrosis"
DEBUG | 2026/05/30 10:06:43.672447 | [Dataset Load] -> "Loading datasets from class Hernia"
DEBUG | 2026/05/30 10:06:43.673306 | [Dataset Load] -> "Loading datasets from class Infiltration"
DEBUG | 2026/05/30 10:06:43.685303 | [Dataset Load] -> "Loading datasets from class Mass"
DEBUG | 2026/05/30 10:06:43.691366 | [Dataset Load] -> "Loading datasets from class No Finding"
DEBUG | 2026/05/30 10:06:43.703050 | [Dataset Load] -> "Loading datasets from class Nodule"
DEBUG | 2026/05/30 10:06:43.707661 | [Dataset Load] -> "Loading datasets from class Pleural_Thickening"
DEBUG | 2026/05/30 10:06:43.710934 | [Dataset Load] -> "Loading datasets from class Pneumonia"
DEBUG | 2026/05/30 10:06:43.712301 | [Dataset Load] -> "Loading datasets from class Pneumothorax"
DEBUG | 2026/05/30 10:06:43.715383 | [Dataset Load] -> "Dynamically loaded 22921 datas"
DEBUG | 2026/05/30 10:16:54.358914 | [Dataset Load] -> "Loading datasets from data/train"
DEBUG | 2026/05/30 10:16:54.359474 | [Dataset Load] -> "Loading datasets from class Atelectasis"
DEBUG | 2026/05/30 10:16:54.371976 | [Dataset Load] -> "Loading datasets from class Cardiomegaly"
DEBUG | 2026/05/30 10:16:54.374629 | [Dataset Load] -> "Loading datasets from class Consolidation"
DEBUG | 2026/05/30 10:16:54.378595 | [Dataset Load] -> "Loading datasets from class Edema"
DEBUG | 2026/05/30 10:16:54.383932 | [Dataset Load] -> "Loading datasets from class Effusion"
DEBUG | 2026/05/30 10:16:54.389333 | [Dataset Load] -> "Loading datasets from class Emphysema"
DEBUG | 2026/05/30 10:16:54.391216 | [Dataset Load] -> "Loading datasets from class Fibrosis"
DEBUG | 2026/05/30 10:16:54.393505 | [Dataset Load] -> "Loading datasets from class Hernia"
DEBUG | 2026/05/30 10:16:54.393664 | [Dataset Load] -> "Loading datasets from class Infiltration"
DEBUG | 2026/05/30 10:16:54.400122 | [Dataset Load] -> "Loading datasets from class Mass"
DEBUG | 2026/05/30 10:16:54.405682 | [Dataset Load] -> "Loading datasets from class No Finding"
DEBUG | 2026/05/30 10:16:54.417720 | [Dataset Load] -> "Loading datasets from class Nodule"
DEBUG | 2026/05/30 10:16:54.422282 | [Dataset Load] -> "Loading datasets from class Pleural_Thickening"
DEBUG | 2026/05/30 10:16:54.425391 | [Dataset Load] -> "Loading datasets from class Pneumonia"
DEBUG | 2026/05/30 10:16:54.426818 | [Dataset Load] -> "Loading datasets from class Pneumothorax"
DEBUG | 2026/05/30 10:16:54.429420 | [Dataset Load] -> "Dynamically loaded 22921 datas"
DEBUG | 2026/05/30 10:27:04.719861 | [Dataset Load] -> "Loading datasets from data/train"
DEBUG | 2026/05/30 10:27:04.720388 | [Dataset Load] -> "Loading datasets from class Atelectasis"
DEBUG | 2026/05/30 10:27:04.732928 | [Dataset Load] -> "Loading datasets from class Cardiomegaly"
DEBUG | 2026/05/30 10:27:04.735553 | [Dataset Load] -> "Loading datasets from class Consolidation"
DEBUG | 2026/05/30 10:27:04.739455 | [Dataset Load] -> "Loading datasets from class Edema"
DEBUG | 2026/05/30 10:27:04.744787 | [Dataset Load] -> "Loading datasets from class Effusion"
DEBUG | 2026/05/30 10:27:04.750313 | [Dataset Load] -> "Loading datasets from class Emphysema"
DEBUG | 2026/05/30 10:27:04.752198 | [Dataset Load] -> "Loading datasets from class Fibrosis"
DEBUG | 2026/05/30 10:27:04.754469 | [Dataset Load] -> "Loading datasets from class Hernia"
DEBUG | 2026/05/30 10:27:04.754706 | [Dataset Load] -> "Loading datasets from class Infiltration"
DEBUG | 2026/05/30 10:27:04.761073 | [Dataset Load] -> "Loading datasets from class Mass"
DEBUG | 2026/05/30 10:27:04.766659 | [Dataset Load] -> "Loading datasets from class No Finding"
DEBUG | 2026/05/30 10:27:04.778734 | [Dataset Load] -> "Loading datasets from class Nodule"
DEBUG | 2026/05/30 10:27:04.783214 | [Dataset Load] -> "Loading datasets from class Pleural_Thickening"
DEBUG | 2026/05/30 10:27:04.786228 | [Dataset Load] -> "Loading datasets from class Pneumonia"
DEBUG | 2026/05/30 10:27:04.787632 | [Dataset Load] -> "Loading datasets from class Pneumothorax"
DEBUG | 2026/05/30 10:27:04.790138 | [Dataset Load] -> "Dynamically loaded 22921 datas"
DEBUG | 2026/05/30 10:37:14.706308 | [Dataset Load] -> "Loading datasets from data/train"
DEBUG | 2026/05/30 10:37:14.706848 | [Dataset Load] -> "Loading datasets from class Atelectasis"
DEBUG | 2026/05/30 10:37:14.719071 | [Dataset Load] -> "Loading datasets from class Cardiomegaly"
DEBUG | 2026/05/30 10:37:14.721914 | [Dataset Load] -> "Loading datasets from class Consolidation"
DEBUG | 2026/05/30 10:37:14.726056 | [Dataset Load] -> "Loading datasets from class Edema"
DEBUG | 2026/05/30 10:37:14.731484 | [Dataset Load] -> "Loading datasets from class Effusion"
DEBUG | 2026/05/30 10:37:14.737354 | [Dataset Load] -> "Loading datasets from class Emphysema"
DEBUG | 2026/05/30 10:37:14.739403 | [Dataset Load] -> "Loading datasets from class Fibrosis"
DEBUG | 2026/05/30 10:37:14.741695 | [Dataset Load] -> "Loading datasets from class Hernia"
DEBUG | 2026/05/30 10:37:14.741937 | [Dataset Load] -> "Loading datasets from class Infiltration"
DEBUG | 2026/05/30 10:37:14.748262 | [Dataset Load] -> "Loading datasets from class Mass"
DEBUG | 2026/05/30 10:37:14.753893 | [Dataset Load] -> "Loading datasets from class No Finding"
DEBUG | 2026/05/30 10:37:14.765955 | [Dataset Load] -> "Loading datasets from class Nodule"
DEBUG | 2026/05/30 10:37:14.770390 | [Dataset Load] -> "Loading datasets from class Pleural_Thickening"
DEBUG | 2026/05/30 10:37:14.773405 | [Dataset Load] -> "Loading datasets from class Pneumonia"
DEBUG | 2026/05/30 10:37:14.774805 | [Dataset Load] -> "Loading datasets from class Pneumothorax"
DEBUG | 2026/05/30 10:37:14.777323 | [Dataset Load] -> "Dynamically loaded 22921 datas"
DEBUG | 2026/05/30 10:47:24.509854 | [Dataset Load] -> "Loading datasets from data/train"
DEBUG | 2026/05/30 10:47:24.510461 | [Dataset Load] -> "Loading datasets from class Atelectasis"
DEBUG | 2026/05/30 10:47:24.523089 | [Dataset Load] -> "Loading datasets from class Cardiomegaly"
DEBUG | 2026/05/30 10:47:24.525526 | [Dataset Load] -> "Loading datasets from class Consolidation"
DEBUG | 2026/05/30 10:47:24.529322 | [Dataset Load] -> "Loading datasets from class Edema"
DEBUG | 2026/05/30 10:47:24.534838 | [Dataset Load] -> "Loading datasets from class Effusion"
DEBUG | 2026/05/30 10:47:24.540371 | [Dataset Load] -> "Loading datasets from class Emphysema"
DEBUG | 2026/05/30 10:47:24.542289 | [Dataset Load] -> "Loading datasets from class Fibrosis"
DEBUG | 2026/05/30 10:47:24.544619 | [Dataset Load] -> "Loading datasets from class Hernia"
DEBUG | 2026/05/30 10:47:24.544907 | [Dataset Load] -> "Loading datasets from class Infiltration"
DEBUG | 2026/05/30 10:47:24.551185 | [Dataset Load] -> "Loading datasets from class Mass"
DEBUG | 2026/05/30 10:47:24.557060 | [Dataset Load] -> "Loading datasets from class No Finding"
DEBUG | 2026/05/30 10:47:24.569038 | [Dataset Load] -> "Loading datasets from class Nodule"
DEBUG | 2026/05/30 10:47:24.573521 | [Dataset Load] -> "Loading datasets from class Pleural_Thickening"
DEBUG | 2026/05/30 10:47:24.576606 | [Dataset Load] -> "Loading datasets from class Pneumonia"
DEBUG | 2026/05/30 10:47:24.577957 | [Dataset Load] -> "Loading datasets from class Pneumothorax"
DEBUG | 2026/05/30 10:47:24.580460 | [Dataset Load] -> "Dynamically loaded 22921 datas"
DEBUG | 2026/05/30 10:57:34.951421 | [Dataset Load] -> "Loading datasets from data/train"
DEBUG | 2026/05/30 10:57:34.951989 | [Dataset Load] -> "Loading datasets from class Atelectasis"
DEBUG | 2026/05/30 10:57:34.964472 | [Dataset Load] -> "Loading datasets from class Cardiomegaly"
DEBUG | 2026/05/30 10:57:34.967044 | [Dataset Load] -> "Loading datasets from class Consolidation"
DEBUG | 2026/05/30 10:57:34.970888 | [Dataset Load] -> "Loading datasets from class Edema"
DEBUG | 2026/05/30 10:57:34.976228 | [Dataset Load] -> "Loading datasets from class Effusion"
DEBUG | 2026/05/30 10:57:34.981650 | [Dataset Load] -> "Loading datasets from class Emphysema"
DEBUG | 2026/05/30 10:57:34.983517 | [Dataset Load] -> "Loading datasets from class Fibrosis"
DEBUG | 2026/05/30 10:57:34.985818 | [Dataset Load] -> "Loading datasets from class Hernia"
DEBUG | 2026/05/30 10:57:34.986065 | [Dataset Load] -> "Loading datasets from class Infiltration"
DEBUG | 2026/05/30 10:57:34.992523 | [Dataset Load] -> "Loading datasets from class Mass"
DEBUG | 2026/05/30 10:57:34.998130 | [Dataset Load] -> "Loading datasets from class No Finding"
DEBUG | 2026/05/30 10:57:35.010121 | [Dataset Load] -> "Loading datasets from class Nodule"
DEBUG | 2026/05/30 10:57:35.014708 | [Dataset Load] -> "Loading datasets from class Pleural_Thickening"
DEBUG | 2026/05/30 10:57:35.017830 | [Dataset Load] -> "Loading datasets from class Pneumonia"
DEBUG | 2026/05/30 10:57:35.019179 | [Dataset Load] -> "Loading datasets from class Pneumothorax"
DEBUG | 2026/05/30 10:57:35.021718 | [Dataset Load] -> "Dynamically loaded 22921 datas"
DEBUG | 2026/05/30 11:07:45.057684 | [Dataset Load] -> "Loading datasets from data/train"
DEBUG | 2026/05/30 11:07:45.058294 | [Dataset Load] -> "Loading datasets from class Atelectasis"
DEBUG | 2026/05/30 11:07:45.070535 | [Dataset Load] -> "Loading datasets from class Cardiomegaly"
DEBUG | 2026/05/30 11:07:45.073100 | [Dataset Load] -> "Loading datasets from class Consolidation"
DEBUG | 2026/05/30 11:07:45.077032 | [Dataset Load] -> "Loading datasets from class Edema"
DEBUG | 2026/05/30 11:07:45.082446 | [Dataset Load] -> "Loading datasets from class Effusion"
DEBUG | 2026/05/30 11:07:45.087929 | [Dataset Load] -> "Loading datasets from class Emphysema"
DEBUG | 2026/05/30 11:07:45.089871 | [Dataset Load] -> "Loading datasets from class Fibrosis"
DEBUG | 2026/05/30 11:07:45.092170 | [Dataset Load] -> "Loading datasets from class Hernia"
DEBUG | 2026/05/30 11:07:45.092409 | [Dataset Load] -> "Loading datasets from class Infiltration"
DEBUG | 2026/05/30 11:07:45.098903 | [Dataset Load] -> "Loading datasets from class Mass"
DEBUG | 2026/05/30 11:07:45.104595 | [Dataset Load] -> "Loading datasets from class No Finding"
DEBUG | 2026/05/30 11:07:45.116475 | [Dataset Load] -> "Loading datasets from class Nodule"
DEBUG | 2026/05/30 11:07:45.121048 | [Dataset Load] -> "Loading datasets from class Pleural_Thickening"
DEBUG | 2026/05/30 11:07:45.124066 | [Dataset Load] -> "Loading datasets from class Pneumonia"
DEBUG | 2026/05/30 11:07:45.125431 | [Dataset Load] -> "Loading datasets from class Pneumothorax"
DEBUG | 2026/05/30 11:07:45.128054 | [Dataset Load] -> "Dynamically loaded 22921 datas"
DEBUG | 2026/05/30 11:17:55.311228 | [Dataset Load] -> "Loading datasets from data/train"
DEBUG | 2026/05/30 11:17:55.311744 | [Dataset Load] -> "Loading datasets from class Atelectasis"
DEBUG | 2026/05/30 11:17:55.324159 | [Dataset Load] -> "Loading datasets from class Cardiomegaly"
DEBUG | 2026/05/30 11:17:55.326850 | [Dataset Load] -> "Loading datasets from class Consolidation"
DEBUG | 2026/05/30 11:17:55.330827 | [Dataset Load] -> "Loading datasets from class Edema"
DEBUG | 2026/05/30 11:17:55.336317 | [Dataset Load] -> "Loading datasets from class Effusion"
DEBUG | 2026/05/30 11:17:55.341965 | [Dataset Load] -> "Loading datasets from class Emphysema"
DEBUG | 2026/05/30 11:17:55.343861 | [Dataset Load] -> "Loading datasets from class Fibrosis"
DEBUG | 2026/05/30 11:17:55.346155 | [Dataset Load] -> "Loading datasets from class Hernia"
DEBUG | 2026/05/30 11:17:55.346399 | [Dataset Load] -> "Loading datasets from class Infiltration"
DEBUG | 2026/05/30 11:17:55.352724 | [Dataset Load] -> "Loading datasets from class Mass"
DEBUG | 2026/05/30 11:17:55.358377 | [Dataset Load] -> "Loading datasets from class No Finding"
DEBUG | 2026/05/30 11:17:55.370443 | [Dataset Load] -> "Loading datasets from class Nodule"
DEBUG | 2026/05/30 11:17:55.374733 | [Dataset Load] -> "Loading datasets from class Pleural_Thickening"
DEBUG | 2026/05/30 11:17:55.377720 | [Dataset Load] -> "Loading datasets from class Pneumonia"
DEBUG | 2026/05/30 11:17:55.379069 | [Dataset Load] -> "Loading datasets from class Pneumothorax"
DEBUG | 2026/05/30 11:17:55.381582 | [Dataset Load] -> "Dynamically loaded 22921 datas"
DEBUG | 2026/05/30 11:28:05.324353 | [Dataset Load] -> "Loading datasets from data/train"
DEBUG | 2026/05/30 11:28:05.324905 | [Dataset Load] -> "Loading datasets from class Atelectasis"
DEBUG | 2026/05/30 11:28:05.337318 | [Dataset Load] -> "Loading datasets from class Cardiomegaly"
DEBUG | 2026/05/30 11:28:05.339798 | [Dataset Load] -> "Loading datasets from class Consolidation"
DEBUG | 2026/05/30 11:28:05.343659 | [Dataset Load] -> "Loading datasets from class Edema"
DEBUG | 2026/05/30 11:28:05.349212 | [Dataset Load] -> "Loading datasets from class Effusion"
DEBUG | 2026/05/30 11:28:05.354846 | [Dataset Load] -> "Loading datasets from class Emphysema"
DEBUG | 2026/05/30 11:28:05.356721 | [Dataset Load] -> "Loading datasets from class Fibrosis"
DEBUG | 2026/05/30 11:28:05.359023 | [Dataset Load] -> "Loading datasets from class Hernia"
DEBUG | 2026/05/30 11:28:05.359300 | [Dataset Load] -> "Loading datasets from class Infiltration"
DEBUG | 2026/05/30 11:28:05.365569 | [Dataset Load] -> "Loading datasets from class Mass"
DEBUG | 2026/05/30 11:28:05.371312 | [Dataset Load] -> "Loading datasets from class No Finding"
DEBUG | 2026/05/30 11:28:05.383113 | [Dataset Load] -> "Loading datasets from class Nodule"
DEBUG | 2026/05/30 11:28:05.387565 | [Dataset Load] -> "Loading datasets from class Pleural_Thickening"
DEBUG | 2026/05/30 11:28:05.390606 | [Dataset Load] -> "Loading datasets from class Pneumonia"
DEBUG | 2026/05/30 11:28:05.391958 | [Dataset Load] -> "Loading datasets from class Pneumothorax"
DEBUG | 2026/05/30 11:28:05.394493 | [Dataset Load] -> "Dynamically loaded 22921 datas"
DEBUG | 2026/05/30 11:38:14.007429 | [Dataset Load] -> "Loading datasets from data/train"
DEBUG | 2026/05/30 11:38:14.007957 | [Dataset Load] -> "Loading datasets from class Atelectasis"
DEBUG | 2026/05/30 11:38:14.020356 | [Dataset Load] -> "Loading datasets from class Cardiomegaly"
DEBUG | 2026/05/30 11:38:14.023133 | [Dataset Load] -> "Loading datasets from class Consolidation"
DEBUG | 2026/05/30 11:38:14.027254 | [Dataset Load] -> "Loading datasets from class Edema"
DEBUG | 2026/05/30 11:38:14.033038 | [Dataset Load] -> "Loading datasets from class Effusion"
DEBUG | 2026/05/30 11:38:14.038899 | [Dataset Load] -> "Loading datasets from class Emphysema"
DEBUG | 2026/05/30 11:38:14.041007 | [Dataset Load] -> "Loading datasets from class Fibrosis"
DEBUG | 2026/05/30 11:38:14.043383 | [Dataset Load] -> "Loading datasets from class Hernia"
DEBUG | 2026/05/30 11:38:14.043691 | [Dataset Load] -> "Loading datasets from class Infiltration"
DEBUG | 2026/05/30 11:38:14.050087 | [Dataset Load] -> "Loading datasets from class Mass"
DEBUG | 2026/05/30 11:38:14.056105 | [Dataset Load] -> "Loading datasets from class No Finding"
DEBUG | 2026/05/30 11:38:14.068178 | [Dataset Load] -> "Loading datasets from class Nodule"
DEBUG | 2026/05/30 11:38:14.072674 | [Dataset Load] -> "Loading datasets from class Pleural_Thickening"
DEBUG | 2026/05/30 11:38:14.075780 | [Dataset Load] -> "Loading datasets from class Pneumonia"
DEBUG | 2026/05/30 11:38:14.077282 | [Dataset Load] -> "Loading datasets from class Pneumothorax"
DEBUG | 2026/05/30 11:38:14.079854 | [Dataset Load] -> "Dynamically loaded 22921 datas"
DEBUG | 2026/05/30 11:48:24.785510 | [Dataset Load] -> "Loading datasets from data/train"
DEBUG | 2026/05/30 11:48:24.786073 | [Dataset Load] -> "Loading datasets from class Atelectasis"
DEBUG | 2026/05/30 11:48:24.798790 | [Dataset Load] -> "Loading datasets from class Cardiomegaly"
DEBUG | 2026/05/30 11:48:24.801325 | [Dataset Load] -> "Loading datasets from class Consolidation"
DEBUG | 2026/05/30 11:48:24.805183 | [Dataset Load] -> "Loading datasets from class Edema"
DEBUG | 2026/05/30 11:48:24.810529 | [Dataset Load] -> "Loading datasets from class Effusion"
DEBUG | 2026/05/30 11:48:24.816109 | [Dataset Load] -> "Loading datasets from class Emphysema"
DEBUG | 2026/05/30 11:48:24.817997 | [Dataset Load] -> "Loading datasets from class Fibrosis"
DEBUG | 2026/05/30 11:48:24.820267 | [Dataset Load] -> "Loading datasets from class Hernia"
DEBUG | 2026/05/30 11:48:24.820512 | [Dataset Load] -> "Loading datasets from class Infiltration"
DEBUG | 2026/05/30 11:48:24.826954 | [Dataset Load] -> "Loading datasets from class Mass"
DEBUG | 2026/05/30 11:48:24.832658 | [Dataset Load] -> "Loading datasets from class No Finding"
DEBUG | 2026/05/30 11:48:24.844635 | [Dataset Load] -> "Loading datasets from class Nodule"
DEBUG | 2026/05/30 11:48:24.849152 | [Dataset Load] -> "Loading datasets from class Pleural_Thickening"
DEBUG | 2026/05/30 11:48:24.852260 | [Dataset Load] -> "Loading datasets from class Pneumonia"
DEBUG | 2026/05/30 11:48:24.853658 | [Dataset Load] -> "Loading datasets from class Pneumothorax"
DEBUG | 2026/05/30 11:48:24.856191 | [Dataset Load] -> "Dynamically loaded 22921 datas"
DEBUG | 2026/05/30 11:58:34.981373 | [Dataset Load] -> "Loading datasets from data/train"
DEBUG | 2026/05/30 11:58:34.981925 | [Dataset Load] -> "Loading datasets from class Atelectasis"
DEBUG | 2026/05/30 11:58:34.994849 | [Dataset Load] -> "Loading datasets from class Cardiomegaly"
DEBUG | 2026/05/30 11:58:34.997362 | [Dataset Load] -> "Loading datasets from class Consolidation"
DEBUG | 2026/05/30 11:58:35.001255 | [Dataset Load] -> "Loading datasets from class Edema"
DEBUG | 2026/05/30 11:58:35.006578 | [Dataset Load] -> "Loading datasets from class Effusion"
DEBUG | 2026/05/30 11:58:35.012337 | [Dataset Load] -> "Loading datasets from class Emphysema"
DEBUG | 2026/05/30 11:58:35.014262 | [Dataset Load] -> "Loading datasets from class Fibrosis"
DEBUG | 2026/05/30 11:58:35.016563 | [Dataset Load] -> "Loading datasets from class Hernia"
DEBUG | 2026/05/30 11:58:35.016803 | [Dataset Load] -> "Loading datasets from class Infiltration"
DEBUG | 2026/05/30 11:58:35.023185 | [Dataset Load] -> "Loading datasets from class Mass"
DEBUG | 2026/05/30 11:58:35.028840 | [Dataset Load] -> "Loading datasets from class No Finding"
DEBUG | 2026/05/30 11:58:35.040966 | [Dataset Load] -> "Loading datasets from class Nodule"
DEBUG | 2026/05/30 11:58:35.045374 | [Dataset Load] -> "Loading datasets from class Pleural_Thickening"
DEBUG | 2026/05/30 11:58:35.048465 | [Dataset Load] -> "Loading datasets from class Pneumonia"
DEBUG | 2026/05/30 11:58:35.049882 | [Dataset Load] -> "Loading datasets from class Pneumothorax"
DEBUG | 2026/05/30 11:58:35.052422 | [Dataset Load] -> "Dynamically loaded 22921 datas"
DEBUG | 2026/05/30 12:08:44.720592 | [Dataset Load] -> "Loading datasets from data/train"
DEBUG | 2026/05/30 12:08:44.721103 | [Dataset Load] -> "Loading datasets from class Atelectasis"
DEBUG | 2026/05/30 12:08:44.733889 | [Dataset Load] -> "Loading datasets from class Cardiomegaly"
DEBUG | 2026/05/30 12:08:44.736681 | [Dataset Load] -> "Loading datasets from class Consolidation"
DEBUG | 2026/05/30 12:08:44.740885 | [Dataset Load] -> "Loading datasets from class Edema"
DEBUG | 2026/05/30 12:08:44.746402 | [Dataset Load] -> "Loading datasets from class Effusion"
DEBUG | 2026/05/30 12:08:44.752182 | [Dataset Load] -> "Loading datasets from class Emphysema"
DEBUG | 2026/05/30 12:08:44.754129 | [Dataset Load] -> "Loading datasets from class Fibrosis"
DEBUG | 2026/05/30 12:08:44.756424 | [Dataset Load] -> "Loading datasets from class Hernia"
DEBUG | 2026/05/30 12:08:44.756675 | [Dataset Load] -> "Loading datasets from class Infiltration"
DEBUG | 2026/05/30 12:08:44.763045 | [Dataset Load] -> "Loading datasets from class Mass"
DEBUG | 2026/05/30 12:08:44.768630 | [Dataset Load] -> "Loading datasets from class No Finding"
DEBUG | 2026/05/30 12:08:44.780798 | [Dataset Load] -> "Loading datasets from class Nodule"
DEBUG | 2026/05/30 12:08:44.785309 | [Dataset Load] -> "Loading datasets from class Pleural_Thickening"
DEBUG | 2026/05/30 12:08:44.788311 | [Dataset Load] -> "Loading datasets from class Pneumonia"
DEBUG | 2026/05/30 12:08:44.789774 | [Dataset Load] -> "Loading datasets from class Pneumothorax"
DEBUG | 2026/05/30 12:08:44.792372 | [Dataset Load] -> "Dynamically loaded 22921 datas"
DEBUG | 2026/05/30 12:18:54.629990 | [Dataset Load] -> "Loading datasets from data/train"
DEBUG | 2026/05/30 12:18:54.630558 | [Dataset Load] -> "Loading datasets from class Atelectasis"
DEBUG | 2026/05/30 12:18:54.642912 | [Dataset Load] -> "Loading datasets from class Cardiomegaly"
DEBUG | 2026/05/30 12:18:54.645474 | [Dataset Load] -> "Loading datasets from class Consolidation"
DEBUG | 2026/05/30 12:18:54.649389 | [Dataset Load] -> "Loading datasets from class Edema"
DEBUG | 2026/05/30 12:18:54.654942 | [Dataset Load] -> "Loading datasets from class Effusion"
DEBUG | 2026/05/30 12:18:54.660533 | [Dataset Load] -> "Loading datasets from class Emphysema"
DEBUG | 2026/05/30 12:18:54.662457 | [Dataset Load] -> "Loading datasets from class Fibrosis"
DEBUG | 2026/05/30 12:18:54.664748 | [Dataset Load] -> "Loading datasets from class Hernia"
DEBUG | 2026/05/30 12:18:54.664987 | [Dataset Load] -> "Loading datasets from class Infiltration"
DEBUG | 2026/05/30 12:18:54.671244 | [Dataset Load] -> "Loading datasets from class Mass"
DEBUG | 2026/05/30 12:18:54.677059 | [Dataset Load] -> "Loading datasets from class No Finding"
DEBUG | 2026/05/30 12:18:54.689143 | [Dataset Load] -> "Loading datasets from class Nodule"
DEBUG | 2026/05/30 12:18:54.693467 | [Dataset Load] -> "Loading datasets from class Pleural_Thickening"
DEBUG | 2026/05/30 12:18:54.696523 | [Dataset Load] -> "Loading datasets from class Pneumonia"
DEBUG | 2026/05/30 12:18:54.697916 | [Dataset Load] -> "Loading datasets from class Pneumothorax"
DEBUG | 2026/05/30 12:18:54.700422 | [Dataset Load] -> "Dynamically loaded 22921 datas"
DEBUG | 2026/05/30 12:29:10.422966 | [Dataset Load] -> "Loading datasets from data/train"
DEBUG | 2026/05/30 12:29:10.423380 | [Dataset Load] -> "Loading datasets from class Atelectasis"
DEBUG | 2026/05/30 12:29:10.425437 | [Dataset Load] -> "Loading datasets from class Cardiomegaly"
DEBUG | 2026/05/30 12:29:10.426330 | [Dataset Load] -> "Loading datasets from class Consolidation"
DEBUG | 2026/05/30 12:29:10.427200 | [Dataset Load] -> "Loading datasets from class Edema"
DEBUG | 2026/05/30 12:29:10.427963 | [Dataset Load] -> "Loading datasets from class Effusion"
DEBUG | 2026/05/30 12:29:10.428859 | [Dataset Load] -> "Loading datasets from class Emphysema"
DEBUG | 2026/05/30 12:29:10.429332 | [Dataset Load] -> "Loading datasets from class Fibrosis"
DEBUG | 2026/05/30 12:29:10.429636 | [Dataset Load] -> "Loading datasets from class Hernia"
DEBUG | 2026/05/30 12:29:10.429714 | [Dataset Load] -> "Loading datasets from class Infiltration"
DEBUG | 2026/05/30 12:29:10.431236 | [Dataset Load] -> "Loading datasets from class Mass"
DEBUG | 2026/05/30 12:29:10.432563 | [Dataset Load] -> "Loading datasets from class No Finding"
DEBUG | 2026/05/30 12:29:10.434251 | [Dataset Load] -> "Loading datasets from class Nodule"
DEBUG | 2026/05/30 12:29:10.435526 | [Dataset Load] -> "Loading datasets from class Pleural_Thickening"
DEBUG | 2026/05/30 12:29:10.435877 | [Dataset Load] -> "Loading datasets from class Pneumonia"
DEBUG | 2026/05/30 12:29:10.436004 | [Dataset Load] -> "Loading datasets from class Pneumothorax"
DEBUG | 2026/05/30 12:29:10.436615 | [Dataset Load] -> "Dynamically loaded 22921 datas"
DEBUG | 2026/05/30 12:39:20.667266 | [Dataset Load] -> "Loading datasets from data/train"
DEBUG | 2026/05/30 12:39:20.667843 | [Dataset Load] -> "Loading datasets from class Atelectasis"
DEBUG | 2026/05/30 12:39:20.681256 | [Dataset Load] -> "Loading datasets from class Cardiomegaly"
DEBUG | 2026/05/30 12:39:20.684517 | [Dataset Load] -> "Loading datasets from class Consolidation"
DEBUG | 2026/05/30 12:39:20.688386 | [Dataset Load] -> "Loading datasets from class Edema"
DEBUG | 2026/05/30 12:39:20.693747 | [Dataset Load] -> "Loading datasets from class Effusion"
DEBUG | 2026/05/30 12:39:20.701568 | [Dataset Load] -> "Loading datasets from class Emphysema"
DEBUG | 2026/05/30 12:39:20.703505 | [Dataset Load] -> "Loading datasets from class Fibrosis"
DEBUG | 2026/05/30 12:39:20.705788 | [Dataset Load] -> "Loading datasets from class Hernia"
DEBUG | 2026/05/30 12:39:20.706005 | [Dataset Load] -> "Loading datasets from class Infiltration"
DEBUG | 2026/05/30 12:39:20.712480 | [Dataset Load] -> "Loading datasets from class Mass"
DEBUG | 2026/05/30 12:39:20.718199 | [Dataset Load] -> "Loading datasets from class No Finding"
DEBUG | 2026/05/30 12:39:20.729964 | [Dataset Load] -> "Loading datasets from class Nodule"
DEBUG | 2026/05/30 12:39:20.734386 | [Dataset Load] -> "Loading datasets from class Pleural_Thickening"
DEBUG | 2026/05/30 12:39:20.737143 | [Dataset Load] -> "Loading datasets from class Pneumonia"
DEBUG | 2026/05/30 12:39:20.738590 | [Dataset Load] -> "Loading datasets from class Pneumothorax"
DEBUG | 2026/05/30 12:39:20.741097 | [Dataset Load] -> "Dynamically loaded 22921 datas"
DEBUG | 2026/05/30 12:49:30.654800 | [Dataset Load] -> "Loading datasets from data/train"
DEBUG | 2026/05/30 12:49:30.655331 | [Dataset Load] -> "Loading datasets from class Atelectasis"
DEBUG | 2026/05/30 12:49:30.668051 | [Dataset Load] -> "Loading datasets from class Cardiomegaly"
DEBUG | 2026/05/30 12:49:30.670532 | [Dataset Load] -> "Loading datasets from class Consolidation"
DEBUG | 2026/05/30 12:49:30.674360 | [Dataset Load] -> "Loading datasets from class Edema"
DEBUG | 2026/05/30 12:49:30.679606 | [Dataset Load] -> "Loading datasets from class Effusion"
DEBUG | 2026/05/30 12:49:30.685205 | [Dataset Load] -> "Loading datasets from class Emphysema"
DEBUG | 2026/05/30 12:49:30.687114 | [Dataset Load] -> "Loading datasets from class Fibrosis"
DEBUG | 2026/05/30 12:49:30.689380 | [Dataset Load] -> "Loading datasets from class Hernia"
DEBUG | 2026/05/30 12:49:30.689600 | [Dataset Load] -> "Loading datasets from class Infiltration"
DEBUG | 2026/05/30 12:49:30.695890 | [Dataset Load] -> "Loading datasets from class Mass"
DEBUG | 2026/05/30 12:49:30.701487 | [Dataset Load] -> "Loading datasets from class No Finding"
DEBUG | 2026/05/30 12:49:30.713609 | [Dataset Load] -> "Loading datasets from class Nodule"
DEBUG | 2026/05/30 12:49:30.717942 | [Dataset Load] -> "Loading datasets from class Pleural_Thickening"
DEBUG | 2026/05/30 12:49:30.720641 | [Dataset Load] -> "Loading datasets from class Pneumonia"
DEBUG | 2026/05/30 12:49:30.722149 | [Dataset Load] -> "Loading datasets from class Pneumothorax"
DEBUG | 2026/05/30 12:49:30.724728 | [Dataset Load] -> "Dynamically loaded 22921 datas"
DEBUG | 2026/05/30 12:59:41.320582 | [Dataset Load] -> "Loading datasets from data/train"
DEBUG | 2026/05/30 12:59:41.321159 | [Dataset Load] -> "Loading datasets from class Atelectasis"
DEBUG | 2026/05/30 12:59:41.333937 | [Dataset Load] -> "Loading datasets from class Cardiomegaly"
DEBUG | 2026/05/30 12:59:41.336389 | [Dataset Load] -> "Loading datasets from class Consolidation"
DEBUG | 2026/05/30 12:59:41.340260 | [Dataset Load] -> "Loading datasets from class Edema"
DEBUG | 2026/05/30 12:59:41.345595 | [Dataset Load] -> "Loading datasets from class Effusion"
DEBUG | 2026/05/30 12:59:41.351006 | [Dataset Load] -> "Loading datasets from class Emphysema"
DEBUG | 2026/05/30 12:59:41.352925 | [Dataset Load] -> "Loading datasets from class Fibrosis"
DEBUG | 2026/05/30 12:59:41.355199 | [Dataset Load] -> "Loading datasets from class Hernia"
DEBUG | 2026/05/30 12:59:41.355415 | [Dataset Load] -> "Loading datasets from class Infiltration"
DEBUG | 2026/05/30 12:59:41.361726 | [Dataset Load] -> "Loading datasets from class Mass"
DEBUG | 2026/05/30 12:59:41.367421 | [Dataset Load] -> "Loading datasets from class No Finding"
DEBUG | 2026/05/30 12:59:41.379129 | [Dataset Load] -> "Loading datasets from class Nodule"
DEBUG | 2026/05/30 12:59:41.383419 | [Dataset Load] -> "Loading datasets from class Pleural_Thickening"
DEBUG | 2026/05/30 12:59:41.386149 | [Dataset Load] -> "Loading datasets from class Pneumonia"
DEBUG | 2026/05/30 12:59:41.387640 | [Dataset Load] -> "Loading datasets from class Pneumothorax"
DEBUG | 2026/05/30 12:59:41.390171 | [Dataset Load] -> "Dynamically loaded 22921 datas"
DEBUG | 2026/05/30 13:09:50.832189 | [Dataset Load] -> "Loading datasets from data/train"
DEBUG | 2026/05/30 13:09:50.832694 | [Dataset Load] -> "Loading datasets from class Atelectasis"
DEBUG | 2026/05/30 13:09:50.845327 | [Dataset Load] -> "Loading datasets from class Cardiomegaly"
DEBUG | 2026/05/30 13:09:50.849125 | [Dataset Load] -> "Loading datasets from class Consolidation"
DEBUG | 2026/05/30 13:09:50.853049 | [Dataset Load] -> "Loading datasets from class Edema"
DEBUG | 2026/05/30 13:09:50.858462 | [Dataset Load] -> "Loading datasets from class Effusion"
DEBUG | 2026/05/30 13:09:50.863749 | [Dataset Load] -> "Loading datasets from class Emphysema"
DEBUG | 2026/05/30 13:09:50.865620 | [Dataset Load] -> "Loading datasets from class Fibrosis"
DEBUG | 2026/05/30 13:09:50.867883 | [Dataset Load] -> "Loading datasets from class Hernia"
DEBUG | 2026/05/30 13:09:50.868100 | [Dataset Load] -> "Loading datasets from class Infiltration"
DEBUG | 2026/05/30 13:09:50.874342 | [Dataset Load] -> "Loading datasets from class Mass"
DEBUG | 2026/05/30 13:09:50.880144 | [Dataset Load] -> "Loading datasets from class No Finding"
DEBUG | 2026/05/30 13:09:50.891683 | [Dataset Load] -> "Loading datasets from class Nodule"
DEBUG | 2026/05/30 13:09:50.896012 | [Dataset Load] -> "Loading datasets from class Pleural_Thickening"
DEBUG | 2026/05/30 13:09:50.898611 | [Dataset Load] -> "Loading datasets from class Pneumonia"
DEBUG | 2026/05/30 13:09:50.900054 | [Dataset Load] -> "Loading datasets from class Pneumothorax"
DEBUG | 2026/05/30 13:09:50.902529 | [Dataset Load] -> "Dynamically loaded 22921 datas"
DEBUG | 2026/05/30 13:20:01.173673 | [Dataset Load] -> "Loading datasets from data/train"
DEBUG | 2026/05/30 13:20:01.174220 | [Dataset Load] -> "Loading datasets from class Atelectasis"
DEBUG | 2026/05/30 13:20:01.187012 | [Dataset Load] -> "Loading datasets from class Cardiomegaly"
DEBUG | 2026/05/30 13:20:01.189668 | [Dataset Load] -> "Loading datasets from class Consolidation"
DEBUG | 2026/05/30 13:20:01.193552 | [Dataset Load] -> "Loading datasets from class Edema"
DEBUG | 2026/05/30 13:20:01.198864 | [Dataset Load] -> "Loading datasets from class Effusion"
DEBUG | 2026/05/30 13:20:01.204153 | [Dataset Load] -> "Loading datasets from class Emphysema"
DEBUG | 2026/05/30 13:20:01.206081 | [Dataset Load] -> "Loading datasets from class Fibrosis"
DEBUG | 2026/05/30 13:20:01.208345 | [Dataset Load] -> "Loading datasets from class Hernia"
DEBUG | 2026/05/30 13:20:01.208555 | [Dataset Load] -> "Loading datasets from class Infiltration"
DEBUG | 2026/05/30 13:20:01.215061 | [Dataset Load] -> "Loading datasets from class Mass"
DEBUG | 2026/05/30 13:20:01.220773 | [Dataset Load] -> "Loading datasets from class No Finding"
DEBUG | 2026/05/30 13:20:01.232489 | [Dataset Load] -> "Loading datasets from class Nodule"
DEBUG | 2026/05/30 13:20:01.237180 | [Dataset Load] -> "Loading datasets from class Pleural_Thickening"
DEBUG | 2026/05/30 13:20:01.239908 | [Dataset Load] -> "Loading datasets from class Pneumonia"
DEBUG | 2026/05/30 13:20:01.241366 | [Dataset Load] -> "Loading datasets from class Pneumothorax"
DEBUG | 2026/05/30 13:20:01.243975 | [Dataset Load] -> "Dynamically loaded 22921 datas"
DEBUG | 2026/05/30 13:30:10.913641 | [Dataset Load] -> "Loading datasets from data/train"
DEBUG | 2026/05/30 13:30:10.914214 | [Dataset Load] -> "Loading datasets from class Atelectasis"
DEBUG | 2026/05/30 13:30:10.926987 | [Dataset Load] -> "Loading datasets from class Cardiomegaly"
DEBUG | 2026/05/30 13:30:10.929472 | [Dataset Load] -> "Loading datasets from class Consolidation"
DEBUG | 2026/05/30 13:30:10.933377 | [Dataset Load] -> "Loading datasets from class Edema"
DEBUG | 2026/05/30 13:30:10.938669 | [Dataset Load] -> "Loading datasets from class Effusion"
DEBUG | 2026/05/30 13:30:10.944248 | [Dataset Load] -> "Loading datasets from class Emphysema"
DEBUG | 2026/05/30 13:30:10.946177 | [Dataset Load] -> "Loading datasets from class Fibrosis"
DEBUG | 2026/05/30 13:30:10.948470 | [Dataset Load] -> "Loading datasets from class Hernia"
DEBUG | 2026/05/30 13:30:10.948683 | [Dataset Load] -> "Loading datasets from class Infiltration"
DEBUG | 2026/05/30 13:30:10.955089 | [Dataset Load] -> "Loading datasets from class Mass"
DEBUG | 2026/05/30 13:30:10.960831 | [Dataset Load] -> "Loading datasets from class No Finding"
DEBUG | 2026/05/30 13:30:10.972764 | [Dataset Load] -> "Loading datasets from class Nodule"
DEBUG | 2026/05/30 13:30:10.977199 | [Dataset Load] -> "Loading datasets from class Pleural_Thickening"
DEBUG | 2026/05/30 13:30:10.979908 | [Dataset Load] -> "Loading datasets from class Pneumonia"
DEBUG | 2026/05/30 13:30:10.981393 | [Dataset Load] -> "Loading datasets from class Pneumothorax"
DEBUG | 2026/05/30 13:30:10.983921 | [Dataset Load] -> "Dynamically loaded 22921 datas"
DEBUG | 2026/05/30 13:40:20.154671 | [Dataset Load] -> "Loading datasets from data/train"
DEBUG | 2026/05/30 13:40:20.155245 | [Dataset Load] -> "Loading datasets from class Atelectasis"
DEBUG | 2026/05/30 13:40:20.168219 | [Dataset Load] -> "Loading datasets from class Cardiomegaly"
DEBUG | 2026/05/30 13:40:20.170684 | [Dataset Load] -> "Loading datasets from class Consolidation"
DEBUG | 2026/05/30 13:40:20.174542 | [Dataset Load] -> "Loading datasets from class Edema"
DEBUG | 2026/05/30 13:40:20.179870 | [Dataset Load] -> "Loading datasets from class Effusion"
DEBUG | 2026/05/30 13:40:20.185434 | [Dataset Load] -> "Loading datasets from class Emphysema"
DEBUG | 2026/05/30 13:40:20.187324 | [Dataset Load] -> "Loading datasets from class Fibrosis"
DEBUG | 2026/05/30 13:40:20.189615 | [Dataset Load] -> "Loading datasets from class Hernia"
DEBUG | 2026/05/30 13:40:20.189831 | [Dataset Load] -> "Loading datasets from class Infiltration"
DEBUG | 2026/05/30 13:40:20.196217 | [Dataset Load] -> "Loading datasets from class Mass"
DEBUG | 2026/05/30 13:40:20.201879 | [Dataset Load] -> "Loading datasets from class No Finding"
DEBUG | 2026/05/30 13:40:20.213605 | [Dataset Load] -> "Loading datasets from class Nodule"
DEBUG | 2026/05/30 13:40:20.217917 | [Dataset Load] -> "Loading datasets from class Pleural_Thickening"
DEBUG | 2026/05/30 13:40:20.220625 | [Dataset Load] -> "Loading datasets from class Pneumonia"
DEBUG | 2026/05/30 13:40:20.222061 | [Dataset Load] -> "Loading datasets from class Pneumothorax"
DEBUG | 2026/05/30 13:40:20.224608 | [Dataset Load] -> "Dynamically loaded 22921 datas"
DEBUG | 2026/05/30 13:50:29.652377 | [Dataset Load] -> "Loading datasets from data/train"
DEBUG | 2026/05/30 13:50:29.652866 | [Dataset Load] -> "Loading datasets from class Atelectasis"
DEBUG | 2026/05/30 13:50:29.665540 | [Dataset Load] -> "Loading datasets from class Cardiomegaly"
DEBUG | 2026/05/30 13:50:29.668000 | [Dataset Load] -> "Loading datasets from class Consolidation"
DEBUG | 2026/05/30 13:50:29.671962 | [Dataset Load] -> "Loading datasets from class Edema"
DEBUG | 2026/05/30 13:50:29.677406 | [Dataset Load] -> "Loading datasets from class Effusion"
DEBUG | 2026/05/30 13:50:29.682800 | [Dataset Load] -> "Loading datasets from class Emphysema"
DEBUG | 2026/05/30 13:50:29.684663 | [Dataset Load] -> "Loading datasets from class Fibrosis"
DEBUG | 2026/05/30 13:50:29.686927 | [Dataset Load] -> "Loading datasets from class Hernia"
DEBUG | 2026/05/30 13:50:29.687147 | [Dataset Load] -> "Loading datasets from class Infiltration"
DEBUG | 2026/05/30 13:50:29.693574 | [Dataset Load] -> "Loading datasets from class Mass"
DEBUG | 2026/05/30 13:50:29.699236 | [Dataset Load] -> "Loading datasets from class No Finding"
DEBUG | 2026/05/30 13:50:29.710963 | [Dataset Load] -> "Loading datasets from class Nodule"
DEBUG | 2026/05/30 13:50:29.715308 | [Dataset Load] -> "Loading datasets from class Pleural_Thickening"
DEBUG | 2026/05/30 13:50:29.717896 | [Dataset Load] -> "Loading datasets from class Pneumonia"
DEBUG | 2026/05/30 13:50:29.719370 | [Dataset Load] -> "Loading datasets from class Pneumothorax"
DEBUG | 2026/05/30 13:50:29.721807 | [Dataset Load] -> "Dynamically loaded 22921 datas"
DEBUG | 2026/05/30 14:00:38.080053 | [Dataset Load] -> "Loading datasets from data/train"
DEBUG | 2026/05/30 14:00:38.080552 | [Dataset Load] -> "Loading datasets from class Atelectasis"
DEBUG | 2026/05/30 14:00:38.093331 | [Dataset Load] -> "Loading datasets from class Cardiomegaly"
DEBUG | 2026/05/30 14:00:38.095982 | [Dataset Load] -> "Loading datasets from class Consolidation"
DEBUG | 2026/05/30 14:00:38.099865 | [Dataset Load] -> "Loading datasets from class Edema"
DEBUG | 2026/05/30 14:00:38.105138 | [Dataset Load] -> "Loading datasets from class Effusion"
DEBUG | 2026/05/30 14:00:38.110452 | [Dataset Load] -> "Loading datasets from class Emphysema"
DEBUG | 2026/05/30 14:00:38.112294 | [Dataset Load] -> "Loading datasets from class Fibrosis"
DEBUG | 2026/05/30 14:00:38.114591 | [Dataset Load] -> "Loading datasets from class Hernia"
DEBUG | 2026/05/30 14:00:38.114805 | [Dataset Load] -> "Loading datasets from class Infiltration"
DEBUG | 2026/05/30 14:00:38.121340 | [Dataset Load] -> "Loading datasets from class Mass"
DEBUG | 2026/05/30 14:00:38.126913 | [Dataset Load] -> "Loading datasets from class No Finding"
DEBUG | 2026/05/30 14:00:38.138563 | [Dataset Load] -> "Loading datasets from class Nodule"
DEBUG | 2026/05/30 14:00:38.143052 | [Dataset Load] -> "Loading datasets from class Pleural_Thickening"
DEBUG | 2026/05/30 14:00:38.145659 | [Dataset Load] -> "Loading datasets from class Pneumonia"
DEBUG | 2026/05/30 14:00:38.147116 | [Dataset Load] -> "Loading datasets from class Pneumothorax"
DEBUG | 2026/05/30 14:00:38.149617 | [Dataset Load] -> "Dynamically loaded 22921 datas"
DEBUG | 2026/05/30 14:10:47.045974 | [Dataset Load] -> "Loading datasets from data/train"
DEBUG | 2026/05/30 14:10:47.046567 | [Dataset Load] -> "Loading datasets from class Atelectasis"
DEBUG | 2026/05/30 14:10:47.059269 | [Dataset Load] -> "Loading datasets from class Cardiomegaly"
DEBUG | 2026/05/30 14:10:47.061820 | [Dataset Load] -> "Loading datasets from class Consolidation"
DEBUG | 2026/05/30 14:10:47.065736 | [Dataset Load] -> "Loading datasets from class Edema"
DEBUG | 2026/05/30 14:10:47.071074 | [Dataset Load] -> "Loading datasets from class Effusion"
DEBUG | 2026/05/30 14:10:47.076406 | [Dataset Load] -> "Loading datasets from class Emphysema"
DEBUG | 2026/05/30 14:10:47.078262 | [Dataset Load] -> "Loading datasets from class Fibrosis"
DEBUG | 2026/05/30 14:10:47.080542 | [Dataset Load] -> "Loading datasets from class Hernia"
DEBUG | 2026/05/30 14:10:47.080752 | [Dataset Load] -> "Loading datasets from class Infiltration"
DEBUG | 2026/05/30 14:10:47.087271 | [Dataset Load] -> "Loading datasets from class Mass"
DEBUG | 2026/05/30 14:10:47.092857 | [Dataset Load] -> "Loading datasets from class No Finding"
DEBUG | 2026/05/30 14:10:47.104645 | [Dataset Load] -> "Loading datasets from class Nodule"
DEBUG | 2026/05/30 14:10:47.109288 | [Dataset Load] -> "Loading datasets from class Pleural_Thickening"
DEBUG | 2026/05/30 14:10:47.112022 | [Dataset Load] -> "Loading datasets from class Pneumonia"
DEBUG | 2026/05/30 14:10:47.113545 | [Dataset Load] -> "Loading datasets from class Pneumothorax"
DEBUG | 2026/05/30 14:10:47.116086 | [Dataset Load] -> "Dynamically loaded 22921 datas"
DEBUG | 2026/05/30 14:20:56.399829 | [Dataset Load] -> "Loading datasets from data/train"
DEBUG | 2026/05/30 14:20:56.400389 | [Dataset Load] -> "Loading datasets from class Atelectasis"
DEBUG | 2026/05/30 14:20:56.413149 | [Dataset Load] -> "Loading datasets from class Cardiomegaly"
DEBUG | 2026/05/30 14:20:56.415578 | [Dataset Load] -> "Loading datasets from class Consolidation"
DEBUG | 2026/05/30 14:20:56.419381 | [Dataset Load] -> "Loading datasets from class Edema"
DEBUG | 2026/05/30 14:20:56.424653 | [Dataset Load] -> "Loading datasets from class Effusion"
DEBUG | 2026/05/30 14:20:56.430238 | [Dataset Load] -> "Loading datasets from class Emphysema"
DEBUG | 2026/05/30 14:20:56.432166 | [Dataset Load] -> "Loading datasets from class Fibrosis"
DEBUG | 2026/05/30 14:20:56.434452 | [Dataset Load] -> "Loading datasets from class Hernia"
DEBUG | 2026/05/30 14:20:56.434679 | [Dataset Load] -> "Loading datasets from class Infiltration"
DEBUG | 2026/05/30 14:20:56.441134 | [Dataset Load] -> "Loading datasets from class Mass"
DEBUG | 2026/05/30 14:20:56.446901 | [Dataset Load] -> "Loading datasets from class No Finding"
DEBUG | 2026/05/30 14:20:56.458834 | [Dataset Load] -> "Loading datasets from class Nodule"
DEBUG | 2026/05/30 14:20:56.464337 | [Dataset Load] -> "Loading datasets from class Pleural_Thickening"
DEBUG | 2026/05/30 14:20:56.467146 | [Dataset Load] -> "Loading datasets from class Pneumonia"
DEBUG | 2026/05/30 14:20:56.468618 | [Dataset Load] -> "Loading datasets from class Pneumothorax"
DEBUG | 2026/05/30 14:20:56.471166 | [Dataset Load] -> "Dynamically loaded 22921 datas"
DEBUG | 2026/05/30 14:31:04.054793 | [Dataset Load] -> "Loading datasets from data/train"
DEBUG | 2026/05/30 14:31:04.055370 | [Dataset Load] -> "Loading datasets from class Atelectasis"
DEBUG | 2026/05/30 14:31:04.068249 | [Dataset Load] -> "Loading datasets from class Cardiomegaly"
DEBUG | 2026/05/30 14:31:04.070696 | [Dataset Load] -> "Loading datasets from class Consolidation"
DEBUG | 2026/05/30 14:31:04.074517 | [Dataset Load] -> "Loading datasets from class Edema"
DEBUG | 2026/05/30 14:31:04.079917 | [Dataset Load] -> "Loading datasets from class Effusion"
DEBUG | 2026/05/30 14:31:04.085243 | [Dataset Load] -> "Loading datasets from class Emphysema"
DEBUG | 2026/05/30 14:31:04.087100 | [Dataset Load] -> "Loading datasets from class Fibrosis"
DEBUG | 2026/05/30 14:31:04.089355 | [Dataset Load] -> "Loading datasets from class Hernia"
DEBUG | 2026/05/30 14:31:04.089572 | [Dataset Load] -> "Loading datasets from class Infiltration"
DEBUG | 2026/05/30 14:31:04.095786 | [Dataset Load] -> "Loading datasets from class Mass"
DEBUG | 2026/05/30 14:31:04.101674 | [Dataset Load] -> "Loading datasets from class No Finding"
DEBUG | 2026/05/30 14:31:04.113471 | [Dataset Load] -> "Loading datasets from class Nodule"
DEBUG | 2026/05/30 14:31:04.117815 | [Dataset Load] -> "Loading datasets from class Pleural_Thickening"
DEBUG | 2026/05/30 14:31:04.120457 | [Dataset Load] -> "Loading datasets from class Pneumonia"
DEBUG | 2026/05/30 14:31:04.121942 | [Dataset Load] -> "Loading datasets from class Pneumothorax"
DEBUG | 2026/05/30 14:31:04.124470 | [Dataset Load] -> "Dynamically loaded 22921 datas"
DEBUG | 2026/05/30 14:41:14.732370 | [Dataset Load] -> "Loading datasets from data/train"
DEBUG | 2026/05/30 14:41:14.732913 | [Dataset Load] -> "Loading datasets from class Atelectasis"
DEBUG | 2026/05/30 14:41:14.745811 | [Dataset Load] -> "Loading datasets from class Cardiomegaly"
DEBUG | 2026/05/30 14:41:14.748279 | [Dataset Load] -> "Loading datasets from class Consolidation"
DEBUG | 2026/05/30 14:41:14.752121 | [Dataset Load] -> "Loading datasets from class Edema"
DEBUG | 2026/05/30 14:41:14.757519 | [Dataset Load] -> "Loading datasets from class Effusion"
DEBUG | 2026/05/30 14:41:14.762920 | [Dataset Load] -> "Loading datasets from class Emphysema"
DEBUG | 2026/05/30 14:41:14.764819 | [Dataset Load] -> "Loading datasets from class Fibrosis"
DEBUG | 2026/05/30 14:41:14.767104 | [Dataset Load] -> "Loading datasets from class Hernia"
DEBUG | 2026/05/30 14:41:14.767326 | [Dataset Load] -> "Loading datasets from class Infiltration"
DEBUG | 2026/05/30 14:41:14.773725 | [Dataset Load] -> "Loading datasets from class Mass"
DEBUG | 2026/05/30 14:41:14.779633 | [Dataset Load] -> "Loading datasets from class No Finding"
DEBUG | 2026/05/30 14:41:14.791524 | [Dataset Load] -> "Loading datasets from class Nodule"
DEBUG | 2026/05/30 14:41:14.795843 | [Dataset Load] -> "Loading datasets from class Pleural_Thickening"
DEBUG | 2026/05/30 14:41:14.798568 | [Dataset Load] -> "Loading datasets from class Pneumonia"
DEBUG | 2026/05/30 14:41:14.800064 | [Dataset Load] -> "Loading datasets from class Pneumothorax"
DEBUG | 2026/05/30 14:41:14.802604 | [Dataset Load] -> "Dynamically loaded 22921 datas"
DEBUG | 2026/05/30 14:51:24.996931 | [Dataset Load] -> "Loading datasets from data/train"
DEBUG | 2026/05/30 14:51:24.997522 | [Dataset Load] -> "Loading datasets from class Atelectasis"
DEBUG | 2026/05/30 14:51:25.010410 | [Dataset Load] -> "Loading datasets from class Cardiomegaly"
DEBUG | 2026/05/30 14:51:25.013053 | [Dataset Load] -> "Loading datasets from class Consolidation"
DEBUG | 2026/05/30 14:51:25.016942 | [Dataset Load] -> "Loading datasets from class Edema"
DEBUG | 2026/05/30 14:51:25.022252 | [Dataset Load] -> "Loading datasets from class Effusion"
DEBUG | 2026/05/30 14:51:25.027497 | [Dataset Load] -> "Loading datasets from class Emphysema"
DEBUG | 2026/05/30 14:51:25.029413 | [Dataset Load] -> "Loading datasets from class Fibrosis"
DEBUG | 2026/05/30 14:51:25.031681 | [Dataset Load] -> "Loading datasets from class Hernia"
DEBUG | 2026/05/30 14:51:25.031891 | [Dataset Load] -> "Loading datasets from class Infiltration"
DEBUG | 2026/05/30 14:51:25.038417 | [Dataset Load] -> "Loading datasets from class Mass"
DEBUG | 2026/05/30 14:51:25.044046 | [Dataset Load] -> "Loading datasets from class No Finding"
DEBUG | 2026/05/30 14:51:25.055787 | [Dataset Load] -> "Loading datasets from class Nodule"
DEBUG | 2026/05/30 14:51:25.060280 | [Dataset Load] -> "Loading datasets from class Pleural_Thickening"
DEBUG | 2026/05/30 14:51:25.062978 | [Dataset Load] -> "Loading datasets from class Pneumonia"
DEBUG | 2026/05/30 14:51:25.064473 | [Dataset Load] -> "Loading datasets from class Pneumothorax"
DEBUG | 2026/05/30 14:51:25.067049 | [Dataset Load] -> "Dynamically loaded 22921 datas"
DEBUG | 2026/05/30 15:01:34.809045 | [Dataset Load] -> "Loading datasets from data/train"
DEBUG | 2026/05/30 15:01:34.809588 | [Dataset Load] -> "Loading datasets from class Atelectasis"
DEBUG | 2026/05/30 15:01:34.822285 | [Dataset Load] -> "Loading datasets from class Cardiomegaly"
DEBUG | 2026/05/30 15:01:34.824763 | [Dataset Load] -> "Loading datasets from class Consolidation"
DEBUG | 2026/05/30 15:01:34.828606 | [Dataset Load] -> "Loading datasets from class Edema"
DEBUG | 2026/05/30 15:01:34.833863 | [Dataset Load] -> "Loading datasets from class Effusion"
DEBUG | 2026/05/30 15:01:34.839355 | [Dataset Load] -> "Loading datasets from class Emphysema"
DEBUG | 2026/05/30 15:01:34.841234 | [Dataset Load] -> "Loading datasets from class Fibrosis"
DEBUG | 2026/05/30 15:01:34.843495 | [Dataset Load] -> "Loading datasets from class Hernia"
DEBUG | 2026/05/30 15:01:34.843643 | [Dataset Load] -> "Loading datasets from class Infiltration"
DEBUG | 2026/05/30 15:01:34.849792 | [Dataset Load] -> "Loading datasets from class Mass"
DEBUG | 2026/05/30 15:01:34.855351 | [Dataset Load] -> "Loading datasets from class No Finding"
DEBUG | 2026/05/30 15:01:34.867123 | [Dataset Load] -> "Loading datasets from class Nodule"
DEBUG | 2026/05/30 15:01:34.871500 | [Dataset Load] -> "Loading datasets from class Pleural_Thickening"
DEBUG | 2026/05/30 15:01:34.874085 | [Dataset Load] -> "Loading datasets from class Pneumonia"
DEBUG | 2026/05/30 15:01:34.875573 | [Dataset Load] -> "Loading datasets from class Pneumothorax"
DEBUG | 2026/05/30 15:01:34.878042 | [Dataset Load] -> "Dynamically loaded 22921 datas"
DEBUG | 2026/05/30 15:11:43.185371 | [Dataset Load] -> "Loading datasets from data/train"
DEBUG | 2026/05/30 15:11:43.185864 | [Dataset Load] -> "Loading datasets from class Atelectasis"
DEBUG | 2026/05/30 15:11:43.198513 | [Dataset Load] -> "Loading datasets from class Cardiomegaly"
DEBUG | 2026/05/30 15:11:43.200919 | [Dataset Load] -> "Loading datasets from class Consolidation"
DEBUG | 2026/05/30 15:11:43.204788 | [Dataset Load] -> "Loading datasets from class Edema"
DEBUG | 2026/05/30 15:11:43.210180 | [Dataset Load] -> "Loading datasets from class Effusion"
DEBUG | 2026/05/30 15:11:43.215857 | [Dataset Load] -> "Loading datasets from class Emphysema"
DEBUG | 2026/05/30 15:11:43.217878 | [Dataset Load] -> "Loading datasets from class Fibrosis"
DEBUG | 2026/05/30 15:11:43.220189 | [Dataset Load] -> "Loading datasets from class Hernia"
DEBUG | 2026/05/30 15:11:43.220410 | [Dataset Load] -> "Loading datasets from class Infiltration"
DEBUG | 2026/05/30 15:11:43.226850 | [Dataset Load] -> "Loading datasets from class Mass"
DEBUG | 2026/05/30 15:11:43.233409 | [Dataset Load] -> "Loading datasets from class No Finding"
DEBUG | 2026/05/30 15:11:43.245297 | [Dataset Load] -> "Loading datasets from class Nodule"
DEBUG | 2026/05/30 15:11:43.249695 | [Dataset Load] -> "Loading datasets from class Pleural_Thickening"
DEBUG | 2026/05/30 15:11:43.252470 | [Dataset Load] -> "Loading datasets from class Pneumonia"
DEBUG | 2026/05/30 15:11:43.253963 | [Dataset Load] -> "Loading datasets from class Pneumothorax"
DEBUG | 2026/05/30 15:11:43.256409 | [Dataset Load] -> "Dynamically loaded 22921 datas"
DEBUG | 2026/05/30 15:21:52.560947 | [Dataset Load] -> "Loading datasets from data/train"
DEBUG | 2026/05/30 15:21:52.561462 | [Dataset Load] -> "Loading datasets from class Atelectasis"
DEBUG | 2026/05/30 15:21:52.574251 | [Dataset Load] -> "Loading datasets from class Cardiomegaly"
DEBUG | 2026/05/30 15:21:52.576838 | [Dataset Load] -> "Loading datasets from class Consolidation"
DEBUG | 2026/05/30 15:21:52.580743 | [Dataset Load] -> "Loading datasets from class Edema"
DEBUG | 2026/05/30 15:21:52.586135 | [Dataset Load] -> "Loading datasets from class Effusion"
DEBUG | 2026/05/30 15:21:52.591415 | [Dataset Load] -> "Loading datasets from class Emphysema"
DEBUG | 2026/05/30 15:21:52.593367 | [Dataset Load] -> "Loading datasets from class Fibrosis"
DEBUG | 2026/05/30 15:21:52.595625 | [Dataset Load] -> "Loading datasets from class Hernia"
DEBUG | 2026/05/30 15:21:52.595833 | [Dataset Load] -> "Loading datasets from class Infiltration"
DEBUG | 2026/05/30 15:21:52.602046 | [Dataset Load] -> "Loading datasets from class Mass"
DEBUG | 2026/05/30 15:21:52.607794 | [Dataset Load] -> "Loading datasets from class No Finding"
DEBUG | 2026/05/30 15:21:52.619708 | [Dataset Load] -> "Loading datasets from class Nodule"
DEBUG | 2026/05/30 15:21:52.623925 | [Dataset Load] -> "Loading datasets from class Pleural_Thickening"
DEBUG | 2026/05/30 15:21:52.626673 | [Dataset Load] -> "Loading datasets from class Pneumonia"
DEBUG | 2026/05/30 15:21:52.628152 | [Dataset Load] -> "Loading datasets from class Pneumothorax"
DEBUG | 2026/05/30 15:21:52.630635 | [Dataset Load] -> "Dynamically loaded 22921 datas"
DEBUG | 2026/05/30 15:32:02.778200 | [Dataset Load] -> "Loading datasets from data/train"
DEBUG | 2026/05/30 15:32:02.778709 | [Dataset Load] -> "Loading datasets from class Atelectasis"
DEBUG | 2026/05/30 15:32:02.789823 | [Dataset Load] -> "Loading datasets from class Cardiomegaly"
DEBUG | 2026/05/30 15:32:02.792673 | [Dataset Load] -> "Loading datasets from class Consolidation"
DEBUG | 2026/05/30 15:32:02.796726 | [Dataset Load] -> "Loading datasets from class Edema"
DEBUG | 2026/05/30 15:32:02.802106 | [Dataset Load] -> "Loading datasets from class Effusion"
DEBUG | 2026/05/30 15:32:02.807590 | [Dataset Load] -> "Loading datasets from class Emphysema"
DEBUG | 2026/05/30 15:32:02.809618 | [Dataset Load] -> "Loading datasets from class Fibrosis"
DEBUG | 2026/05/30 15:32:02.811910 | [Dataset Load] -> "Loading datasets from class Hernia"
DEBUG | 2026/05/30 15:32:02.812061 | [Dataset Load] -> "Loading datasets from class Infiltration"
DEBUG | 2026/05/30 15:32:02.818644 | [Dataset Load] -> "Loading datasets from class Mass"
DEBUG | 2026/05/30 15:32:02.824426 | [Dataset Load] -> "Loading datasets from class No Finding"
DEBUG | 2026/05/30 15:32:02.836236 | [Dataset Load] -> "Loading datasets from class Nodule"
DEBUG | 2026/05/30 15:32:02.840895 | [Dataset Load] -> "Loading datasets from class Pleural_Thickening"
DEBUG | 2026/05/30 15:32:02.843664 | [Dataset Load] -> "Loading datasets from class Pneumonia"
DEBUG | 2026/05/30 15:32:02.845208 | [Dataset Load] -> "Loading datasets from class Pneumothorax"
DEBUG | 2026/05/30 15:32:02.847767 | [Dataset Load] -> "Dynamically loaded 22921 datas"
DEBUG | 2026/05/30 15:42:12.040895 | [Dataset Load] -> "Loading datasets from data/train"
DEBUG | 2026/05/30 15:42:12.041496 | [Dataset Load] -> "Loading datasets from class Atelectasis"
DEBUG | 2026/05/30 15:42:12.054135 | [Dataset Load] -> "Loading datasets from class Cardiomegaly"
DEBUG | 2026/05/30 15:42:12.056679 | [Dataset Load] -> "Loading datasets from class Consolidation"
DEBUG | 2026/05/30 15:42:12.060553 | [Dataset Load] -> "Loading datasets from class Edema"
DEBUG | 2026/05/30 15:42:12.065859 | [Dataset Load] -> "Loading datasets from class Effusion"
DEBUG | 2026/05/30 15:42:12.071169 | [Dataset Load] -> "Loading datasets from class Emphysema"
DEBUG | 2026/05/30 15:42:12.073044 | [Dataset Load] -> "Loading datasets from class Fibrosis"
DEBUG | 2026/05/30 15:42:12.075349 | [Dataset Load] -> "Loading datasets from class Hernia"
DEBUG | 2026/05/30 15:42:12.075565 | [Dataset Load] -> "Loading datasets from class Infiltration"
DEBUG | 2026/05/30 15:42:12.082060 | [Dataset Load] -> "Loading datasets from class Mass"
DEBUG | 2026/05/30 15:42:12.087713 | [Dataset Load] -> "Loading datasets from class No Finding"
DEBUG | 2026/05/30 15:42:12.099578 | [Dataset Load] -> "Loading datasets from class Nodule"
DEBUG | 2026/05/30 15:42:12.104202 | [Dataset Load] -> "Loading datasets from class Pleural_Thickening"
DEBUG | 2026/05/30 15:42:12.106838 | [Dataset Load] -> "Loading datasets from class Pneumonia"
DEBUG | 2026/05/30 15:42:12.108343 | [Dataset Load] -> "Loading datasets from class Pneumothorax"
DEBUG | 2026/05/30 15:42:12.110831 | [Dataset Load] -> "Dynamically loaded 22921 datas"
DEBUG | 2026/05/30 15:52:22.403960 | [Dataset Load] -> "Loading datasets from data/train"
DEBUG | 2026/05/30 15:52:22.404432 | [Dataset Load] -> "Loading datasets from class Atelectasis"
DEBUG | 2026/05/30 15:52:22.415128 | [Dataset Load] -> "Loading datasets from class Cardiomegaly"
DEBUG | 2026/05/30 15:52:22.418869 | [Dataset Load] -> "Loading datasets from class Consolidation"
DEBUG | 2026/05/30 15:52:22.425653 | [Dataset Load] -> "Loading datasets from class Edema"
DEBUG | 2026/05/30 15:52:22.430191 | [Dataset Load] -> "Loading datasets from class Effusion"
DEBUG | 2026/05/30 15:52:22.436409 | [Dataset Load] -> "Loading datasets from class Emphysema"
DEBUG | 2026/05/30 15:52:22.440023 | [Dataset Load] -> "Loading datasets from class Fibrosis"
DEBUG | 2026/05/30 15:52:22.441970 | [Dataset Load] -> "Loading datasets from class Hernia"
DEBUG | 2026/05/30 15:52:22.442262 | [Dataset Load] -> "Loading datasets from class Infiltration"
DEBUG | 2026/05/30 15:52:22.452149 | [Dataset Load] -> "Loading datasets from class Mass"
DEBUG | 2026/05/30 15:52:22.459439 | [Dataset Load] -> "Loading datasets from class No Finding"
DEBUG | 2026/05/30 15:52:22.469133 | [Dataset Load] -> "Loading datasets from class Nodule"
DEBUG | 2026/05/30 15:52:22.477682 | [Dataset Load] -> "Loading datasets from class Pleural_Thickening"
DEBUG | 2026/05/30 15:52:22.481251 | [Dataset Load] -> "Loading datasets from class Pneumonia"
DEBUG | 2026/05/30 15:52:22.481717 | [Dataset Load] -> "Loading datasets from class Pneumothorax"
DEBUG | 2026/05/30 15:52:22.486015 | [Dataset Load] -> "Dynamically loaded 22921 datas"
DEBUG | 2026/05/30 16:02:33.487813 | [Dataset Load] -> "Loading datasets from data/train"
DEBUG | 2026/05/30 16:02:33.488368 | [Dataset Load] -> "Loading datasets from class Atelectasis"
DEBUG | 2026/05/30 16:02:33.502037 | [Dataset Load] -> "Loading datasets from class Cardiomegaly"
DEBUG | 2026/05/30 16:02:33.505686 | [Dataset Load] -> "Loading datasets from class Consolidation"
DEBUG | 2026/05/30 16:02:33.510600 | [Dataset Load] -> "Loading datasets from class Edema"
DEBUG | 2026/05/30 16:02:33.516117 | [Dataset Load] -> "Loading datasets from class Effusion"
DEBUG | 2026/05/30 16:02:33.521471 | [Dataset Load] -> "Loading datasets from class Emphysema"
DEBUG | 2026/05/30 16:02:33.523382 | [Dataset Load] -> "Loading datasets from class Fibrosis"
DEBUG | 2026/05/30 16:02:33.525672 | [Dataset Load] -> "Loading datasets from class Hernia"
DEBUG | 2026/05/30 16:02:33.525908 | [Dataset Load] -> "Loading datasets from class Infiltration"
DEBUG | 2026/05/30 16:02:33.532223 | [Dataset Load] -> "Loading datasets from class Mass"
DEBUG | 2026/05/30 16:02:33.538060 | [Dataset Load] -> "Loading datasets from class No Finding"
DEBUG | 2026/05/30 16:02:33.549703 | [Dataset Load] -> "Loading datasets from class Nodule"
DEBUG | 2026/05/30 16:02:33.554009 | [Dataset Load] -> "Loading datasets from class Pleural_Thickening"
DEBUG | 2026/05/30 16:02:33.556758 | [Dataset Load] -> "Loading datasets from class Pneumonia"
DEBUG | 2026/05/30 16:02:33.558212 | [Dataset Load] -> "Loading datasets from class Pneumothorax"
DEBUG | 2026/05/30 16:02:33.560694 | [Dataset Load] -> "Dynamically loaded 22921 datas"
DEBUG | 2026/05/30 16:12:43.810798 | [Dataset Load] -> "Loading datasets from data/train"
DEBUG | 2026/05/30 16:12:43.811319 | [Dataset Load] -> "Loading datasets from class Atelectasis"
DEBUG | 2026/05/30 16:12:43.824607 | [Dataset Load] -> "Loading datasets from class Cardiomegaly"
DEBUG | 2026/05/30 16:12:43.827206 | [Dataset Load] -> "Loading datasets from class Consolidation"
DEBUG | 2026/05/30 16:12:43.831306 | [Dataset Load] -> "Loading datasets from class Edema"
DEBUG | 2026/05/30 16:12:43.836959 | [Dataset Load] -> "Loading datasets from class Effusion"
DEBUG | 2026/05/30 16:12:43.842392 | [Dataset Load] -> "Loading datasets from class Emphysema"
DEBUG | 2026/05/30 16:12:43.844313 | [Dataset Load] -> "Loading datasets from class Fibrosis"
DEBUG | 2026/05/30 16:12:43.846613 | [Dataset Load] -> "Loading datasets from class Hernia"
DEBUG | 2026/05/30 16:12:43.846825 | [Dataset Load] -> "Loading datasets from class Infiltration"
DEBUG | 2026/05/30 16:12:43.853084 | [Dataset Load] -> "Loading datasets from class Mass"
DEBUG | 2026/05/30 16:12:43.858857 | [Dataset Load] -> "Loading datasets from class No Finding"
DEBUG | 2026/05/30 16:12:43.870680 | [Dataset Load] -> "Loading datasets from class Nodule"
DEBUG | 2026/05/30 16:12:43.874916 | [Dataset Load] -> "Loading datasets from class Pleural_Thickening"
DEBUG | 2026/05/30 16:12:43.877692 | [Dataset Load] -> "Loading datasets from class Pneumonia"
DEBUG | 2026/05/30 16:12:43.879139 | [Dataset Load] -> "Loading datasets from class Pneumothorax"
DEBUG | 2026/05/30 16:12:43.881792 | [Dataset Load] -> "Dynamically loaded 22921 datas"
DEBUG | 2026/05/30 16:22:53.176604 | [Dataset Load] -> "Loading datasets from data/train"
DEBUG | 2026/05/30 16:22:53.177181 | [Dataset Load] -> "Loading datasets from class Atelectasis"
DEBUG | 2026/05/30 16:22:53.189955 | [Dataset Load] -> "Loading datasets from class Cardiomegaly"
DEBUG | 2026/05/30 16:22:53.192647 | [Dataset Load] -> "Loading datasets from class Consolidation"
DEBUG | 2026/05/30 16:22:53.196530 | [Dataset Load] -> "Loading datasets from class Edema"
DEBUG | 2026/05/30 16:22:53.201715 | [Dataset Load] -> "Loading datasets from class Effusion"
DEBUG | 2026/05/30 16:22:53.207035 | [Dataset Load] -> "Loading datasets from class Emphysema"
DEBUG | 2026/05/30 16:22:53.208899 | [Dataset Load] -> "Loading datasets from class Fibrosis"
DEBUG | 2026/05/30 16:22:53.211172 | [Dataset Load] -> "Loading datasets from class Hernia"
DEBUG | 2026/05/30 16:22:53.211390 | [Dataset Load] -> "Loading datasets from class Infiltration"
DEBUG | 2026/05/30 16:22:53.217843 | [Dataset Load] -> "Loading datasets from class Mass"
DEBUG | 2026/05/30 16:22:53.223494 | [Dataset Load] -> "Loading datasets from class No Finding"
DEBUG | 2026/05/30 16:22:53.235144 | [Dataset Load] -> "Loading datasets from class Nodule"
DEBUG | 2026/05/30 16:22:53.239787 | [Dataset Load] -> "Loading datasets from class Pleural_Thickening"
DEBUG | 2026/05/30 16:22:53.242542 | [Dataset Load] -> "Loading datasets from class Pneumonia"
DEBUG | 2026/05/30 16:22:53.243968 | [Dataset Load] -> "Loading datasets from class Pneumothorax"
DEBUG | 2026/05/30 16:22:53.246515 | [Dataset Load] -> "Dynamically loaded 22921 datas"
DEBUG | 2026/05/30 16:33:02.618433 | [Dataset Load] -> "Loading datasets from data/train"
DEBUG | 2026/05/30 16:33:02.618955 | [Dataset Load] -> "Loading datasets from class Atelectasis"
DEBUG | 2026/05/30 16:33:02.631797 | [Dataset Load] -> "Loading datasets from class Cardiomegaly"
DEBUG | 2026/05/30 16:33:02.634297 | [Dataset Load] -> "Loading datasets from class Consolidation"
DEBUG | 2026/05/30 16:33:02.638214 | [Dataset Load] -> "Loading datasets from class Edema"
DEBUG | 2026/05/30 16:33:02.643436 | [Dataset Load] -> "Loading datasets from class Effusion"
DEBUG | 2026/05/30 16:33:02.649058 | [Dataset Load] -> "Loading datasets from class Emphysema"
DEBUG | 2026/05/30 16:33:02.650967 | [Dataset Load] -> "Loading datasets from class Fibrosis"
DEBUG | 2026/05/30 16:33:02.653240 | [Dataset Load] -> "Loading datasets from class Hernia"
DEBUG | 2026/05/30 16:33:02.653454 | [Dataset Load] -> "Loading datasets from class Infiltration"
DEBUG | 2026/05/30 16:33:02.659784 | [Dataset Load] -> "Loading datasets from class Mass"
DEBUG | 2026/05/30 16:33:02.665286 | [Dataset Load] -> "Loading datasets from class No Finding"
DEBUG | 2026/05/30 16:33:02.677255 | [Dataset Load] -> "Loading datasets from class Nodule"
DEBUG | 2026/05/30 16:33:02.681504 | [Dataset Load] -> "Loading datasets from class Pleural_Thickening"
DEBUG | 2026/05/30 16:33:02.684043 | [Dataset Load] -> "Loading datasets from class Pneumonia"
DEBUG | 2026/05/30 16:33:02.685489 | [Dataset Load] -> "Loading datasets from class Pneumothorax"
DEBUG | 2026/05/30 16:33:02.687953 | [Dataset Load] -> "Dynamically loaded 22921 datas"
DEBUG | 2026/05/30 16:43:11.973556 | [Dataset Load] -> "Loading datasets from data/train"
DEBUG | 2026/05/30 16:43:11.974132 | [Dataset Load] -> "Loading datasets from class Atelectasis"
DEBUG | 2026/05/30 16:43:11.987222 | [Dataset Load] -> "Loading datasets from class Cardiomegaly"
DEBUG | 2026/05/30 16:43:11.989650 | [Dataset Load] -> "Loading datasets from class Consolidation"
DEBUG | 2026/05/30 16:43:11.993493 | [Dataset Load] -> "Loading datasets from class Edema"
DEBUG | 2026/05/30 16:43:11.998664 | [Dataset Load] -> "Loading datasets from class Effusion"
DEBUG | 2026/05/30 16:43:12.004323 | [Dataset Load] -> "Loading datasets from class Emphysema"
DEBUG | 2026/05/30 16:43:12.006271 | [Dataset Load] -> "Loading datasets from class Fibrosis"
DEBUG | 2026/05/30 16:43:12.008576 | [Dataset Load] -> "Loading datasets from class Hernia"
DEBUG | 2026/05/30 16:43:12.008799 | [Dataset Load] -> "Loading datasets from class Infiltration"
DEBUG | 2026/05/30 16:43:12.015233 | [Dataset Load] -> "Loading datasets from class Mass"
DEBUG | 2026/05/30 16:43:12.020894 | [Dataset Load] -> "Loading datasets from class No Finding"
DEBUG | 2026/05/30 16:43:12.033183 | [Dataset Load] -> "Loading datasets from class Nodule"
DEBUG | 2026/05/30 16:43:12.037562 | [Dataset Load] -> "Loading datasets from class Pleural_Thickening"
DEBUG | 2026/05/30 16:43:12.040390 | [Dataset Load] -> "Loading datasets from class Pneumonia"
DEBUG | 2026/05/30 16:43:12.041706 | [Dataset Load] -> "Loading datasets from class Pneumothorax"
DEBUG | 2026/05/30 16:43:12.044258 | [Dataset Load] -> "Dynamically loaded 22921 datas"
DEBUG | 2026/05/30 16:53:22.107685 | [Dataset Load] -> "Loading datasets from data/train"
DEBUG | 2026/05/30 16:53:22.108269 | [Dataset Load] -> "Loading datasets from class Atelectasis"
DEBUG | 2026/05/30 16:53:22.120085 | [Dataset Load] -> "Loading datasets from class Cardiomegaly"
DEBUG | 2026/05/30 16:53:22.123111 | [Dataset Load] -> "Loading datasets from class Consolidation"
DEBUG | 2026/05/30 16:53:22.127164 | [Dataset Load] -> "Loading datasets from class Edema"
DEBUG | 2026/05/30 16:53:22.132668 | [Dataset Load] -> "Loading datasets from class Effusion"
DEBUG | 2026/05/30 16:53:22.138072 | [Dataset Load] -> "Loading datasets from class Emphysema"
DEBUG | 2026/05/30 16:53:22.139994 | [Dataset Load] -> "Loading datasets from class Fibrosis"
DEBUG | 2026/05/30 16:53:22.142292 | [Dataset Load] -> "Loading datasets from class Hernia"
DEBUG | 2026/05/30 16:53:22.142371 | [Dataset Load] -> "Loading datasets from class Infiltration"
DEBUG | 2026/05/30 16:53:22.148900 | [Dataset Load] -> "Loading datasets from class Mass"
DEBUG | 2026/05/30 16:53:22.154680 | [Dataset Load] -> "Loading datasets from class No Finding"
DEBUG | 2026/05/30 16:53:22.166377 | [Dataset Load] -> "Loading datasets from class Nodule"
DEBUG | 2026/05/30 16:53:22.170629 | [Dataset Load] -> "Loading datasets from class Pleural_Thickening"
DEBUG | 2026/05/30 16:53:22.173333 | [Dataset Load] -> "Loading datasets from class Pneumonia"
DEBUG | 2026/05/30 16:53:22.174759 | [Dataset Load] -> "Loading datasets from class Pneumothorax"
DEBUG | 2026/05/30 16:53:22.177274 | [Dataset Load] -> "Dynamically loaded 22921 datas"
DEBUG | 2026/05/30 17:03:32.090099 | [Dataset Load] -> "Loading datasets from data/train"
DEBUG | 2026/05/30 17:03:32.090588 | [Dataset Load] -> "Loading datasets from class Atelectasis"
DEBUG | 2026/05/30 17:03:32.103280 | [Dataset Load] -> "Loading datasets from class Cardiomegaly"
DEBUG | 2026/05/30 17:03:32.106118 | [Dataset Load] -> "Loading datasets from class Consolidation"
DEBUG | 2026/05/30 17:03:32.110175 | [Dataset Load] -> "Loading datasets from class Edema"
DEBUG | 2026/05/30 17:03:32.115566 | [Dataset Load] -> "Loading datasets from class Effusion"
DEBUG | 2026/05/30 17:03:32.120977 | [Dataset Load] -> "Loading datasets from class Emphysema"
DEBUG | 2026/05/30 17:03:32.122841 | [Dataset Load] -> "Loading datasets from class Fibrosis"
DEBUG | 2026/05/30 17:03:32.125123 | [Dataset Load] -> "Loading datasets from class Hernia"
DEBUG | 2026/05/30 17:03:32.125382 | [Dataset Load] -> "Loading datasets from class Infiltration"
DEBUG | 2026/05/30 17:03:32.131944 | [Dataset Load] -> "Loading datasets from class Mass"
DEBUG | 2026/05/30 17:03:32.137571 | [Dataset Load] -> "Loading datasets from class No Finding"
DEBUG | 2026/05/30 17:03:32.149012 | [Dataset Load] -> "Loading datasets from class Nodule"
DEBUG | 2026/05/30 17:03:32.153467 | [Dataset Load] -> "Loading datasets from class Pleural_Thickening"
DEBUG | 2026/05/30 17:03:32.156876 | [Dataset Load] -> "Loading datasets from class Pneumonia"
DEBUG | 2026/05/30 17:03:32.158524 | [Dataset Load] -> "Loading datasets from class Pneumothorax"
DEBUG | 2026/05/30 17:03:32.161328 | [Dataset Load] -> "Dynamically loaded 22921 datas"
DEBUG | 2026/05/30 17:13:42.477914 | [Dataset Load] -> "Loading datasets from data/train"
DEBUG | 2026/05/30 17:13:42.478513 | [Dataset Load] -> "Loading datasets from class Atelectasis"
DEBUG | 2026/05/30 17:13:42.491430 | [Dataset Load] -> "Loading datasets from class Cardiomegaly"
DEBUG | 2026/05/30 17:13:42.494453 | [Dataset Load] -> "Loading datasets from class Consolidation"
DEBUG | 2026/05/30 17:13:42.498436 | [Dataset Load] -> "Loading datasets from class Edema"
DEBUG | 2026/05/30 17:13:42.503746 | [Dataset Load] -> "Loading datasets from class Effusion"
DEBUG | 2026/05/30 17:13:42.508349 | [Dataset Load] -> "Loading datasets from class Emphysema"
DEBUG | 2026/05/30 17:13:42.510259 | [Dataset Load] -> "Loading datasets from class Fibrosis"
DEBUG | 2026/05/30 17:13:42.512563 | [Dataset Load] -> "Loading datasets from class Hernia"
DEBUG | 2026/05/30 17:13:42.512784 | [Dataset Load] -> "Loading datasets from class Infiltration"
DEBUG | 2026/05/30 17:13:42.519268 | [Dataset Load] -> "Loading datasets from class Mass"
DEBUG | 2026/05/30 17:13:42.524965 | [Dataset Load] -> "Loading datasets from class No Finding"
DEBUG | 2026/05/30 17:13:42.536589 | [Dataset Load] -> "Loading datasets from class Nodule"
DEBUG | 2026/05/30 17:13:42.541050 | [Dataset Load] -> "Loading datasets from class Pleural_Thickening"
DEBUG | 2026/05/30 17:13:42.543922 | [Dataset Load] -> "Loading datasets from class Pneumonia"
DEBUG | 2026/05/30 17:13:42.545356 | [Dataset Load] -> "Loading datasets from class Pneumothorax"
DEBUG | 2026/05/30 17:13:42.547828 | [Dataset Load] -> "Dynamically loaded 22921 datas"
DEBUG | 2026/05/30 17:23:52.809303 | [Dataset Load] -> "Loading datasets from data/train"
DEBUG | 2026/05/30 17:23:52.809845 | [Dataset Load] -> "Loading datasets from class Atelectasis"
DEBUG | 2026/05/30 17:23:52.822561 | [Dataset Load] -> "Loading datasets from class Cardiomegaly"
DEBUG | 2026/05/30 17:23:52.825003 | [Dataset Load] -> "Loading datasets from class Consolidation"
DEBUG | 2026/05/30 17:23:52.828764 | [Dataset Load] -> "Loading datasets from class Edema"
DEBUG | 2026/05/30 17:23:52.834012 | [Dataset Load] -> "Loading datasets from class Effusion"
DEBUG | 2026/05/30 17:23:52.839707 | [Dataset Load] -> "Loading datasets from class Emphysema"
DEBUG | 2026/05/30 17:23:52.841617 | [Dataset Load] -> "Loading datasets from class Fibrosis"
DEBUG | 2026/05/30 17:23:52.843890 | [Dataset Load] -> "Loading datasets from class Hernia"
DEBUG | 2026/05/30 17:23:52.844155 | [Dataset Load] -> "Loading datasets from class Infiltration"
DEBUG | 2026/05/30 17:23:52.850688 | [Dataset Load] -> "Loading datasets from class Mass"
DEBUG | 2026/05/30 17:23:52.856405 | [Dataset Load] -> "Loading datasets from class No Finding"
DEBUG | 2026/05/30 17:23:52.869152 | [Dataset Load] -> "Loading datasets from class Nodule"
DEBUG | 2026/05/30 17:23:52.873483 | [Dataset Load] -> "Loading datasets from class Pleural_Thickening"
DEBUG | 2026/05/30 17:23:52.876040 | [Dataset Load] -> "Loading datasets from class Pneumonia"
DEBUG | 2026/05/30 17:23:52.877287 | [Dataset Load] -> "Loading datasets from class Pneumothorax"
DEBUG | 2026/05/30 17:23:52.879836 | [Dataset Load] -> "Dynamically loaded 22921 datas"
DEBUG | 2026/05/30 17:34:02.293673 | [Dataset Load] -> "Loading datasets from data/train"
DEBUG | 2026/05/30 17:34:02.294184 | [Dataset Load] -> "Loading datasets from class Atelectasis"
DEBUG | 2026/05/30 17:34:02.306993 | [Dataset Load] -> "Loading datasets from class Cardiomegaly"
DEBUG | 2026/05/30 17:34:02.309590 | [Dataset Load] -> "Loading datasets from class Consolidation"
DEBUG | 2026/05/30 17:34:02.313469 | [Dataset Load] -> "Loading datasets from class Edema"
DEBUG | 2026/05/30 17:34:02.318870 | [Dataset Load] -> "Loading datasets from class Effusion"
DEBUG | 2026/05/30 17:34:02.324480 | [Dataset Load] -> "Loading datasets from class Emphysema"
DEBUG | 2026/05/30 17:34:02.326388 | [Dataset Load] -> "Loading datasets from class Fibrosis"
DEBUG | 2026/05/30 17:34:02.328653 | [Dataset Load] -> "Loading datasets from class Hernia"
DEBUG | 2026/05/30 17:34:02.328935 | [Dataset Load] -> "Loading datasets from class Infiltration"
DEBUG | 2026/05/30 17:34:02.335462 | [Dataset Load] -> "Loading datasets from class Mass"
DEBUG | 2026/05/30 17:34:02.341392 | [Dataset Load] -> "Loading datasets from class No Finding"
DEBUG | 2026/05/30 17:34:02.353925 | [Dataset Load] -> "Loading datasets from class Nodule"
DEBUG | 2026/05/30 17:34:02.358314 | [Dataset Load] -> "Loading datasets from class Pleural_Thickening"
DEBUG | 2026/05/30 17:34:02.360824 | [Dataset Load] -> "Loading datasets from class Pneumonia"
DEBUG | 2026/05/30 17:34:02.362115 | [Dataset Load] -> "Loading datasets from class Pneumothorax"
DEBUG | 2026/05/30 17:34:02.364675 | [Dataset Load] -> "Dynamically loaded 22921 datas"
DEBUG | 2026/05/30 17:44:12.753486 | [Dataset Load] -> "Loading datasets from data/train"
DEBUG | 2026/05/30 17:44:12.754060 | [Dataset Load] -> "Loading datasets from class Atelectasis"
DEBUG | 2026/05/30 17:44:12.768256 | [Dataset Load] -> "Loading datasets from class Cardiomegaly"
DEBUG | 2026/05/30 17:44:12.770815 | [Dataset Load] -> "Loading datasets from class Consolidation"
DEBUG | 2026/05/30 17:44:12.774780 | [Dataset Load] -> "Loading datasets from class Edema"
DEBUG | 2026/05/30 17:44:12.780370 | [Dataset Load] -> "Loading datasets from class Effusion"
DEBUG | 2026/05/30 17:44:12.785935 | [Dataset Load] -> "Loading datasets from class Emphysema"
DEBUG | 2026/05/30 17:44:12.787918 | [Dataset Load] -> "Loading datasets from class Fibrosis"
DEBUG | 2026/05/30 17:44:12.790205 | [Dataset Load] -> "Loading datasets from class Hernia"
DEBUG | 2026/05/30 17:44:12.790474 | [Dataset Load] -> "Loading datasets from class Infiltration"
DEBUG | 2026/05/30 17:44:12.797122 | [Dataset Load] -> "Loading datasets from class Mass"
DEBUG | 2026/05/30 17:44:12.803045 | [Dataset Load] -> "Loading datasets from class No Finding"
DEBUG | 2026/05/30 17:44:12.815712 | [Dataset Load] -> "Loading datasets from class Nodule"
DEBUG | 2026/05/30 17:44:12.820121 | [Dataset Load] -> "Loading datasets from class Pleural_Thickening"
DEBUG | 2026/05/30 17:44:12.822580 | [Dataset Load] -> "Loading datasets from class Pneumonia"
DEBUG | 2026/05/30 17:44:12.823936 | [Dataset Load] -> "Loading datasets from class Pneumothorax"
DEBUG | 2026/05/30 17:44:12.826453 | [Dataset Load] -> "Dynamically loaded 22921 datas"
DEBUG | 2026/05/30 17:54:23.539219 | [Dataset Load] -> "Loading datasets from data/train"
DEBUG | 2026/05/30 17:54:23.539803 | [Dataset Load] -> "Loading datasets from class Atelectasis"
DEBUG | 2026/05/30 17:54:23.552448 | [Dataset Load] -> "Loading datasets from class Cardiomegaly"
DEBUG | 2026/05/30 17:54:23.555020 | [Dataset Load] -> "Loading datasets from class Consolidation"
DEBUG | 2026/05/30 17:54:23.558903 | [Dataset Load] -> "Loading datasets from class Edema"
DEBUG | 2026/05/30 17:54:23.564273 | [Dataset Load] -> "Loading datasets from class Effusion"
DEBUG | 2026/05/30 17:54:23.569760 | [Dataset Load] -> "Loading datasets from class Emphysema"
DEBUG | 2026/05/30 17:54:23.571666 | [Dataset Load] -> "Loading datasets from class Fibrosis"
DEBUG | 2026/05/30 17:54:23.573924 | [Dataset Load] -> "Loading datasets from class Hernia"
DEBUG | 2026/05/30 17:54:23.574187 | [Dataset Load] -> "Loading datasets from class Infiltration"
DEBUG | 2026/05/30 17:54:23.580895 | [Dataset Load] -> "Loading datasets from class Mass"
DEBUG | 2026/05/30 17:54:23.586441 | [Dataset Load] -> "Loading datasets from class No Finding"
DEBUG | 2026/05/30 17:54:23.599084 | [Dataset Load] -> "Loading datasets from class Nodule"
DEBUG | 2026/05/30 17:54:23.603612 | [Dataset Load] -> "Loading datasets from class Pleural_Thickening"
DEBUG | 2026/05/30 17:54:23.606158 | [Dataset Load] -> "Loading datasets from class Pneumonia"
DEBUG | 2026/05/30 17:54:23.607430 | [Dataset Load] -> "Loading datasets from class Pneumothorax"
DEBUG | 2026/05/30 17:54:23.609971 | [Dataset Load] -> "Dynamically loaded 22921 datas"
DEBUG | 2026/05/31 18:08:01.690239 | [Test Dataset Load] -> "Loading datasets from data/test"
DEBUG | 2026/05/31 18:08:01.725799 | [Test Dataset Load] -> "Dynamically loaded 5000 datas"
DEBUG | 2026/05/31 18:08:01.728625 | [Dataset Load] -> "Loading datasets from data/train"
DEBUG | 2026/05/31 18:08:01.728960 | [Dataset Load] -> "Loading datasets from class Atelectasis"
DEBUG | 2026/05/31 18:08:01.742248 | [Dataset Load] -> "Loading datasets from class Cardiomegaly"
DEBUG | 2026/05/31 18:08:01.745544 | [Dataset Load] -> "Loading datasets from class Consolidation"
DEBUG | 2026/05/31 18:08:01.752016 | [Dataset Load] -> "Loading datasets from class Edema"
DEBUG | 2026/05/31 18:08:01.757659 | [Dataset Load] -> "Loading datasets from class Effusion"
DEBUG | 2026/05/31 18:08:01.763532 | [Dataset Load] -> "Loading datasets from class Emphysema"
DEBUG | 2026/05/31 18:08:01.765823 | [Dataset Load] -> "Loading datasets from class Fibrosis"
DEBUG | 2026/05/31 18:08:01.768247 | [Dataset Load] -> "Loading datasets from class Hernia"
DEBUG | 2026/05/31 18:08:01.768493 | [Dataset Load] -> "Loading datasets from class Infiltration"
DEBUG | 2026/05/31 18:08:01.775443 | [Dataset Load] -> "Loading datasets from class Mass"
DEBUG | 2026/05/31 18:08:01.781095 | [Dataset Load] -> "Loading datasets from class No Finding"
DEBUG | 2026/05/31 18:08:01.793502 | [Dataset Load] -> "Loading datasets from class Nodule"
DEBUG | 2026/05/31 18:08:01.797903 | [Dataset Load] -> "Loading datasets from class Pleural_Thickening"
DEBUG | 2026/05/31 18:08:01.800621 | [Dataset Load] -> "Loading datasets from class Pneumonia"
DEBUG | 2026/05/31 18:08:01.802237 | [Dataset Load] -> "Loading datasets from class Pneumothorax"
DEBUG | 2026/05/31 18:08:01.804932 | [Dataset Load] -> "Dynamically loaded 22921 datas"
DEBUG | 2026/05/31 18:08:01.860642 | [Dataset Load] -> "Loading datasets from data/train"
DEBUG | 2026/05/31 18:08:01.860841 | [Dataset Load] -> "Dynamically loaded 16044 datas"
DEBUG | 2026/05/31 18:08:01.860992 | [Dataset Load] -> "Loading datasets from data/train"
DEBUG | 2026/05/31 18:08:01.861047 | [Dataset Load] -> "Dynamically loaded 6877 datas"
DEBUG | 2026/05/31 18:08:18.009668 | [Test Dataset Load] -> "Loading datasets from data/test"
DEBUG | 2026/05/31 18:08:18.016242 | [Test Dataset Load] -> "Dynamically loaded 5000 datas"
DEBUG | 2026/05/31 18:08:18.017656 | [Dataset Load] -> "Loading datasets from data/train"
DEBUG | 2026/05/31 18:08:18.017970 | [Dataset Load] -> "Loading datasets from class Atelectasis"
DEBUG | 2026/05/31 18:08:18.022332 | [Dataset Load] -> "Loading datasets from class Cardiomegaly"
DEBUG | 2026/05/31 18:08:18.023994 | [Dataset Load] -> "Loading datasets from class Consolidation"
DEBUG | 2026/05/31 18:08:18.027071 | [Dataset Load] -> "Loading datasets from class Edema"
DEBUG | 2026/05/31 18:08:18.028338 | [Dataset Load] -> "Loading datasets from class Effusion"
DEBUG | 2026/05/31 18:08:18.030375 | [Dataset Load] -> "Loading datasets from class Emphysema"
DEBUG | 2026/05/31 18:08:18.031517 | [Dataset Load] -> "Loading datasets from class Fibrosis"
DEBUG | 2026/05/31 18:08:18.032183 | [Dataset Load] -> "Loading datasets from class Hernia"
DEBUG | 2026/05/31 18:08:18.032344 | [Dataset Load] -> "Loading datasets from class Infiltration"
DEBUG | 2026/05/31 18:08:18.035236 | [Dataset Load] -> "Loading datasets from class Mass"
DEBUG | 2026/05/31 18:08:18.037336 | [Dataset Load] -> "Loading datasets from class No Finding"
DEBUG | 2026/05/31 18:08:18.040937 | [Dataset Load] -> "Loading datasets from class Nodule"
DEBUG | 2026/05/31 18:08:18.042628 | [Dataset Load] -> "Loading datasets from class Pleural_Thickening"
DEBUG | 2026/05/31 18:08:18.043368 | [Dataset Load] -> "Loading datasets from class Pneumonia"
DEBUG | 2026/05/31 18:08:18.043637 | [Dataset Load] -> "Loading datasets from class Pneumothorax"
DEBUG | 2026/05/31 18:08:18.045091 | [Dataset Load] -> "Dynamically loaded 22921 datas"
DEBUG | 2026/05/31 18:08:18.116370 | [Dataset Load] -> "Loading datasets from data/train"
DEBUG | 2026/05/31 18:08:18.116598 | [Dataset Load] -> "Dynamically loaded 16044 datas"
DEBUG | 2026/05/31 18:08:18.116783 | [Dataset Load] -> "Loading datasets from data/train"
DEBUG | 2026/05/31 18:08:18.116864 | [Dataset Load] -> "Dynamically loaded 6877 datas"
DEBUG | 2026/05/31 18:10:16.378054 | [Test Dataset Load] -> "Loading datasets from data/test"
DEBUG | 2026/05/31 18:10:16.379725 | [Test Dataset Load] -> "Dynamically loaded 5000 datas"
DEBUG | 2026/05/31 18:10:16.379984 | [Dataset Load] -> "Loading datasets from data/train"
DEBUG | 2026/05/31 18:10:16.380052 | [Dataset Load] -> "Loading datasets from class Atelectasis"
DEBUG | 2026/05/31 18:10:16.381248 | [Dataset Load] -> "Loading datasets from class Cardiomegaly"
DEBUG | 2026/05/31 18:10:16.382000 | [Dataset Load] -> "Loading datasets from class Consolidation"
DEBUG | 2026/05/31 18:10:16.382763 | [Dataset Load] -> "Loading datasets from class Edema"
DEBUG | 2026/05/31 18:10:16.383215 | [Dataset Load] -> "Loading datasets from class Effusion"
DEBUG | 2026/05/31 18:10:16.383995 | [Dataset Load] -> "Loading datasets from class Emphysema"
DEBUG | 2026/05/31 18:10:16.384396 | [Dataset Load] -> "Loading datasets from class Fibrosis"
DEBUG | 2026/05/31 18:10:16.384682 | [Dataset Load] -> "Loading datasets from class Hernia"
DEBUG | 2026/05/31 18:10:16.384744 | [Dataset Load] -> "Loading datasets from class Infiltration"
DEBUG | 2026/05/31 18:10:16.385994 | [Dataset Load] -> "Loading datasets from class Mass"
DEBUG | 2026/05/31 18:10:16.386726 | [Dataset Load] -> "Loading datasets from class No Finding"
DEBUG | 2026/05/31 18:10:16.388025 | [Dataset Load] -> "Loading datasets from class Nodule"
DEBUG | 2026/05/31 18:10:16.388826 | [Dataset Load] -> "Loading datasets from class Pleural_Thickening"
DEBUG | 2026/05/31 18:10:16.389139 | [Dataset Load] -> "Loading datasets from class Pneumonia"
DEBUG | 2026/05/31 18:10:16.389250 | [Dataset Load] -> "Loading datasets from class Pneumothorax"
DEBUG | 2026/05/31 18:10:16.389812 | [Dataset Load] -> "Dynamically loaded 22921 datas"
DEBUG | 2026/05/31 18:10:16.397491 | [Dataset Load] -> "Loading datasets from data/train"
DEBUG | 2026/05/31 18:10:16.397560 | [Dataset Load] -> "Dynamically loaded 16044 datas"
DEBUG | 2026/05/31 18:10:16.397594 | [Dataset Load] -> "Loading datasets from data/train"
DEBUG | 2026/05/31 18:10:16.397639 | [Dataset Load] -> "Dynamically loaded 6877 datas"
DEBUG | 2026/05/31 18:11:23.940436 | [Test Dataset Load] -> "Loading datasets from data/test"
DEBUG | 2026/05/31 18:11:23.942127 | [Test Dataset Load] -> "Dynamically loaded 5000 datas"
DEBUG | 2026/05/31 18:11:23.942393 | [Dataset Load] -> "Loading datasets from data/train"
DEBUG | 2026/05/31 18:11:23.942458 | [Dataset Load] -> "Loading datasets from class Atelectasis"
DEBUG | 2026/05/31 18:11:23.943637 | [Dataset Load] -> "Loading datasets from class Cardiomegaly"
DEBUG | 2026/05/31 18:11:23.944395 | [Dataset Load] -> "Loading datasets from class Consolidation"
DEBUG | 2026/05/31 18:11:23.945129 | [Dataset Load] -> "Loading datasets from class Edema"
DEBUG | 2026/05/31 18:11:23.945576 | [Dataset Load] -> "Loading datasets from class Effusion"
DEBUG | 2026/05/31 18:11:23.946334 | [Dataset Load] -> "Loading datasets from class Emphysema"
DEBUG | 2026/05/31 18:11:23.946743 | [Dataset Load] -> "Loading datasets from class Fibrosis"
DEBUG | 2026/05/31 18:11:23.946998 | [Dataset Load] -> "Loading datasets from class Hernia"
DEBUG | 2026/05/31 18:11:23.947068 | [Dataset Load] -> "Loading datasets from class Infiltration"
DEBUG | 2026/05/31 18:11:23.948301 | [Dataset Load] -> "Loading datasets from class Mass"
DEBUG | 2026/05/31 18:11:23.949006 | [Dataset Load] -> "Loading datasets from class No Finding"
DEBUG | 2026/05/31 18:11:23.950299 | [Dataset Load] -> "Loading datasets from class Nodule"
DEBUG | 2026/05/31 18:11:23.951081 | [Dataset Load] -> "Loading datasets from class Pleural_Thickening"
DEBUG | 2026/05/31 18:11:23.951379 | [Dataset Load] -> "Loading datasets from class Pneumonia"
DEBUG | 2026/05/31 18:11:23.951494 | [Dataset Load] -> "Loading datasets from class Pneumothorax"
DEBUG | 2026/05/31 18:11:23.952063 | [Dataset Load] -> "Dynamically loaded 22921 datas"
DEBUG | 2026/05/31 18:11:23.959714 | [Dataset Load] -> "Loading datasets from data/train"
DEBUG | 2026/05/31 18:11:23.959785 | [Dataset Load] -> "Dynamically loaded 16044 datas"
DEBUG | 2026/05/31 18:11:23.959819 | [Dataset Load] -> "Loading datasets from data/train"
DEBUG | 2026/05/31 18:11:23.959860 | [Dataset Load] -> "Dynamically loaded 6877 datas"
DEBUG | 2026/05/31 18:11:55.481654 | [Test Dataset Load] -> "Loading datasets from data/test"
DEBUG | 2026/05/31 18:11:55.483360 | [Test Dataset Load] -> "Dynamically loaded 5000 datas"
DEBUG | 2026/05/31 18:11:55.483611 | [Dataset Load] -> "Loading datasets from data/train"
DEBUG | 2026/05/31 18:11:55.483675 | [Dataset Load] -> "Loading datasets from class Atelectasis"
DEBUG | 2026/05/31 18:11:55.484849 | [Dataset Load] -> "Loading datasets from class Cardiomegaly"
DEBUG | 2026/05/31 18:11:55.485582 | [Dataset Load] -> "Loading datasets from class Consolidation"
DEBUG | 2026/05/31 18:11:55.486315 | [Dataset Load] -> "Loading datasets from class Edema"
DEBUG | 2026/05/31 18:11:55.486757 | [Dataset Load] -> "Loading datasets from class Effusion"
DEBUG | 2026/05/31 18:11:55.487521 | [Dataset Load] -> "Loading datasets from class Emphysema"
DEBUG | 2026/05/31 18:11:55.487932 | [Dataset Load] -> "Loading datasets from class Fibrosis"
DEBUG | 2026/05/31 18:11:55.488187 | [Dataset Load] -> "Loading datasets from class Hernia"
DEBUG | 2026/05/31 18:11:55.488255 | [Dataset Load] -> "Loading datasets from class Infiltration"
DEBUG | 2026/05/31 18:11:55.489482 | [Dataset Load] -> "Loading datasets from class Mass"
DEBUG | 2026/05/31 18:11:55.490188 | [Dataset Load] -> "Loading datasets from class No Finding"
DEBUG | 2026/05/31 18:11:55.491468 | [Dataset Load] -> "Loading datasets from class Nodule"
DEBUG | 2026/05/31 18:11:55.492172 | [Dataset Load] -> "Loading datasets from class Pleural_Thickening"
DEBUG | 2026/05/31 18:11:55.492563 | [Dataset Load] -> "Loading datasets from class Pneumonia"
DEBUG | 2026/05/31 18:11:55.492674 | [Dataset Load] -> "Loading datasets from class Pneumothorax"
DEBUG | 2026/05/31 18:11:55.493231 | [Dataset Load] -> "Dynamically loaded 22921 datas"
DEBUG | 2026/05/31 18:11:55.500835 | [Dataset Load] -> "Loading datasets from data/train"
DEBUG | 2026/05/31 18:11:55.500902 | [Dataset Load] -> "Dynamically loaded 16044 datas"
DEBUG | 2026/05/31 18:11:55.500933 | [Dataset Load] -> "Loading datasets from data/train"
DEBUG | 2026/05/31 18:11:55.500970 | [Dataset Load] -> "Dynamically loaded 6877 datas"
DEBUG | 2026/05/31 18:15:53.129629 | [Test Dataset Load] -> "Loading datasets from data/test"
DEBUG | 2026/05/31 18:15:53.137760 | [Test Dataset Load] -> "Dynamically loaded 5000 datas"
DEBUG | 2026/05/31 18:15:53.140248 | [Dataset Load] -> "Loading datasets from data/train"
DEBUG | 2026/05/31 18:15:53.140543 | [Dataset Load] -> "Loading datasets from class Atelectasis"
DEBUG | 2026/05/31 18:15:53.144856 | [Dataset Load] -> "Loading datasets from class Cardiomegaly"
DEBUG | 2026/05/31 18:15:53.146574 | [Dataset Load] -> "Loading datasets from class Consolidation"
DEBUG | 2026/05/31 18:15:53.149868 | [Dataset Load] -> "Loading datasets from class Edema"
DEBUG | 2026/05/31 18:15:53.151271 | [Dataset Load] -> "Loading datasets from class Effusion"
DEBUG | 2026/05/31 18:15:53.153513 | [Dataset Load] -> "Loading datasets from class Emphysema"
DEBUG | 2026/05/31 18:15:53.154775 | [Dataset Load] -> "Loading datasets from class Fibrosis"
DEBUG | 2026/05/31 18:15:53.155534 | [Dataset Load] -> "Loading datasets from class Hernia"
DEBUG | 2026/05/31 18:15:53.155721 | [Dataset Load] -> "Loading datasets from class Infiltration"
DEBUG | 2026/05/31 18:15:53.158900 | [Dataset Load] -> "Loading datasets from class Mass"
DEBUG | 2026/05/31 18:15:53.160604 | [Dataset Load] -> "Loading datasets from class No Finding"
DEBUG | 2026/05/31 18:15:53.163713 | [Dataset Load] -> "Loading datasets from class Nodule"
DEBUG | 2026/05/31 18:15:53.165342 | [Dataset Load] -> "Loading datasets from class Pleural_Thickening"
DEBUG | 2026/05/31 18:15:53.166004 | [Dataset Load] -> "Loading datasets from class Pneumonia"
DEBUG | 2026/05/31 18:15:53.166233 | [Dataset Load] -> "Loading datasets from class Pneumothorax"
DEBUG | 2026/05/31 18:15:53.233029 | [Dataset Load] -> "Dynamically loaded 22921 datas"
DEBUG | 2026/05/31 18:15:53.240672 | [Dataset Load] -> "Loading datasets from data/train"
DEBUG | 2026/05/31 18:15:53.240799 | [Dataset Load] -> "Dynamically loaded 16044 datas"
DEBUG | 2026/05/31 18:15:53.240857 | [Dataset Load] -> "Loading datasets from data/train"
DEBUG | 2026/05/31 18:15:53.240902 | [Dataset Load] -> "Dynamically loaded 6877 datas"
DEBUG | 2026/05/31 18:16:14.033813 | [Test Dataset Load] -> "Loading datasets from data/test"
DEBUG | 2026/05/31 18:16:14.042055 | [Test Dataset Load] -> "Dynamically loaded 5000 datas"
DEBUG | 2026/05/31 18:16:14.043397 | [Dataset Load] -> "Loading datasets from data/train"
DEBUG | 2026/05/31 18:16:14.043605 | [Dataset Load] -> "Loading datasets from class Atelectasis"
DEBUG | 2026/05/31 18:16:14.049296 | [Dataset Load] -> "Loading datasets from class Cardiomegaly"
DEBUG | 2026/05/31 18:16:14.051171 | [Dataset Load] -> "Loading datasets from class Consolidation"
DEBUG | 2026/05/31 18:16:14.053272 | [Dataset Load] -> "Loading datasets from class Edema"
DEBUG | 2026/05/31 18:16:14.054515 | [Dataset Load] -> "Loading datasets from class Effusion"
DEBUG | 2026/05/31 18:16:14.056403 | [Dataset Load] -> "Loading datasets from class Emphysema"
DEBUG | 2026/05/31 18:16:14.057418 | [Dataset Load] -> "Loading datasets from class Fibrosis"
DEBUG | 2026/05/31 18:16:14.058075 | [Dataset Load] -> "Loading datasets from class Hernia"
DEBUG | 2026/05/31 18:16:14.058249 | [Dataset Load] -> "Loading datasets from class Infiltration"
DEBUG | 2026/05/31 18:16:14.061486 | [Dataset Load] -> "Loading datasets from class Mass"
DEBUG | 2026/05/31 18:16:14.063631 | [Dataset Load] -> "Loading datasets from class No Finding"
DEBUG | 2026/05/31 18:16:14.066722 | [Dataset Load] -> "Loading datasets from class Nodule"
DEBUG | 2026/05/31 18:16:14.068519 | [Dataset Load] -> "Loading datasets from class Pleural_Thickening"
DEBUG | 2026/05/31 18:16:14.069118 | [Dataset Load] -> "Loading datasets from class Pneumonia"
DEBUG | 2026/05/31 18:16:14.069334 | [Dataset Load] -> "Loading datasets from class Pneumothorax"
DEBUG | 2026/05/31 18:16:14.070454 | [Dataset Load] -> "Dynamically loaded 22921 datas"
DEBUG | 2026/05/31 18:16:14.148197 | [Dataset Load] -> "Loading datasets from data/train"
DEBUG | 2026/05/31 18:16:14.148396 | [Dataset Load] -> "Dynamically loaded 16044 datas"
DEBUG | 2026/05/31 18:16:14.148451 | [Dataset Load] -> "Loading datasets from data/train"
DEBUG | 2026/05/31 18:16:14.148502 | [Dataset Load] -> "Dynamically loaded 6877 datas"
DEBUG | 2026/05/31 18:17:04.376159 | [Test Dataset Load] -> "Loading datasets from data/test"
DEBUG | 2026/05/31 18:17:04.385023 | [Test Dataset Load] -> "Dynamically loaded 5000 datas"
DEBUG | 2026/05/31 18:17:04.386216 | [Dataset Load] -> "Loading datasets from data/train"
DEBUG | 2026/05/31 18:17:04.386491 | [Dataset Load] -> "Loading datasets from class Atelectasis"
DEBUG | 2026/05/31 18:17:04.392646 | [Dataset Load] -> "Loading datasets from class Cardiomegaly"
DEBUG | 2026/05/31 18:17:04.394297 | [Dataset Load] -> "Loading datasets from class Consolidation"
DEBUG | 2026/05/31 18:17:04.396317 | [Dataset Load] -> "Loading datasets from class Edema"
DEBUG | 2026/05/31 18:17:04.397534 | [Dataset Load] -> "Loading datasets from class Effusion"
DEBUG | 2026/05/31 18:17:04.399553 | [Dataset Load] -> "Loading datasets from class Emphysema"
DEBUG | 2026/05/31 18:17:04.400705 | [Dataset Load] -> "Loading datasets from class Fibrosis"
DEBUG | 2026/05/31 18:17:04.401415 | [Dataset Load] -> "Loading datasets from class Hernia"
DEBUG | 2026/05/31 18:17:04.401598 | [Dataset Load] -> "Loading datasets from class Infiltration"
DEBUG | 2026/05/31 18:17:04.404883 | [Dataset Load] -> "Loading datasets from class Mass"
DEBUG | 2026/05/31 18:17:04.406931 | [Dataset Load] -> "Loading datasets from class No Finding"
DEBUG | 2026/05/31 18:17:04.409934 | [Dataset Load] -> "Loading datasets from class Nodule"
DEBUG | 2026/05/31 18:17:04.411803 | [Dataset Load] -> "Loading datasets from class Pleural_Thickening"
DEBUG | 2026/05/31 18:17:04.412516 | [Dataset Load] -> "Loading datasets from class Pneumonia"
DEBUG | 2026/05/31 18:17:04.412782 | [Dataset Load] -> "Loading datasets from class Pneumothorax"
DEBUG | 2026/05/31 18:17:04.414096 | [Dataset Load] -> "Dynamically loaded 22921 datas"
DEBUG | 2026/05/31 18:17:04.491967 | [Dataset Load] -> "Loading datasets from data/train"
DEBUG | 2026/05/31 18:17:04.492187 | [Dataset Load] -> "Dynamically loaded 16044 datas"
DEBUG | 2026/05/31 18:17:04.492382 | [Dataset Load] -> "Loading datasets from data/train"
DEBUG | 2026/05/31 18:17:04.492438 | [Dataset Load] -> "Dynamically loaded 6877 datas"
DEBUG | 2026/05/31 18:17:54.779703 | [Test Dataset Load] -> "Loading datasets from data/test"
DEBUG | 2026/05/31 18:17:54.788231 | [Test Dataset Load] -> "Dynamically loaded 5000 datas"
DEBUG | 2026/05/31 18:17:54.789638 | [Dataset Load] -> "Loading datasets from data/train"
DEBUG | 2026/05/31 18:17:54.789959 | [Dataset Load] -> "Loading datasets from class Atelectasis"
DEBUG | 2026/05/31 18:17:54.795500 | [Dataset Load] -> "Loading datasets from class Cardiomegaly"
DEBUG | 2026/05/31 18:17:54.797235 | [Dataset Load] -> "Loading datasets from class Consolidation"
DEBUG | 2026/05/31 18:17:54.799449 | [Dataset Load] -> "Loading datasets from class Edema"
DEBUG | 2026/05/31 18:17:54.800753 | [Dataset Load] -> "Loading datasets from class Effusion"
DEBUG | 2026/05/31 18:17:54.802747 | [Dataset Load] -> "Loading datasets from class Emphysema"
DEBUG | 2026/05/31 18:17:54.803965 | [Dataset Load] -> "Loading datasets from class Fibrosis"
DEBUG | 2026/05/31 18:17:54.805183 | [Dataset Load] -> "Loading datasets from class Hernia"
DEBUG | 2026/05/31 18:17:54.805435 | [Dataset Load] -> "Loading datasets from class Infiltration"
DEBUG | 2026/05/31 18:17:54.808436 | [Dataset Load] -> "Loading datasets from class Mass"
DEBUG | 2026/05/31 18:17:54.810118 | [Dataset Load] -> "Loading datasets from class No Finding"
DEBUG | 2026/05/31 18:17:54.813148 | [Dataset Load] -> "Loading datasets from class Nodule"
DEBUG | 2026/05/31 18:17:54.814984 | [Dataset Load] -> "Loading datasets from class Pleural_Thickening"
DEBUG | 2026/05/31 18:17:54.815676 | [Dataset Load] -> "Loading datasets from class Pneumonia"
DEBUG | 2026/05/31 18:17:54.815930 | [Dataset Load] -> "Loading datasets from class Pneumothorax"
DEBUG | 2026/05/31 18:17:54.817128 | [Dataset Load] -> "Dynamically loaded 22921 datas"
DEBUG | 2026/05/31 18:17:54.892886 | [Dataset Load] -> "Loading datasets from data/train"
DEBUG | 2026/05/31 18:17:54.893095 | [Dataset Load] -> "Dynamically loaded 16044 datas"
DEBUG | 2026/05/31 18:17:54.893270 | [Dataset Load] -> "Loading datasets from data/train"
DEBUG | 2026/05/31 18:17:54.893322 | [Dataset Load] -> "Dynamically loaded 6877 datas"
DEBUG | 2026/05/31 18:18:28.490272 | [Test Dataset Load] -> "Loading datasets from data/test"
DEBUG | 2026/05/31 18:18:28.498713 | [Test Dataset Load] -> "Dynamically loaded 5000 datas"
DEBUG | 2026/05/31 18:18:28.499886 | [Dataset Load] -> "Loading datasets from data/train"
DEBUG | 2026/05/31 18:18:28.500154 | [Dataset Load] -> "Loading datasets from class Atelectasis"
DEBUG | 2026/05/31 18:18:28.505678 | [Dataset Load] -> "Loading datasets from class Cardiomegaly"
DEBUG | 2026/05/31 18:18:28.507399 | [Dataset Load] -> "Loading datasets from class Consolidation"
DEBUG | 2026/05/31 18:18:28.509450 | [Dataset Load] -> "Loading datasets from class Edema"
DEBUG | 2026/05/31 18:18:28.510561 | [Dataset Load] -> "Loading datasets from class Effusion"
DEBUG | 2026/05/31 18:18:28.512398 | [Dataset Load] -> "Loading datasets from class Emphysema"
DEBUG | 2026/05/31 18:18:28.513568 | [Dataset Load] -> "Loading datasets from class Fibrosis"
DEBUG | 2026/05/31 18:18:28.514451 | [Dataset Load] -> "Loading datasets from class Hernia"
DEBUG | 2026/05/31 18:18:28.514671 | [Dataset Load] -> "Loading datasets from class Infiltration"
DEBUG | 2026/05/31 18:18:28.517913 | [Dataset Load] -> "Loading datasets from class Mass"
DEBUG | 2026/05/31 18:18:28.519634 | [Dataset Load] -> "Loading datasets from class No Finding"
DEBUG | 2026/05/31 18:18:28.522691 | [Dataset Load] -> "Loading datasets from class Nodule"
DEBUG | 2026/05/31 18:18:28.524581 | [Dataset Load] -> "Loading datasets from class Pleural_Thickening"
DEBUG | 2026/05/31 18:18:28.525291 | [Dataset Load] -> "Loading datasets from class Pneumonia"
DEBUG | 2026/05/31 18:18:28.525557 | [Dataset Load] -> "Loading datasets from class Pneumothorax"
DEBUG | 2026/05/31 18:18:28.526759 | [Dataset Load] -> "Dynamically loaded 22921 datas"
DEBUG | 2026/05/31 18:18:28.599357 | [Dataset Load] -> "Loading datasets from data/train"
DEBUG | 2026/05/31 18:18:28.599564 | [Dataset Load] -> "Dynamically loaded 16044 datas"
DEBUG | 2026/05/31 18:18:28.599731 | [Dataset Load] -> "Loading datasets from data/train"
DEBUG | 2026/05/31 18:18:28.599803 | [Dataset Load] -> "Dynamically loaded 6877 datas"
DEBUG | 2026/05/31 18:18:56.610448 | [Test Dataset Load] -> "Loading datasets from data/test"
DEBUG | 2026/05/31 18:18:56.617829 | [Test Dataset Load] -> "Dynamically loaded 5000 datas"
DEBUG | 2026/05/31 18:18:56.619264 | [Dataset Load] -> "Loading datasets from data/train"
DEBUG | 2026/05/31 18:18:56.619572 | [Dataset Load] -> "Loading datasets from class Atelectasis"
DEBUG | 2026/05/31 18:18:56.625222 | [Dataset Load] -> "Loading datasets from class Cardiomegaly"
DEBUG | 2026/05/31 18:18:56.626965 | [Dataset Load] -> "Loading datasets from class Consolidation"
DEBUG | 2026/05/31 18:18:56.629128 | [Dataset Load] -> "Loading datasets from class Edema"
DEBUG | 2026/05/31 18:18:56.630388 | [Dataset Load] -> "Loading datasets from class Effusion"
DEBUG | 2026/05/31 18:18:56.632459 | [Dataset Load] -> "Loading datasets from class Emphysema"
DEBUG | 2026/05/31 18:18:56.633756 | [Dataset Load] -> "Loading datasets from class Fibrosis"
DEBUG | 2026/05/31 18:18:56.634607 | [Dataset Load] -> "Loading datasets from class Hernia"
DEBUG | 2026/05/31 18:18:56.634825 | [Dataset Load] -> "Loading datasets from class Infiltration"
DEBUG | 2026/05/31 18:18:56.638017 | [Dataset Load] -> "Loading datasets from class Mass"
DEBUG | 2026/05/31 18:18:56.639739 | [Dataset Load] -> "Loading datasets from class No Finding"
DEBUG | 2026/05/31 18:18:56.642730 | [Dataset Load] -> "Loading datasets from class Nodule"
DEBUG | 2026/05/31 18:18:56.644551 | [Dataset Load] -> "Loading datasets from class Pleural_Thickening"
DEBUG | 2026/05/31 18:18:56.645256 | [Dataset Load] -> "Loading datasets from class Pneumonia"
DEBUG | 2026/05/31 18:18:56.645517 | [Dataset Load] -> "Loading datasets from class Pneumothorax"
DEBUG | 2026/05/31 18:18:56.646703 | [Dataset Load] -> "Dynamically loaded 22921 datas"
DEBUG | 2026/05/31 18:18:56.723107 | [Dataset Load] -> "Loading datasets from data/train"
DEBUG | 2026/05/31 18:18:56.723333 | [Dataset Load] -> "Dynamically loaded 16044 datas"
DEBUG | 2026/05/31 18:18:56.723532 | [Dataset Load] -> "Loading datasets from data/train"
DEBUG | 2026/05/31 18:18:56.723591 | [Dataset Load] -> "Dynamically loaded 6877 datas"
DEBUG | 2026/05/31 18:19:47.947701 | [Test Dataset Load] -> "Loading datasets from data/test"
DEBUG | 2026/05/31 18:19:47.956106 | [Test Dataset Load] -> "Dynamically loaded 5000 datas"
DEBUG | 2026/05/31 18:19:47.957350 | [Dataset Load] -> "Loading datasets from data/train"
DEBUG | 2026/05/31 18:19:47.957652 | [Dataset Load] -> "Loading datasets from class Atelectasis"
DEBUG | 2026/05/31 18:19:47.963207 | [Dataset Load] -> "Loading datasets from class Cardiomegaly"
DEBUG | 2026/05/31 18:19:47.964940 | [Dataset Load] -> "Loading datasets from class Consolidation"
DEBUG | 2026/05/31 18:19:47.967040 | [Dataset Load] -> "Loading datasets from class Edema"
DEBUG | 2026/05/31 18:19:47.968420 | [Dataset Load] -> "Loading datasets from class Effusion"
DEBUG | 2026/05/31 18:19:47.970564 | [Dataset Load] -> "Loading datasets from class Emphysema"
DEBUG | 2026/05/31 18:19:47.971837 | [Dataset Load] -> "Loading datasets from class Fibrosis"
DEBUG | 2026/05/31 18:19:47.972855 | [Dataset Load] -> "Loading datasets from class Hernia"
DEBUG | 2026/05/31 18:19:47.973050 | [Dataset Load] -> "Loading datasets from class Infiltration"
DEBUG | 2026/05/31 18:19:47.975892 | [Dataset Load] -> "Loading datasets from class Mass"
DEBUG | 2026/05/31 18:19:47.977576 | [Dataset Load] -> "Loading datasets from class No Finding"
DEBUG | 2026/05/31 18:19:47.980616 | [Dataset Load] -> "Loading datasets from class Nodule"
DEBUG | 2026/05/31 18:19:47.982439 | [Dataset Load] -> "Loading datasets from class Pleural_Thickening"
DEBUG | 2026/05/31 18:19:47.983133 | [Dataset Load] -> "Loading datasets from class Pneumonia"
DEBUG | 2026/05/31 18:19:47.983372 | [Dataset Load] -> "Loading datasets from class Pneumothorax"
DEBUG | 2026/05/31 18:19:47.984489 | [Dataset Load] -> "Dynamically loaded 22921 datas"
DEBUG | 2026/05/31 18:19:48.057164 | [Dataset Load] -> "Loading datasets from data/train"
DEBUG | 2026/05/31 18:19:48.057371 | [Dataset Load] -> "Dynamically loaded 16044 datas"
DEBUG | 2026/05/31 18:19:48.057548 | [Dataset Load] -> "Loading datasets from data/train"
DEBUG | 2026/05/31 18:19:48.057621 | [Dataset Load] -> "Dynamically loaded 6877 datas"
DEBUG | 2026/05/31 18:20:00.180355 | [Test Dataset Load] -> "Loading datasets from data/test"
DEBUG | 2026/05/31 18:20:00.189652 | [Test Dataset Load] -> "Dynamically loaded 5000 datas"
DEBUG | 2026/05/31 18:20:00.191269 | [Dataset Load] -> "Loading datasets from data/train"
DEBUG | 2026/05/31 18:20:00.191607 | [Dataset Load] -> "Loading datasets from class Atelectasis"
DEBUG | 2026/05/31 18:20:00.197499 | [Dataset Load] -> "Loading datasets from class Cardiomegaly"
DEBUG | 2026/05/31 18:20:00.199070 | [Dataset Load] -> "Loading datasets from class Consolidation"
DEBUG | 2026/05/31 18:20:00.201232 | [Dataset Load] -> "Loading datasets from class Edema"
DEBUG | 2026/05/31 18:20:00.202453 | [Dataset Load] -> "Loading datasets from class Effusion"
DEBUG | 2026/05/31 18:20:00.204342 | [Dataset Load] -> "Loading datasets from class Emphysema"
DEBUG | 2026/05/31 18:20:00.205323 | [Dataset Load] -> "Loading datasets from class Fibrosis"
DEBUG | 2026/05/31 18:20:00.206128 | [Dataset Load] -> "Loading datasets from class Hernia"
DEBUG | 2026/05/31 18:20:00.206481 | [Dataset Load] -> "Loading datasets from class Infiltration"
DEBUG | 2026/05/31 18:20:00.209986 | [Dataset Load] -> "Loading datasets from class Mass"
DEBUG | 2026/05/31 18:20:00.211732 | [Dataset Load] -> "Loading datasets from class No Finding"
DEBUG | 2026/05/31 18:20:00.214794 | [Dataset Load] -> "Loading datasets from class Nodule"
DEBUG | 2026/05/31 18:20:00.216649 | [Dataset Load] -> "Loading datasets from class Pleural_Thickening"
DEBUG | 2026/05/31 18:20:00.217377 | [Dataset Load] -> "Loading datasets from class Pneumonia"
DEBUG | 2026/05/31 18:20:00.217644 | [Dataset Load] -> "Loading datasets from class Pneumothorax"
DEBUG | 2026/05/31 18:20:00.218896 | [Dataset Load] -> "Dynamically loaded 22921 datas"
DEBUG | 2026/05/31 18:20:00.294178 | [Dataset Load] -> "Loading datasets from data/train"
DEBUG | 2026/05/31 18:20:00.294389 | [Dataset Load] -> "Dynamically loaded 16044 datas"
DEBUG | 2026/05/31 18:20:00.294584 | [Dataset Load] -> "Loading datasets from data/train"
DEBUG | 2026/05/31 18:20:00.294637 | [Dataset Load] -> "Dynamically loaded 6877 datas"
DEBUG | 2026/05/31 18:22:47.834399 | [Test Dataset Load] -> "Loading datasets from data/test"
DEBUG | 2026/05/31 18:22:47.871654 | [Test Dataset Load] -> "Dynamically loaded 5000 datas"
DEBUG | 2026/05/31 18:22:47.873180 | [Dataset Load] -> "Loading datasets from data/train"
DEBUG | 2026/05/31 18:22:47.873339 | [Dataset Load] -> "Loading datasets from class Atelectasis"
DEBUG | 2026/05/31 18:22:47.878446 | [Dataset Load] -> "Loading datasets from class Cardiomegaly"
DEBUG | 2026/05/31 18:22:47.880356 | [Dataset Load] -> "Loading datasets from class Consolidation"
DEBUG | 2026/05/31 18:22:47.882317 | [Dataset Load] -> "Loading datasets from class Edema"
DEBUG | 2026/05/31 18:22:47.884831 | [Dataset Load] -> "Loading datasets from class Effusion"
DEBUG | 2026/05/31 18:22:47.887728 | [Dataset Load] -> "Loading datasets from class Emphysema"
DEBUG | 2026/05/31 18:22:47.890832 | [Dataset Load] -> "Loading datasets from class Fibrosis"
DEBUG | 2026/05/31 18:22:47.891493 | [Dataset Load] -> "Loading datasets from class Hernia"
DEBUG | 2026/05/31 18:22:47.891604 | [Dataset Load] -> "Loading datasets from class Infiltration"
DEBUG | 2026/05/31 18:22:47.895325 | [Dataset Load] -> "Loading datasets from class Mass"
DEBUG | 2026/05/31 18:22:47.900693 | [Dataset Load] -> "Loading datasets from class No Finding"
DEBUG | 2026/05/31 18:22:47.904200 | [Dataset Load] -> "Loading datasets from class Nodule"
DEBUG | 2026/05/31 18:22:47.906087 | [Dataset Load] -> "Loading datasets from class Pleural_Thickening"
DEBUG | 2026/05/31 18:22:47.908779 | [Dataset Load] -> "Loading datasets from class Pneumonia"
DEBUG | 2026/05/31 18:22:47.908952 | [Dataset Load] -> "Loading datasets from class Pneumothorax"
DEBUG | 2026/05/31 18:22:47.910018 | [Dataset Load] -> "Dynamically loaded 22921 datas"
DEBUG | 2026/05/31 18:22:47.971437 | [Dataset Load] -> "Loading datasets from data/train"
DEBUG | 2026/05/31 18:22:47.971647 | [Dataset Load] -> "Dynamically loaded 16044 datas"
DEBUG | 2026/05/31 18:22:47.971808 | [Dataset Load] -> "Loading datasets from data/train"
DEBUG | 2026/05/31 18:22:47.971875 | [Dataset Load] -> "Dynamically loaded 6877 datas"
