INFO  | 2026/05/20 01:08:16.269791 | [Train] -> "Weights loaded from EPOCH 0"
INFO  | 2026/05/20 01:08:16.270022 | [Train] -> "Training EPOCH 1"
INFO  | 2026/05/20 01:21:04.040109 | [Train] -> "Finished training EPOCH 1 with loss 0.0016460143455316646, saving"
INFO  | 2026/05/20 01:21:04.724938 | [Train] -> "Weights loaded from EPOCH 1"
INFO  | 2026/05/20 01:21:04.725082 | [Train] -> "Training EPOCH 2"
INFO  | 2026/05/20 01:28:07.809801 | [Train] -> "Weights loaded from EPOCH 1"
INFO  | 2026/05/20 01:28:07.810403 | [Train] -> "Training EPOCH 2"
INFO  | 2026/05/20 01:28:39.815559 | [Train] -> "Weights loaded from EPOCH 1"
INFO  | 2026/05/20 01:28:39.816021 | [Train] -> "Training EPOCH 2"
INFO  | 2026/05/20 01:29:19.366086 | [Train] -> "Weights loaded from EPOCH 1"
INFO  | 2026/05/20 01:29:19.366357 | [Train] -> "Training EPOCH 2"
INFO  | 2026/05/20 01:29:51.334880 | [Train] -> "Weights loaded from EPOCH 1"
INFO  | 2026/05/20 01:29:51.335445 | [Train] -> "Training EPOCH 2"
INFO  | 2026/05/20 01:30:06.002978 | [Train] -> "Weights loaded from EPOCH 1"
INFO  | 2026/05/20 01:30:06.003569 | [Train] -> "Training EPOCH 2"
INFO  | 2026/05/20 01:30:20.453292 | [Train] -> "Weights loaded from EPOCH 1"
INFO  | 2026/05/20 01:30:20.453850 | [Train] -> "Training EPOCH 2"
INFO  | 2026/05/20 01:30:53.154723 | [Train] -> "Weights loaded from EPOCH 1"
INFO  | 2026/05/20 01:30:53.155377 | [Train] -> "Training EPOCH 2"
INFO  | 2026/05/20 01:32:11.723008 | [Train] -> "Training EPOCH 0"
INFO  | 2026/05/20 01:32:57.565005 | [Train] -> "Training EPOCH 0"
INFO  | 2026/05/20 01:33:51.504109 | [Train] -> "Training EPOCH 0"
INFO  | 2026/05/20 01:34:18.590527 | [Train] -> "Training EPOCH 0"
INFO  | 2026/05/20 01:34:34.946678 | [Train] -> "Training EPOCH 0"
INFO  | 2026/05/20 01:35:01.815929 | [Train] -> "Training EPOCH 0"
INFO  | 2026/05/20 01:37:06.428259 | [Train] -> "Training EPOCH 0"
INFO  | 2026/05/20 01:37:16.114586 | [Train] -> "Training EPOCH 0"
INFO  | 2026/05/20 01:43:17.252945 | [Train] -> "Training EPOCH 0"
INFO  | 2026/05/20 01:43:49.397322 | [Train] -> "Training EPOCH 0"
INFO  | 2026/05/20 01:44:11.142066 | [Train] -> "Training EPOCH 0"
INFO  | 2026/05/20 01:44:12.121520 | [Train] -> "Weights loaded from EPOCH 0"
INFO  | 2026/05/20 01:44:12.121727 | [Train] -> "Training EPOCH 1"
INFO  | 2026/05/20 01:44:12.661827 | [Train] -> "Weights loaded from EPOCH 1"
INFO  | 2026/05/20 01:44:12.662158 | [Train] -> "Training EPOCH 2"
INFO  | 2026/05/20 01:44:13.215807 | [Train] -> "Weights loaded from EPOCH 2"
INFO  | 2026/05/20 01:44:13.215931 | [Train] -> "Training EPOCH 3"
INFO  | 2026/05/20 01:44:13.756449 | [Train] -> "Weights loaded from EPOCH 3"
INFO  | 2026/05/20 01:44:13.756693 | [Train] -> "Training EPOCH 4"
INFO  | 2026/05/20 01:44:14.325450 | [Train] -> "Weights loaded from EPOCH 4"
INFO  | 2026/05/20 01:44:14.325658 | [Train] -> "Training EPOCH 5"
INFO  | 2026/05/20 01:44:14.827542 | [Train] -> "Weights loaded from EPOCH 5"
INFO  | 2026/05/20 01:44:14.827668 | [Train] -> "Training EPOCH 6"
INFO  | 2026/05/20 01:44:15.358878 | [Train] -> "Weights loaded from EPOCH 6"
INFO  | 2026/05/20 01:44:15.359080 | [Train] -> "Training EPOCH 7"
INFO  | 2026/05/20 01:44:15.901125 | [Train] -> "Weights loaded from EPOCH 7"
INFO  | 2026/05/20 01:44:15.901395 | [Train] -> "Training EPOCH 8"
INFO  | 2026/05/20 01:45:35.401187 | [Train] -> "Weights loaded from EPOCH 0"
INFO  | 2026/05/20 01:45:35.401553 | [Train] -> "Training EPOCH 1"
INFO  | 2026/05/20 01:45:54.318052 | [Train] -> "Weights loaded from EPOCH 0"
INFO  | 2026/05/20 01:45:54.318653 | [Train] -> "Training EPOCH 1"
INFO  | 2026/05/20 01:46:10.484325 | [Train] -> "Weights loaded from EPOCH 0"
INFO  | 2026/05/20 01:46:10.484524 | [Train] -> "Training EPOCH 1"
INFO  | 2026/05/20 01:47:17.313063 | [Train] -> "Weights loaded from EPOCH 0"
INFO  | 2026/05/20 01:47:17.313239 | [Train] -> "Training EPOCH 1"
INFO  | 2026/05/20 01:47:44.357060 | [Train] -> "Weights loaded from EPOCH 0"
INFO  | 2026/05/20 01:47:44.357251 | [Train] -> "Training EPOCH 1"
INFO  | 2026/05/20 01:56:21.229535 | [Train] -> "Weights loaded from EPOCH 0"
INFO  | 2026/05/20 01:56:21.229860 | [Train] -> "Training EPOCH 1"
INFO  | 2026/05/20 01:58:49.841817 | [Train] -> "Weights loaded from EPOCH 0"
INFO  | 2026/05/20 01:58:49.842117 | [Train] -> "Training EPOCH 1"
INFO  | 2026/05/20 02:10:10.483017 | [Train] -> "Finished training EPOCH 1 with loss 0.20731184244383383, saving"
INFO  | 2026/05/20 02:10:10.658129 | [Train] -> "Training EPOCH 2"
INFO  | 2026/05/20 02:13:26.551269 | [Train] -> "Weights loaded from EPOCH 1"
INFO  | 2026/05/20 02:13:26.551547 | [Train] -> "Training EPOCH 2"
INFO  | 2026/05/20 02:24:46.745547 | [Train] -> "Finished training EPOCH 2 with loss 0.20229353035451803, saving"
INFO  | 2026/05/20 02:24:46.922924 | [Train] -> "Training EPOCH 3"
INFO  | 2026/05/20 02:36:06.719699 | [Train] -> "Finished training EPOCH 3 with loss 0.19885049073295738, saving"
INFO  | 2026/05/20 02:36:06.882824 | [Train] -> "Training EPOCH 4"
INFO  | 2026/05/20 02:47:26.278689 | [Train] -> "Finished training EPOCH 4 with loss 0.1949298382783664, saving"
INFO  | 2026/05/20 02:47:26.448394 | [Train] -> "Training EPOCH 5"
INFO  | 2026/05/20 02:58:44.010380 | [Train] -> "Finished training EPOCH 5 with loss 0.19113943771551584, saving"
INFO  | 2026/05/20 02:58:44.176920 | [Train] -> "Training EPOCH 6"
INFO  | 2026/05/20 03:10:05.032659 | [Train] -> "Finished training EPOCH 6 with loss 0.18762883535095753, saving"
INFO  | 2026/05/20 03:10:05.198468 | [Train] -> "Training EPOCH 7"
INFO  | 2026/05/20 03:21:24.352951 | [Train] -> "Finished training EPOCH 7 with loss 0.1832847308543802, saving"
INFO  | 2026/05/20 03:21:24.521747 | [Train] -> "Training EPOCH 8"
INFO  | 2026/05/20 03:32:43.775670 | [Train] -> "Finished training EPOCH 8 with loss 0.17830779794745774, saving"
INFO  | 2026/05/20 03:32:43.940782 | [Train] -> "Training EPOCH 9"
INFO  | 2026/05/20 03:44:03.404323 | [Train] -> "Finished training EPOCH 9 with loss 0.17284698108680377, saving"
INFO  | 2026/05/20 03:44:03.571724 | [Train] -> "Training EPOCH 10"
INFO  | 2026/05/20 03:55:23.120669 | [Train] -> "Finished training EPOCH 10 with loss 0.1653014475926188, saving"
INFO  | 2026/05/20 03:55:23.290066 | [Train] -> "Training EPOCH 11"
INFO  | 2026/05/20 04:06:42.701761 | [Train] -> "Finished training EPOCH 11 with loss 0.15770688257713356, saving"
INFO  | 2026/05/20 04:06:42.865689 | [Train] -> "Training EPOCH 12"
INFO  | 2026/05/20 04:18:02.260688 | [Train] -> "Finished training EPOCH 12 with loss 0.1483043310535318, saving"
INFO  | 2026/05/20 04:18:02.430570 | [Train] -> "Training EPOCH 13"
INFO  | 2026/05/20 04:29:21.800001 | [Train] -> "Finished training EPOCH 13 with loss 0.1378308117708177, saving"
INFO  | 2026/05/20 04:29:21.967990 | [Train] -> "Training EPOCH 14"
INFO  | 2026/05/20 04:40:41.205104 | [Train] -> "Finished training EPOCH 14 with loss 0.12635193558253405, saving"
INFO  | 2026/05/20 04:40:41.373396 | [Train] -> "Training EPOCH 15"
INFO  | 2026/05/20 04:52:00.904293 | [Train] -> "Finished training EPOCH 15 with loss 0.11478833137407103, saving"
INFO  | 2026/05/20 04:52:01.070677 | [Train] -> "Training EPOCH 16"
INFO  | 2026/05/20 05:03:20.690137 | [Train] -> "Finished training EPOCH 16 with loss 0.10204304677555125, saving"
INFO  | 2026/05/20 05:03:20.862252 | [Train] -> "Training EPOCH 17"
INFO  | 2026/05/20 05:14:38.503791 | [Train] -> "Finished training EPOCH 17 with loss 0.09102373405267264, saving"
INFO  | 2026/05/20 05:14:38.666828 | [Train] -> "Training EPOCH 18"
INFO  | 2026/05/20 05:25:53.335899 | [Train] -> "Finished training EPOCH 18 with loss 0.08097601624333677, saving"
INFO  | 2026/05/20 05:25:53.498002 | [Train] -> "Training EPOCH 19"
INFO  | 2026/05/20 05:37:08.485395 | [Train] -> "Finished training EPOCH 19 with loss 0.07208811402548361, saving"
INFO  | 2026/05/20 05:37:08.646087 | [Train] -> "Training EPOCH 20"
INFO  | 2026/05/20 05:48:23.139016 | [Train] -> "Finished training EPOCH 20 with loss 0.06422545163856663, saving"
INFO  | 2026/05/20 05:48:23.300242 | [Train] -> "Training EPOCH 21"
INFO  | 2026/05/20 05:59:38.016497 | [Train] -> "Finished training EPOCH 21 with loss 0.05810229246611245, saving"
INFO  | 2026/05/20 05:59:38.178003 | [Train] -> "Training EPOCH 22"
INFO  | 2026/05/20 06:10:52.441540 | [Train] -> "Finished training EPOCH 22 with loss 0.053566585831941314, saving"
INFO  | 2026/05/20 06:10:52.601740 | [Train] -> "Training EPOCH 23"
INFO  | 2026/05/20 06:22:10.356597 | [Train] -> "Finished training EPOCH 23 with loss 0.048191368699585665, saving"
INFO  | 2026/05/20 06:22:10.524285 | [Train] -> "Training EPOCH 24"
INFO  | 2026/05/20 06:33:30.043194 | [Train] -> "Finished training EPOCH 24 with loss 0.045897934922472156, saving"
INFO  | 2026/05/20 06:33:30.212355 | [Train] -> "Training EPOCH 25"
INFO  | 2026/05/20 06:44:49.706512 | [Train] -> "Finished training EPOCH 25 with loss 0.042320502540878664, saving"
INFO  | 2026/05/20 06:44:49.880524 | [Train] -> "Training EPOCH 26"
INFO  | 2026/05/20 06:56:09.463373 | [Train] -> "Finished training EPOCH 26 with loss 0.03891633754134007, saving"
INFO  | 2026/05/20 06:56:09.631830 | [Train] -> "Training EPOCH 27"
INFO  | 2026/05/20 07:07:34.315147 | [Train] -> "Finished training EPOCH 27 with loss 0.03678153671661946, saving"
INFO  | 2026/05/20 07:07:34.473431 | [Train] -> "Training EPOCH 28"
INFO  | 2026/05/20 07:19:01.484835 | [Train] -> "Finished training EPOCH 28 with loss 0.034563820141026366, saving"
INFO  | 2026/05/20 07:19:01.654462 | [Train] -> "Training EPOCH 29"
INFO  | 2026/05/20 07:30:29.010742 | [Train] -> "Finished training EPOCH 29 with loss 0.03331011560407844, saving"
INFO  | 2026/05/20 07:30:29.182420 | [Train] -> "Training EPOCH 30"
INFO  | 2026/05/20 07:41:56.424483 | [Train] -> "Finished training EPOCH 30 with loss 0.031050713647882106, saving"
INFO  | 2026/05/20 07:41:56.597283 | [Train] -> "Training EPOCH 31"
INFO  | 2026/05/20 07:53:23.987291 | [Train] -> "Finished training EPOCH 31 with loss 0.028939741359799674, saving"
INFO  | 2026/05/20 07:53:24.154894 | [Train] -> "Training EPOCH 32"
INFO  | 2026/05/20 08:04:51.501785 | [Train] -> "Finished training EPOCH 32 with loss 0.028685220331842266, saving"
INFO  | 2026/05/20 08:04:51.664741 | [Train] -> "Training EPOCH 33"
INFO  | 2026/05/20 08:16:18.860923 | [Train] -> "Finished training EPOCH 33 with loss 0.027214773556222885, saving"
INFO  | 2026/05/20 08:16:19.030485 | [Train] -> "Training EPOCH 34"
INFO  | 2026/05/20 08:27:46.394171 | [Train] -> "Finished training EPOCH 34 with loss 0.024673861970312766, saving"
INFO  | 2026/05/20 08:27:46.560953 | [Train] -> "Training EPOCH 35"
INFO  | 2026/05/20 08:39:13.837749 | [Train] -> "Finished training EPOCH 35 with loss 0.024449600268009596, saving"
INFO  | 2026/05/20 08:39:14.006421 | [Train] -> "Training EPOCH 36"
INFO  | 2026/05/20 08:50:41.772970 | [Train] -> "Finished training EPOCH 36 with loss 0.02410677072961765, saving"
INFO  | 2026/05/20 08:50:41.943256 | [Train] -> "Training EPOCH 37"
INFO  | 2026/05/20 09:02:09.231120 | [Train] -> "Finished training EPOCH 37 with loss 0.02341998289946648, saving"
INFO  | 2026/05/20 09:02:09.404096 | [Train] -> "Training EPOCH 38"
INFO  | 2026/05/20 09:13:36.772169 | [Train] -> "Finished training EPOCH 38 with loss 0.021954837018283588, saving"
INFO  | 2026/05/20 09:13:36.935544 | [Train] -> "Training EPOCH 39"
INFO  | 2026/05/20 09:25:04.244518 | [Train] -> "Finished training EPOCH 39 with loss 0.021461221391623056, saving"
INFO  | 2026/05/20 09:25:04.415743 | [Train] -> "Training EPOCH 40"
INFO  | 2026/05/20 09:36:31.729559 | [Train] -> "Finished training EPOCH 40 with loss 0.020367461896513922, saving"
INFO  | 2026/05/20 09:36:31.899153 | [Train] -> "Training EPOCH 41"
INFO  | 2026/05/20 09:47:59.674289 | [Train] -> "Finished training EPOCH 41 with loss 0.020090763090153486, saving"
INFO  | 2026/05/20 09:47:59.844714 | [Train] -> "Training EPOCH 42"
INFO  | 2026/05/20 09:59:28.355452 | [Train] -> "Finished training EPOCH 42 with loss 0.02007025021311866, saving"
INFO  | 2026/05/20 09:59:28.523764 | [Train] -> "Training EPOCH 43"
INFO  | 2026/05/20 10:12:38.614649 | [Train] -> "Finished training EPOCH 43 with loss 0.019690279446396522, saving"
INFO  | 2026/05/20 10:12:38.783061 | [Train] -> "Training EPOCH 44"
INFO  | 2026/05/20 10:24:06.377590 | [Train] -> "Finished training EPOCH 44 with loss 0.018042720205929015, saving"
INFO  | 2026/05/20 10:24:06.550551 | [Train] -> "Training EPOCH 45"
INFO  | 2026/05/20 10:35:37.474530 | [Train] -> "Finished training EPOCH 45 with loss 0.017658880892165718, saving"
INFO  | 2026/05/20 10:35:37.644701 | [Train] -> "Training EPOCH 46"
INFO  | 2026/05/20 10:38:06.451274 | [Train] -> "Weights loaded from EPOCH 45"
INFO  | 2026/05/20 10:38:06.451559 | [Train] -> "Training EPOCH 46"
INFO  | 2026/05/20 10:39:07.943430 | [Train] -> "Weights loaded from EPOCH 45"
INFO  | 2026/05/20 10:39:07.943702 | [Train] -> "Training EPOCH 46"
INFO  | 2026/05/20 10:39:31.697963 | [Train] -> "Weights loaded from EPOCH 45"
INFO  | 2026/05/20 10:39:31.698362 | [Train] -> "Training EPOCH 46"
INFO  | 2026/05/20 10:47:11.603093 | [Train] -> "Finished training EPOCH 46 with loss 0.017639896614927594, saving"
INFO  | 2026/05/20 10:47:11.769672 | [Train] -> "Training EPOCH 47"
INFO  | 2026/05/20 10:53:00.706884 | [Train] -> "Training EPOCH 47"
INFO  | 2026/05/20 10:54:34.165603 | [Train] -> "Training EPOCH 48"
INFO  | 2026/05/20 10:59:06.042086 | [Train] -> "Finished training EPOCH 47 with loss 0.016674770842835515, saving"
INFO  | 2026/05/20 10:59:06.209599 | [Train] -> "Training EPOCH 48"
INFO  | 2026/05/20 11:07:35.529746 | [Train] -> "Training EPOCH 48"
INFO  | 2026/05/20 11:07:35.529988 | [Validate] -> "Validating for EPOCH 48"
INFO  | 2026/05/20 11:08:19.603535 | [Train] -> "Training EPOCH 48"
INFO  | 2026/05/20 11:08:19.603797 | [Validate] -> "Validating for EPOCH 48"
INFO  | 2026/05/20 11:09:02.533338 | [Train] -> "Training EPOCH 48"
INFO  | 2026/05/20 11:09:02.533455 | [Validate] -> "Validating for EPOCH 48"
INFO  | 2026/05/20 11:09:22.192383 | [Train] -> "Training EPOCH 48"
INFO  | 2026/05/20 11:09:22.192450 | [Validate] -> "Validating for EPOCH 48"
INFO  | 2026/05/20 11:10:28.693798 | [Train] -> "Training EPOCH 48"
INFO  | 2026/05/20 11:10:28.693890 | [Validate] -> "Validating for EPOCH 48"
INFO  | 2026/05/20 11:10:46.165314 | [Train] -> "Finished training EPOCH 48 with loss 0.016606146277358156, saving"
INFO  | 2026/05/20 11:10:46.313069 | [Train] -> "Training EPOCH 49"
INFO  | 2026/05/20 11:11:05.995421 | [Train] -> "Training EPOCH 49"
INFO  | 2026/05/20 11:11:05.995555 | [Validate] -> "Validating for EPOCH 49"
INFO  | 2026/05/20 11:11:19.789928 | [Train] -> "Training EPOCH 49"
INFO  | 2026/05/20 11:11:19.790022 | [Validate] -> "Validating for EPOCH 49"
INFO  | 2026/05/20 11:12:27.846421 | [Train] -> "Training EPOCH 49"
INFO  | 2026/05/20 11:12:27.846715 | [Validate] -> "Validating for EPOCH 49"
INFO  | 2026/05/20 11:15:13.991642 | [Train] -> "Training EPOCH 0"
INFO  | 2026/05/20 11:15:13.992714 | [Validate] -> "Validating for EPOCH 0"
INFO  | 2026/05/20 11:16:45.321118 | [Train] -> "New learning rate = 0.001"
INFO  | 2026/05/20 11:16:45.321983 | [Train] -> "Training EPOCH 1"
INFO  | 2026/05/20 11:16:45.322061 | [Validate] -> "Validating for EPOCH 1"
INFO  | 2026/05/20 11:23:15.479676 | [Train] -> "Finished training EPOCH 49 with loss 0.016465543095253048, saving"
INFO  | 2026/05/20 11:23:15.641234 | [Train] -> "Training EPOCH 50"
INFO  | 2026/05/20 11:24:44.610260 | [Train] -> "Training EPOCH 0"
INFO  | 2026/05/20 11:33:59.134543 | [Train] -> "Finished training EPOCH 0 with loss 0.2395542605460145, saving"
INFO  | 2026/05/20 11:33:59.338223 | [Validate] -> "Validating for EPOCH 0"
INFO  | 2026/05/20 11:34:57.474482 | [scheduler] -> "New learning rate = 0.0001"
INFO  | 2026/05/20 11:34:57.475324 | [Train] -> "Training EPOCH 1"
INFO  | 2026/05/20 11:44:18.007594 | [Train] -> "Finished training EPOCH 1 with loss 0.2115760113276143, saving"
INFO  | 2026/05/20 11:44:18.176135 | [Validate] -> "Validating for EPOCH 1"
INFO  | 2026/05/20 11:45:15.278690 | [scheduler] -> "New learning rate = 0.0001"
INFO  | 2026/05/20 11:45:15.279540 | [Train] -> "Training EPOCH 2"
INFO  | 2026/05/20 11:54:22.516973 | [Train] -> "Finished training EPOCH 2 with loss 0.20656717355924709, saving"
INFO  | 2026/05/20 11:54:22.683085 | [Validate] -> "Validating for EPOCH 2"
INFO  | 2026/05/20 11:55:19.874338 | [scheduler] -> "New learning rate = 0.0001"
INFO  | 2026/05/20 11:55:19.875200 | [Train] -> "Training EPOCH 3"
INFO  | 2026/05/20 12:04:27.079399 | [Train] -> "Finished training EPOCH 3 with loss 0.20247981555987404, saving"
INFO  | 2026/05/20 12:04:27.247085 | [Validate] -> "Validating for EPOCH 3"
INFO  | 2026/05/20 12:05:24.269039 | [scheduler] -> "New learning rate = 0.0001"
INFO  | 2026/05/20 12:05:24.269862 | [Train] -> "Training EPOCH 4"
INFO  | 2026/05/20 12:14:38.075207 | [Train] -> "Finished training EPOCH 4 with loss 0.19982185976878378, saving"
INFO  | 2026/05/20 12:14:38.243525 | [Validate] -> "Validating for EPOCH 4"
INFO  | 2026/05/20 12:15:35.842674 | [scheduler] -> "New learning rate = 0.0001"
INFO  | 2026/05/20 12:15:35.842972 | [Train] -> "Training EPOCH 5"
INFO  | 2026/05/20 12:24:46.829753 | [Train] -> "Finished training EPOCH 5 with loss 0.19718005098118127, saving"
INFO  | 2026/05/20 12:24:47.002146 | [Validate] -> "Validating for EPOCH 5"
INFO  | 2026/05/20 12:25:44.110289 | [scheduler] -> "New learning rate = 0.0001"
INFO  | 2026/05/20 12:25:44.111151 | [Train] -> "Training EPOCH 6"
INFO  | 2026/05/20 12:34:55.930962 | [Train] -> "Finished training EPOCH 6 with loss 0.19443084107328007, saving"
INFO  | 2026/05/20 12:34:56.100374 | [Validate] -> "Validating for EPOCH 6"
INFO  | 2026/05/20 12:35:54.552275 | [scheduler] -> "New learning rate = 0.0001"
INFO  | 2026/05/20 12:35:54.553034 | [Train] -> "Training EPOCH 7"
INFO  | 2026/05/20 12:36:57.216036 | [Train] -> "Training EPOCH 7"
INFO  | 2026/05/20 12:46:06.419030 | [Train] -> "Finished training EPOCH 7 with loss 0.19196036658498622, saving"
INFO  | 2026/05/20 12:46:06.585614 | [Validate] -> "Validating for EPOCH 7"
INFO  | 2026/05/20 12:47:04.076564 | [scheduler] -> "New learning rate = 0.0001"
INFO  | 2026/05/20 12:47:04.077083 | [Train] -> "Training EPOCH 8"
INFO  | 2026/05/20 12:56:11.918902 | [Train] -> "Finished training EPOCH 8 with loss 0.18885434463278938, saving"
INFO  | 2026/05/20 12:56:12.087138 | [Validate] -> "Validating for EPOCH 8"
INFO  | 2026/05/20 12:57:09.251790 | [scheduler] -> "New learning rate = 0.0001"
INFO  | 2026/05/20 12:57:09.252620 | [Train] -> "Training EPOCH 9"
INFO  | 2026/05/20 13:06:16.825428 | [Train] -> "Finished training EPOCH 9 with loss 0.18595953258963033, saving"
INFO  | 2026/05/20 13:06:16.988729 | [Validate] -> "Validating for EPOCH 9"
INFO  | 2026/05/20 13:07:14.019061 | [scheduler] -> "New learning rate = 0.0001"
INFO  | 2026/05/20 13:07:14.019929 | [Train] -> "Training EPOCH 10"
INFO  | 2026/05/20 13:16:21.393484 | [Train] -> "Finished training EPOCH 10 with loss 0.18279818860060387, saving"
INFO  | 2026/05/20 13:16:21.557391 | [Validate] -> "Validating for EPOCH 10"
INFO  | 2026/05/20 13:17:18.625116 | [scheduler] -> "New learning rate = 0.0001"
INFO  | 2026/05/20 13:17:18.625932 | [Train] -> "Training EPOCH 11"
INFO  | 2026/05/20 13:26:26.091052 | [Train] -> "Finished training EPOCH 11 with loss 0.17935996118449526, saving"
INFO  | 2026/05/20 13:26:26.252305 | [Validate] -> "Validating for EPOCH 11"
INFO  | 2026/05/20 13:27:23.319605 | [scheduler] -> "New learning rate = 0.0001"
INFO  | 2026/05/20 13:27:23.320435 | [Train] -> "Training EPOCH 12"
INFO  | 2026/05/20 13:36:30.982448 | [Train] -> "Finished training EPOCH 12 with loss 0.17497372661383098, saving"
INFO  | 2026/05/20 13:36:31.141640 | [Validate] -> "Validating for EPOCH 12"
INFO  | 2026/05/20 13:37:28.356913 | [scheduler] -> "New learning rate = 0.0001"
INFO  | 2026/05/20 13:37:28.357528 | [Train] -> "Training EPOCH 13"
INFO  | 2026/05/20 13:46:36.012077 | [Train] -> "Finished training EPOCH 13 with loss 0.17120605337483283, saving"
INFO  | 2026/05/20 13:46:36.176309 | [Validate] -> "Validating for EPOCH 13"
INFO  | 2026/05/20 13:47:33.294087 | [scheduler] -> "New learning rate = 1e-05"
INFO  | 2026/05/20 13:47:33.294868 | [Train] -> "Training EPOCH 14"
INFO  | 2026/05/20 13:56:43.746504 | [Train] -> "Finished training EPOCH 14 with loss 0.1608435132633184, saving"
INFO  | 2026/05/20 13:56:43.915172 | [Validate] -> "Validating for EPOCH 14"
INFO  | 2026/05/20 13:57:43.877908 | [scheduler] -> "New learning rate = 1e-05"
INFO  | 2026/05/20 13:57:43.878587 | [Train] -> "Training EPOCH 15"
INFO  | 2026/05/20 14:06:51.473406 | [Train] -> "Finished training EPOCH 15 with loss 0.1589154597144318, saving"
INFO  | 2026/05/20 14:06:51.638093 | [Validate] -> "Validating for EPOCH 15"
INFO  | 2026/05/20 14:07:48.666038 | [scheduler] -> "New learning rate = 1e-05"
INFO  | 2026/05/20 14:07:48.666789 | [Train] -> "Training EPOCH 16"
INFO  | 2026/05/20 14:16:55.591438 | [Train] -> "Finished training EPOCH 16 with loss 0.15709421832882267, saving"
INFO  | 2026/05/20 14:16:55.758664 | [Validate] -> "Validating for EPOCH 16"
INFO  | 2026/05/20 14:17:52.782238 | [scheduler] -> "New learning rate = 1e-05"
INFO  | 2026/05/20 14:17:52.783013 | [Train] -> "Training EPOCH 17"
INFO  | 2026/05/20 14:26:59.992022 | [Train] -> "Finished training EPOCH 17 with loss 0.15547267306055731, saving"
INFO  | 2026/05/20 14:27:00.158514 | [Validate] -> "Validating for EPOCH 17"
INFO  | 2026/05/20 14:27:57.216635 | [scheduler] -> "New learning rate = 1e-05"
INFO  | 2026/05/20 14:27:57.217209 | [Train] -> "Training EPOCH 18"
INFO  | 2026/05/20 14:37:27.265121 | [Train] -> "Finished training EPOCH 18 with loss 0.1546239508273265, saving"
INFO  | 2026/05/20 14:37:27.430537 | [Validate] -> "Validating for EPOCH 18"
INFO  | 2026/05/20 14:38:24.376752 | [scheduler] -> "New learning rate = 1e-05"
INFO  | 2026/05/20 14:38:24.377546 | [Train] -> "Training EPOCH 19"
INFO  | 2026/05/20 14:47:30.453737 | [Train] -> "Finished training EPOCH 19 with loss 0.15406176390709314, saving"
INFO  | 2026/05/20 14:47:30.618201 | [Validate] -> "Validating for EPOCH 19"
INFO  | 2026/05/20 14:48:27.625318 | [scheduler] -> "New learning rate = 1e-05"
INFO  | 2026/05/20 14:48:27.626118 | [Train] -> "Training EPOCH 20"
INFO  | 2026/05/20 14:57:34.115090 | [Train] -> "Finished training EPOCH 20 with loss 0.15249723656145672, saving"
INFO  | 2026/05/20 14:57:34.281613 | [Validate] -> "Validating for EPOCH 20"
INFO  | 2026/05/20 14:58:31.302329 | [scheduler] -> "New learning rate = 1e-05"
INFO  | 2026/05/20 14:58:31.303169 | [Train] -> "Training EPOCH 21"
INFO  | 2026/05/20 15:07:38.562148 | [Train] -> "Finished training EPOCH 21 with loss 0.15166777054288688, saving"
INFO  | 2026/05/20 15:07:38.730744 | [Validate] -> "Validating for EPOCH 21"
INFO  | 2026/05/20 15:08:35.649125 | [scheduler] -> "New learning rate = 1e-05"
INFO  | 2026/05/20 15:08:35.650038 | [Train] -> "Training EPOCH 22"
INFO  | 2026/05/20 15:17:41.520818 | [Train] -> "Finished training EPOCH 22 with loss 0.1503435577088185, saving"
INFO  | 2026/05/20 15:17:41.687899 | [Validate] -> "Validating for EPOCH 22"
INFO  | 2026/05/20 15:18:38.647477 | [scheduler] -> "New learning rate = 1e-05"
INFO  | 2026/05/20 15:18:38.648255 | [Train] -> "Training EPOCH 23"
INFO  | 2026/05/20 15:27:44.503182 | [Train] -> "Finished training EPOCH 23 with loss 0.1494548183986704, saving"
INFO  | 2026/05/20 15:27:44.666379 | [Validate] -> "Validating for EPOCH 23"
INFO  | 2026/05/20 15:28:41.692996 | [scheduler] -> "New learning rate = 1e-05"
INFO  | 2026/05/20 15:28:41.693810 | [Train] -> "Training EPOCH 24"
INFO  | 2026/05/20 15:37:47.592180 | [Train] -> "Finished training EPOCH 24 with loss 0.14840212696096824, saving"
INFO  | 2026/05/20 15:37:47.759389 | [Validate] -> "Validating for EPOCH 24"
INFO  | 2026/05/20 15:38:44.735587 | [scheduler] -> "New learning rate = 1e-05"
INFO  | 2026/05/20 15:38:44.736492 | [Train] -> "Training EPOCH 25"
INFO  | 2026/05/20 15:47:52.316959 | [Train] -> "Finished training EPOCH 25 with loss 0.1477592485921301, saving"
INFO  | 2026/05/20 15:47:52.491952 | [Validate] -> "Validating for EPOCH 25"
INFO  | 2026/05/20 15:48:49.434689 | [scheduler] -> "New learning rate = 1e-05"
INFO  | 2026/05/20 15:48:49.434830 | [Train] -> "Training EPOCH 26"
INFO  | 2026/05/20 15:57:55.151407 | [Train] -> "Finished training EPOCH 26 with loss 0.14672751136778192, saving"
INFO  | 2026/05/20 15:57:55.318707 | [Validate] -> "Validating for EPOCH 26"
INFO  | 2026/05/20 15:58:52.277955 | [scheduler] -> "New learning rate = 1e-05"
INFO  | 2026/05/20 15:58:52.278706 | [Train] -> "Training EPOCH 27"
INFO  | 2026/05/20 16:07:57.785787 | [Train] -> "Finished training EPOCH 27 with loss 0.14513584890097153, saving"
INFO  | 2026/05/20 16:07:57.953712 | [Validate] -> "Validating for EPOCH 27"
INFO  | 2026/05/20 16:08:54.920330 | [scheduler] -> "New learning rate = 1e-05"
INFO  | 2026/05/20 16:08:54.921153 | [Train] -> "Training EPOCH 28"
INFO  | 2026/05/20 16:18:00.589719 | [Train] -> "Finished training EPOCH 28 with loss 0.144707761616766, saving"
INFO  | 2026/05/20 16:18:00.755445 | [Validate] -> "Validating for EPOCH 28"
INFO  | 2026/05/20 16:18:57.711271 | [scheduler] -> "New learning rate = 1e-05"
INFO  | 2026/05/20 16:18:57.712073 | [Train] -> "Training EPOCH 29"
INFO  | 2026/05/20 16:28:03.517920 | [Train] -> "Finished training EPOCH 29 with loss 0.14347247400441926, saving"
INFO  | 2026/05/20 16:28:03.677521 | [Validate] -> "Validating for EPOCH 29"
INFO  | 2026/05/20 16:29:00.696020 | [scheduler] -> "New learning rate = 1e-05"
INFO  | 2026/05/20 16:29:00.696800 | [Train] -> "Training EPOCH 30"
INFO  | 2026/05/20 16:38:06.716686 | [Train] -> "Finished training EPOCH 30 with loss 0.1428603860983298, saving"
INFO  | 2026/05/20 16:38:06.891265 | [Validate] -> "Validating for EPOCH 30"
INFO  | 2026/05/20 16:39:03.904393 | [scheduler] -> "New learning rate = 1e-05"
INFO  | 2026/05/20 16:39:03.905203 | [Train] -> "Training EPOCH 31"
INFO  | 2026/05/20 16:48:10.007700 | [Train] -> "Finished training EPOCH 31 with loss 0.14170839595999427, saving"
INFO  | 2026/05/20 16:48:10.174273 | [Validate] -> "Validating for EPOCH 31"
INFO  | 2026/05/20 16:49:07.159546 | [scheduler] -> "New learning rate = 1e-05"
INFO  | 2026/05/20 16:49:07.160337 | [Train] -> "Training EPOCH 32"
INFO  | 2026/05/20 16:58:13.690713 | [Train] -> "Finished training EPOCH 32 with loss 0.14027057944704557, saving"
INFO  | 2026/05/20 16:58:13.858133 | [Validate] -> "Validating for EPOCH 32"
INFO  | 2026/05/20 16:59:11.045320 | [scheduler] -> "New learning rate = 1e-05"
INFO  | 2026/05/20 16:59:11.046093 | [Train] -> "Training EPOCH 33"
INFO  | 2026/05/20 17:08:17.499535 | [Train] -> "Finished training EPOCH 33 with loss 0.139255917894135, saving"
INFO  | 2026/05/20 17:08:17.667934 | [Validate] -> "Validating for EPOCH 33"
INFO  | 2026/05/20 17:09:14.646274 | [scheduler] -> "New learning rate = 1e-05"
INFO  | 2026/05/20 17:09:14.647073 | [Train] -> "Training EPOCH 34"
INFO  | 2026/05/20 17:18:20.769032 | [Train] -> "Finished training EPOCH 34 with loss 0.1375937016709274, saving"
INFO  | 2026/05/20 17:18:20.936401 | [Validate] -> "Validating for EPOCH 34"
INFO  | 2026/05/20 17:19:18.064390 | [scheduler] -> "New learning rate = 1e-05"
INFO  | 2026/05/20 17:19:18.065195 | [Train] -> "Training EPOCH 35"
INFO  | 2026/05/20 17:28:24.122715 | [Train] -> "Finished training EPOCH 35 with loss 0.13659602446723304, saving"
INFO  | 2026/05/20 17:28:24.289882 | [Validate] -> "Validating for EPOCH 35"
INFO  | 2026/05/20 17:29:21.366679 | [scheduler] -> "New learning rate = 1e-05"
INFO  | 2026/05/20 17:29:21.367320 | [Train] -> "Training EPOCH 36"
INFO  | 2026/05/20 17:38:27.756627 | [Train] -> "Finished training EPOCH 36 with loss 0.13597162940774027, saving"
INFO  | 2026/05/20 17:38:27.924888 | [Validate] -> "Validating for EPOCH 36"
INFO  | 2026/05/20 17:39:25.045144 | [scheduler] -> "New learning rate = 1e-05"
INFO  | 2026/05/20 17:39:25.047317 | [Train] -> "Training EPOCH 37"
INFO  | 2026/05/20 17:48:31.477125 | [Train] -> "Finished training EPOCH 37 with loss 0.13518889078458074, saving"
INFO  | 2026/05/20 17:48:31.644251 | [Validate] -> "Validating for EPOCH 37"
INFO  | 2026/05/20 17:49:28.671879 | [scheduler] -> "New learning rate = 1e-05"
INFO  | 2026/05/20 17:49:28.672787 | [Train] -> "Training EPOCH 38"
INFO  | 2026/05/20 17:58:35.112473 | [Train] -> "Finished training EPOCH 38 with loss 0.13365049107526322, saving"
INFO  | 2026/05/20 17:58:35.278113 | [Validate] -> "Validating for EPOCH 38"
INFO  | 2026/05/20 17:59:32.468497 | [scheduler] -> "New learning rate = 1e-05"
INFO  | 2026/05/20 17:59:32.469132 | [Train] -> "Training EPOCH 39"
INFO  | 2026/05/20 18:08:38.951078 | [Train] -> "Finished training EPOCH 39 with loss 0.1331772481766707, saving"
INFO  | 2026/05/20 18:08:39.116063 | [Validate] -> "Validating for EPOCH 39"
INFO  | 2026/05/20 18:09:36.108771 | [scheduler] -> "New learning rate = 1e-05"
INFO  | 2026/05/20 18:09:36.109667 | [Train] -> "Training EPOCH 40"
INFO  | 2026/05/20 18:18:42.454546 | [Train] -> "Finished training EPOCH 40 with loss 0.1320590895621945, saving"
INFO  | 2026/05/20 18:18:42.620193 | [Validate] -> "Validating for EPOCH 40"
INFO  | 2026/05/20 18:19:39.620480 | [scheduler] -> "New learning rate = 1e-05"
INFO  | 2026/05/20 18:19:39.621361 | [Train] -> "Training EPOCH 41"
INFO  | 2026/05/20 18:28:46.856166 | [Train] -> "Finished training EPOCH 41 with loss 0.13118335943214082, saving"
INFO  | 2026/05/20 18:28:47.024644 | [Validate] -> "Validating for EPOCH 41"
INFO  | 2026/05/20 18:29:44.035537 | [scheduler] -> "New learning rate = 1e-05"
INFO  | 2026/05/20 18:29:44.036291 | [Train] -> "Training EPOCH 42"
INFO  | 2026/05/20 18:38:50.814513 | [Train] -> "Finished training EPOCH 42 with loss 0.12891235655131003, saving"
INFO  | 2026/05/20 18:38:50.980092 | [Validate] -> "Validating for EPOCH 42"
INFO  | 2026/05/20 18:39:48.005722 | [scheduler] -> "New learning rate = 1e-05"
INFO  | 2026/05/20 18:39:48.006588 | [Train] -> "Training EPOCH 43"
INFO  | 2026/05/20 18:48:54.598759 | [Train] -> "Finished training EPOCH 43 with loss 0.12793215561004084, saving"
INFO  | 2026/05/20 18:48:54.777213 | [Validate] -> "Validating for EPOCH 43"
INFO  | 2026/05/20 18:49:53.039207 | [scheduler] -> "New learning rate = 1e-05"
INFO  | 2026/05/20 18:49:53.039903 | [Train] -> "Training EPOCH 44"
INFO  | 2026/05/20 19:02:08.747075 | [Train] -> "Training EPOCH 44"
INFO  | 2026/05/20 19:04:47.751312 | [Train] -> "Training EPOCH 44"
INFO  | 2026/05/20 19:06:02.121613 | [Train] -> "Training EPOCH 44"
INFO  | 2026/05/20 19:09:25.902437 | [Train] -> "Training EPOCH 44"
INFO  | 2026/05/20 19:19:01.539398 | [Train] -> "Finished training EPOCH 44 with loss 0.22170468931662218, saving"
INFO  | 2026/05/20 19:19:01.717712 | [Validate] -> "Validating for EPOCH 44"
INFO  | 2026/05/20 19:20:03.177666 | [Validate] -> {"val": 0.24278010910248937, "yes": 743}
INFO  | 2026/05/20 19:20:03.178178 | [scheduler] -> "New learning rate = 0.0001"
INFO  | 2026/05/20 19:20:03.178345 | [Train] -> "Training EPOCH 45"
INFO  | 2026/05/20 19:29:30.374230 | [Train] -> "Finished training EPOCH 45 with loss 0.21092666140153207, saving"
INFO  | 2026/05/20 19:29:30.541888 | [Validate] -> "Validating for EPOCH 45"
INFO  | 2026/05/20 19:30:30.303009 | [Validate] -> {"val": 0.3426209990987341, "yes": 627}
INFO  | 2026/05/20 19:30:30.303733 | [scheduler] -> "New learning rate = 0.0001"
INFO  | 2026/05/20 19:30:30.303901 | [Train] -> "Training EPOCH 46"
INFO  | 2026/05/20 19:40:49.430839 | [Train] -> "Finished training EPOCH 46 with loss 0.20677101159368763, saving"
INFO  | 2026/05/20 19:40:49.593410 | [Validate] -> "Validating for EPOCH 46"
INFO  | 2026/05/20 19:41:49.280944 | [Validate] -> {"val": 0.465772239283751, "yes": 575}
INFO  | 2026/05/20 19:41:49.281582 | [scheduler] -> "New learning rate = 0.0001"
INFO  | 2026/05/20 19:41:49.281825 | [Train] -> "Training EPOCH 47"
INFO  | 2026/05/20 19:51:19.745897 | [Train] -> "Finished training EPOCH 47 with loss 0.20397426395300236, saving"
INFO  | 2026/05/20 19:51:19.910794 | [Validate] -> "Validating for EPOCH 47"
INFO  | 2026/05/20 19:52:21.225574 | [Validate] -> {"val": 0.32659957361130315, "yes": 359}
INFO  | 2026/05/20 19:52:21.226293 | [scheduler] -> "New learning rate = 0.0001"
INFO  | 2026/05/20 19:52:21.226538 | [Train] -> "Training EPOCH 48"
INFO  | 2026/05/20 20:01:53.812312 | [Train] -> "Finished training EPOCH 48 with loss 0.20181991758806106, saving"
INFO  | 2026/05/20 20:01:53.978293 | [Validate] -> "Validating for EPOCH 48"
INFO  | 2026/05/20 20:02:54.540857 | [Validate] -> {"val": 0.5373698800119735, "yes": 583}
INFO  | 2026/05/20 20:02:54.541522 | [scheduler] -> "New learning rate = 1e-05"
INFO  | 2026/05/20 20:02:54.541657 | [Train] -> "Training EPOCH 50"
INFO  | 2026/05/20 20:12:30.474457 | [Train] -> "Finished training EPOCH 50 with loss 0.19765872406197413, saving"
INFO  | 2026/05/20 20:12:30.636491 | [Validate] -> "Validating for EPOCH 50"
INFO  | 2026/05/20 20:13:31.488711 | [Validate] -> {"val": 0.20335565401625086, "yes": 1322}
INFO  | 2026/05/20 20:13:31.489361 | [scheduler] -> "New learning rate = 1e-05"
INFO  | 2026/05/20 20:13:31.489530 | [Train] -> "Training EPOCH 51"
INFO  | 2026/05/20 20:23:05.176254 | [Train] -> "Finished training EPOCH 51 with loss 0.19605613584338707, saving"
INFO  | 2026/05/20 20:23:05.339067 | [Validate] -> "Validating for EPOCH 51"
INFO  | 2026/05/20 20:24:06.403619 | [Validate] -> {"val": 0.19962714537409426, "yes": 1367}
INFO  | 2026/05/20 20:24:06.404339 | [scheduler] -> "New learning rate = 1e-05"
INFO  | 2026/05/20 20:24:06.404541 | [Train] -> "Training EPOCH 52"
INFO  | 2026/05/20 20:33:43.687238 | [Train] -> "Finished training EPOCH 52 with loss 0.19585878477922378, saving"
INFO  | 2026/05/20 20:33:43.857802 | [Validate] -> "Validating for EPOCH 52"
INFO  | 2026/05/20 20:34:44.917011 | [Validate] -> {"val": 0.2011451621205752, "yes": 1363}
INFO  | 2026/05/20 20:34:44.918717 | [scheduler] -> "New learning rate = 1e-05"
INFO  | 2026/05/20 20:34:44.918933 | [Train] -> "Training EPOCH 53"
INFO  | 2026/05/20 20:44:20.520838 | [Train] -> "Finished training EPOCH 53 with loss 0.19532693294623427, saving"
INFO  | 2026/05/20 20:44:20.679841 | [Validate] -> "Validating for EPOCH 53"
INFO  | 2026/05/20 20:45:22.590011 | [Validate] -> {"val": 0.20856730179249786, "yes": 1229}
INFO  | 2026/05/20 20:45:22.591122 | [scheduler] -> "New learning rate = 1e-05"
INFO  | 2026/05/20 20:45:22.591195 | [Train] -> "Training EPOCH 54"
INFO  | 2026/05/20 20:55:20.251080 | [Train] -> "Finished training EPOCH 54 with loss 0.19503940523296368, saving"
INFO  | 2026/05/20 20:55:20.423294 | [Validate] -> "Validating for EPOCH 54"
INFO  | 2026/05/20 20:56:22.369233 | [Validate] -> {"val": 0.21419317944131736, "yes": 1184}
INFO  | 2026/05/20 20:56:22.369910 | [scheduler] -> "New learning rate = 1e-05"
INFO  | 2026/05/20 20:56:22.370143 | [Train] -> "Training EPOCH 55"
INFO  | 2026/05/20 21:05:58.033363 | [Train] -> "Finished training EPOCH 55 with loss 0.1944207967522035, saving"
INFO  | 2026/05/20 21:05:58.205937 | [Validate] -> "Validating for EPOCH 55"
INFO  | 2026/05/20 21:07:02.286683 | [Validate] -> {"val": 0.20744993898249764, "yes": 1303}
INFO  | 2026/05/20 21:07:02.287502 | [scheduler] -> "New learning rate = 1e-05"
INFO  | 2026/05/20 21:07:02.287662 | [Train] -> "Training EPOCH 56"
INFO  | 2026/05/20 21:16:38.307174 | [Train] -> "Finished training EPOCH 56 with loss 0.19412114921075696, saving"
INFO  | 2026/05/20 21:16:38.476311 | [Validate] -> "Validating for EPOCH 56"
INFO  | 2026/05/20 21:17:39.514385 | [Validate] -> {"val": 0.20317798236399207, "yes": 1353}
INFO  | 2026/05/20 21:17:39.515092 | [scheduler] -> "New learning rate = 1e-05"
INFO  | 2026/05/20 21:17:39.515242 | [Train] -> "Training EPOCH 57"
INFO  | 2026/05/20 21:27:10.767740 | [Train] -> "Finished training EPOCH 57 with loss 0.1939973895900122, saving"
INFO  | 2026/05/20 21:27:10.937413 | [Validate] -> "Validating for EPOCH 57"
INFO  | 2026/05/20 21:28:10.692813 | [Validate] -> {"val": 0.20064251333020117, "yes": 1351}
INFO  | 2026/05/20 21:28:10.693406 | [scheduler] -> "New learning rate = 1e-05"
INFO  | 2026/05/20 21:28:10.693632 | [Train] -> "Training EPOCH 58"
INFO  | 2026/05/20 21:37:29.499635 | [Train] -> "Finished training EPOCH 58 with loss 0.1935627503221044, saving"
INFO  | 2026/05/20 21:37:29.665661 | [Validate] -> "Validating for EPOCH 58"
INFO  | 2026/05/20 21:38:29.289640 | [Validate] -> {"val": 0.2002152054819442, "yes": 1387}
INFO  | 2026/05/20 21:38:29.290257 | [scheduler] -> "New learning rate = 1e-05"
INFO  | 2026/05/20 21:38:29.290487 | [Train] -> "Training EPOCH 59"
INFO  | 2026/05/20 21:47:47.509181 | [Train] -> "Finished training EPOCH 59 with loss 0.1932982951203603, saving"
INFO  | 2026/05/20 21:47:47.676398 | [Validate] -> "Validating for EPOCH 59"
INFO  | 2026/05/20 21:48:47.332075 | [Validate] -> {"val": 0.20030325679606154, "yes": 1360}
INFO  | 2026/05/20 21:48:47.332639 | [scheduler] -> "New learning rate = 1e-05"
INFO  | 2026/05/20 21:48:47.332858 | [Train] -> "Training EPOCH 60"
INFO  | 2026/05/20 21:58:05.809192 | [Train] -> "Finished training EPOCH 60 with loss 0.1929299007845289, saving"
INFO  | 2026/05/20 21:58:05.979703 | [Validate] -> "Validating for EPOCH 60"
INFO  | 2026/05/20 21:59:05.650505 | [Validate] -> {"val": 0.20134780657200413, "yes": 1360}
INFO  | 2026/05/20 21:59:05.651107 | [scheduler] -> "New learning rate = 1e-05"
INFO  | 2026/05/20 21:59:05.651323 | [Train] -> "Training EPOCH 61"
INFO  | 2026/05/20 22:08:21.990390 | [Train] -> "Finished training EPOCH 61 with loss 0.19258205238871903, saving"
INFO  | 2026/05/20 22:08:22.159783 | [Validate] -> "Validating for EPOCH 61"
INFO  | 2026/05/20 22:09:21.783425 | [Validate] -> {"val": 0.22255171576074062, "yes": 1090}
INFO  | 2026/05/20 22:09:21.784065 | [scheduler] -> "New learning rate = 1e-05"
INFO  | 2026/05/20 22:09:21.784304 | [Train] -> "Training EPOCH 62"
INFO  | 2026/05/20 22:18:39.793636 | [Train] -> "Finished training EPOCH 62 with loss 0.19233156992051437, saving"
INFO  | 2026/05/20 22:18:39.960793 | [Validate] -> "Validating for EPOCH 62"
INFO  | 2026/05/20 22:19:39.559270 | [Validate] -> {"val": 0.2000154384333669, "yes": 1421}
INFO  | 2026/05/20 22:19:39.559940 | [scheduler] -> "New learning rate = 1e-05"
INFO  | 2026/05/20 22:19:39.560181 | [Train] -> "Training EPOCH 63"
INFO  | 2026/05/20 22:28:57.375694 | [Train] -> "Finished training EPOCH 63 with loss 0.19191080804430802, saving"
INFO  | 2026/05/20 22:28:57.549485 | [Validate] -> "Validating for EPOCH 63"
INFO  | 2026/05/20 22:29:57.175515 | [Validate] -> {"val": 0.20093778313798757, "yes": 1384}
INFO  | 2026/05/20 22:29:57.176177 | [scheduler] -> "New learning rate = 1e-05"
INFO  | 2026/05/20 22:29:57.176426 | [Train] -> "Training EPOCH 64"
INFO  | 2026/05/20 22:39:25.859549 | [Train] -> "Finished training EPOCH 64 with loss 0.19119724944688893, saving"
INFO  | 2026/05/20 22:39:26.023711 | [Validate] -> "Validating for EPOCH 64"
INFO  | 2026/05/20 22:40:26.814453 | [Validate] -> {"val": 0.21344094034142166, "yes": 1282}
INFO  | 2026/05/20 22:40:26.815230 | [scheduler] -> "New learning rate = 1e-05"
INFO  | 2026/05/20 22:40:26.815369 | [Train] -> "Training EPOCH 65"
INFO  | 2026/05/20 22:49:57.445753 | [Train] -> "Finished training EPOCH 65 with loss 0.19131102842627135, saving"
INFO  | 2026/05/20 22:49:57.617494 | [Validate] -> "Validating for EPOCH 65"
INFO  | 2026/05/20 22:50:57.994715 | [Validate] -> {"val": 0.24932469699446483, "yes": 995}
INFO  | 2026/05/20 22:50:57.995360 | [scheduler] -> "New learning rate = 1e-05"
INFO  | 2026/05/20 22:50:57.995528 | [Train] -> "Training EPOCH 66"
INFO  | 2026/05/20 23:00:18.016361 | [Train] -> "Finished training EPOCH 66 with loss 0.19149791202187993, saving"
INFO  | 2026/05/20 23:00:18.180479 | [Validate] -> "Validating for EPOCH 66"
INFO  | 2026/05/20 23:01:18.665758 | [Validate] -> {"val": 0.2009994445183805, "yes": 1425}
INFO  | 2026/05/20 23:01:18.667764 | [scheduler] -> "New learning rate = 1e-05"
INFO  | 2026/05/20 23:01:18.667893 | [Train] -> "Training EPOCH 67"
INFO  | 2026/05/20 23:10:37.701302 | [Train] -> "Finished training EPOCH 67 with loss 0.19104689924714674, saving"
INFO  | 2026/05/20 23:10:37.869098 | [Validate] -> "Validating for EPOCH 67"
INFO  | 2026/05/20 23:11:37.717473 | [Validate] -> {"val": 0.2021700645334848, "yes": 1366}
INFO  | 2026/05/20 23:11:37.718194 | [scheduler] -> "New learning rate = 1e-05"
INFO  | 2026/05/20 23:11:37.718358 | [Train] -> "Training EPOCH 68"
INFO  | 2026/05/20 23:20:56.799306 | [Train] -> "Finished training EPOCH 68 with loss 0.19061387175025832, saving"
INFO  | 2026/05/20 23:20:56.962861 | [Validate] -> "Validating for EPOCH 68"
INFO  | 2026/05/20 23:21:58.914260 | [Validate] -> {"val": 0.20131138031946794, "yes": 1431}
INFO  | 2026/05/20 23:21:58.915001 | [scheduler] -> "New learning rate = 1e-05"
INFO  | 2026/05/20 23:21:58.915125 | [Train] -> "Training EPOCH 69"
INFO  | 2026/05/20 23:31:18.759991 | [Train] -> "Finished training EPOCH 69 with loss 0.19078789084069148, saving"
INFO  | 2026/05/20 23:31:18.940380 | [Validate] -> "Validating for EPOCH 69"
INFO  | 2026/05/20 23:32:18.720671 | [Validate] -> {"val": 0.2006457043171839, "yes": 1416}
INFO  | 2026/05/20 23:32:18.721304 | [scheduler] -> "New learning rate = 1e-05"
INFO  | 2026/05/20 23:32:18.721453 | [Train] -> "Training EPOCH 70"
INFO  | 2026/05/20 23:41:38.122755 | [Train] -> "Finished training EPOCH 70 with loss 0.19003287699386365, saving"
INFO  | 2026/05/20 23:41:38.290014 | [Validate] -> "Validating for EPOCH 70"
INFO  | 2026/05/20 23:42:38.110327 | [Validate] -> {"val": 0.2063394541617568, "yes": 1316}
INFO  | 2026/05/20 23:42:38.111008 | [scheduler] -> "New learning rate = 1e-05"
INFO  | 2026/05/20 23:42:38.111129 | [Train] -> "Training EPOCH 71"
INFO  | 2026/05/20 23:51:59.803369 | [Train] -> "Finished training EPOCH 71 with loss 0.18945260747186554, saving"
INFO  | 2026/05/20 23:51:59.967316 | [Validate] -> "Validating for EPOCH 71"
INFO  | 2026/05/20 23:53:00.223216 | [Validate] -> {"val": 0.2036904886364937, "yes": 1420}
INFO  | 2026/05/20 23:53:00.223859 | [scheduler] -> "New learning rate = 1e-05"
INFO  | 2026/05/20 23:53:00.224005 | [Train] -> "Training EPOCH 72"
INFO  | 2026/05/21 00:02:23.267917 | [Train] -> "Finished training EPOCH 72 with loss 0.18974039484071367, saving"
INFO  | 2026/05/21 00:02:23.431840 | [Validate] -> "Validating for EPOCH 72"
INFO  | 2026/05/21 00:03:23.275426 | [Validate] -> {"val": 0.20234274579823472, "yes": 1375}
INFO  | 2026/05/21 00:03:23.275836 | [scheduler] -> "New learning rate = 1e-05"
INFO  | 2026/05/21 00:03:23.275900 | [Train] -> "Training EPOCH 73"
INFO  | 2026/05/21 00:12:41.736375 | [Train] -> "Finished training EPOCH 73 with loss 0.18919586738045435, saving"
INFO  | 2026/05/21 00:12:41.916883 | [Validate] -> "Validating for EPOCH 73"
INFO  | 2026/05/21 00:13:41.505700 | [Validate] -> {"val": 0.2199033506498992, "yes": 1242}
INFO  | 2026/05/21 00:13:41.506553 | [scheduler] -> "New learning rate = 1e-05"
INFO  | 2026/05/21 00:13:41.506776 | [Train] -> "Training EPOCH 74"
INFO  | 2026/05/21 00:23:01.000378 | [Train] -> "Finished training EPOCH 74 with loss 0.18890358426586817, saving"
INFO  | 2026/05/21 00:23:01.169164 | [Validate] -> "Validating for EPOCH 74"
INFO  | 2026/05/21 00:24:01.140125 | [Validate] -> {"val": 0.199775027853387, "yes": 1413}
INFO  | 2026/05/21 00:24:01.140827 | [scheduler] -> "New learning rate = 1e-05"
INFO  | 2026/05/21 00:24:01.140979 | [Train] -> "Training EPOCH 75"
INFO  | 2026/05/21 00:33:19.593862 | [Train] -> "Finished training EPOCH 75 with loss 0.18916397383365469, saving"
INFO  | 2026/05/21 00:33:19.762360 | [Validate] -> "Validating for EPOCH 75"
INFO  | 2026/05/21 00:34:19.715524 | [Validate] -> {"val": 0.20173261484116997, "yes": 1349}
INFO  | 2026/05/21 00:34:19.716355 | [scheduler] -> "New learning rate = 1e-05"
INFO  | 2026/05/21 00:34:19.716490 | [Train] -> "Training EPOCH 76"
INFO  | 2026/05/21 00:43:39.179007 | [Train] -> "Finished training EPOCH 76 with loss 0.18865106172347798, saving"
INFO  | 2026/05/21 00:43:39.357391 | [Validate] -> "Validating for EPOCH 76"
INFO  | 2026/05/21 00:44:39.154971 | [Validate] -> {"val": 0.20064026916982564, "yes": 1409}
INFO  | 2026/05/21 00:44:39.155740 | [scheduler] -> "New learning rate = 1e-05"
INFO  | 2026/05/21 00:44:39.155981 | [Train] -> "Training EPOCH 77"
INFO  | 2026/05/21 00:54:17.471356 | [Train] -> "Finished training EPOCH 77 with loss 0.18847999714371813, saving"
INFO  | 2026/05/21 00:54:17.651016 | [Validate] -> "Validating for EPOCH 77"
INFO  | 2026/05/21 00:55:21.895062 | [Validate] -> {"val": 0.20136841896153587, "yes": 1437}
INFO  | 2026/05/21 00:55:21.895573 | [scheduler] -> "New learning rate = 1e-05"
INFO  | 2026/05/21 00:55:21.895749 | [Train] -> "Training EPOCH 78"
INFO  | 2026/05/21 01:04:55.872735 | [Train] -> "Finished training EPOCH 78 with loss 0.1882264697938475, saving"
INFO  | 2026/05/21 01:04:56.046588 | [Validate] -> "Validating for EPOCH 78"
INFO  | 2026/05/21 01:05:55.971456 | [Validate] -> {"val": 0.2025238638843289, "yes": 1420}
INFO  | 2026/05/21 01:05:55.972684 | [scheduler] -> "New learning rate = 1e-05"
INFO  | 2026/05/21 01:05:55.972827 | [Train] -> "Training EPOCH 79"
INFO  | 2026/05/21 01:15:25.821463 | [Train] -> "Finished training EPOCH 79 with loss 0.18779212029665027, saving"
INFO  | 2026/05/21 01:15:26.006038 | [Validate] -> "Validating for EPOCH 79"
INFO  | 2026/05/21 01:16:25.718063 | [Validate] -> {"val": 0.20878868416975474, "yes": 1366}
INFO  | 2026/05/21 01:16:25.718249 | [scheduler] -> "New learning rate = 1e-05"
INFO  | 2026/05/21 01:16:25.718306 | [Train] -> "Training EPOCH 80"
INFO  | 2026/05/21 01:25:43.708398 | [Train] -> "Finished training EPOCH 80 with loss 0.18832520705768624, saving"
INFO  | 2026/05/21 01:25:43.882472 | [Validate] -> "Validating for EPOCH 80"
INFO  | 2026/05/21 01:26:43.360004 | [Validate] -> {"val": 0.20545828466424504, "yes": 1382}
INFO  | 2026/05/21 01:26:43.360607 | [scheduler] -> "New learning rate = 1e-05"
INFO  | 2026/05/21 01:26:43.360863 | [Train] -> "Training EPOCH 81"
INFO  | 2026/05/21 01:36:02.107834 | [Train] -> "Finished training EPOCH 81 with loss 0.18706534833057237, saving"
INFO  | 2026/05/21 01:36:02.277099 | [Validate] -> "Validating for EPOCH 81"
INFO  | 2026/05/21 01:37:01.871694 | [Validate] -> {"val": 0.2167119822201838, "yes": 1161}
INFO  | 2026/05/21 01:37:01.872391 | [scheduler] -> "New learning rate = 1e-05"
INFO  | 2026/05/21 01:37:01.872635 | [Train] -> "Training EPOCH 82"
INFO  | 2026/05/21 01:46:20.504974 | [Train] -> "Finished training EPOCH 82 with loss 0.18713708535007392, saving"
INFO  | 2026/05/21 01:46:20.673591 | [Validate] -> "Validating for EPOCH 82"
INFO  | 2026/05/21 01:47:20.177885 | [Validate] -> {"val": 0.20436937118532095, "yes": 1346}
INFO  | 2026/05/21 01:47:20.178571 | [scheduler] -> "New learning rate = 1e-05"
INFO  | 2026/05/21 01:47:20.178684 | [Train] -> "Training EPOCH 83"
INFO  | 2026/05/21 01:56:38.828307 | [Train] -> "Finished training EPOCH 83 with loss 0.1870178616115155, saving"
INFO  | 2026/05/21 01:56:38.999694 | [Validate] -> "Validating for EPOCH 83"
INFO  | 2026/05/21 01:57:38.398778 | [Validate] -> {"val": 0.20363774545320118, "yes": 1389}
INFO  | 2026/05/21 01:57:38.399465 | [scheduler] -> "New learning rate = 1e-05"
INFO  | 2026/05/21 01:57:38.399686 | [Train] -> "Training EPOCH 84"
INFO  | 2026/05/21 02:06:57.114035 | [Train] -> "Finished training EPOCH 84 with loss 0.18658048976923675, saving"
INFO  | 2026/05/21 02:06:57.282086 | [Validate] -> "Validating for EPOCH 84"
INFO  | 2026/05/21 02:07:56.974717 | [Validate] -> {"val": 0.20183750693579666, "yes": 1369}
INFO  | 2026/05/21 02:07:56.975412 | [scheduler] -> "New learning rate = 1e-05"
INFO  | 2026/05/21 02:07:56.975614 | [Train] -> "Training EPOCH 85"
INFO  | 2026/05/21 02:17:15.558523 | [Train] -> "Finished training EPOCH 85 with loss 0.18666900310466308, saving"
INFO  | 2026/05/21 02:17:15.726506 | [Validate] -> "Validating for EPOCH 85"
INFO  | 2026/05/21 02:18:15.225051 | [Validate] -> {"val": 0.20634089894877136, "yes": 1387}
INFO  | 2026/05/21 02:18:15.225797 | [scheduler] -> "New learning rate = 1e-05"
INFO  | 2026/05/21 02:18:15.225997 | [Train] -> "Training EPOCH 86"
INFO  | 2026/05/21 02:27:34.019526 | [Train] -> "Finished training EPOCH 86 with loss 0.18610376922115116, saving"
INFO  | 2026/05/21 02:27:34.188499 | [Validate] -> "Validating for EPOCH 86"
INFO  | 2026/05/21 02:28:33.949573 | [Validate] -> {"val": 0.2027953258566274, "yes": 1403}
INFO  | 2026/05/21 02:28:33.950268 | [scheduler] -> "New learning rate = 1e-05"
INFO  | 2026/05/21 02:28:33.950453 | [Train] -> "Training EPOCH 87"
INFO  | 2026/05/21 02:37:52.601487 | [Train] -> "Finished training EPOCH 87 with loss 0.18599190465707816, saving"
INFO  | 2026/05/21 02:37:52.774688 | [Validate] -> "Validating for EPOCH 87"
INFO  | 2026/05/21 02:38:52.384121 | [Validate] -> {"val": 0.21103996500259137, "yes": 1350}
INFO  | 2026/05/21 02:38:52.384790 | [scheduler] -> "New learning rate = 1e-05"
INFO  | 2026/05/21 02:38:52.384990 | [Train] -> "Training EPOCH 88"
INFO  | 2026/05/21 02:48:11.185944 | [Train] -> "Finished training EPOCH 88 with loss 0.18554945926516112, saving"
INFO  | 2026/05/21 02:48:11.364081 | [Validate] -> "Validating for EPOCH 88"
INFO  | 2026/05/21 02:49:11.212158 | [Validate] -> {"val": 0.20946969118054587, "yes": 1339}
INFO  | 2026/05/21 02:49:11.212853 | [scheduler] -> "New learning rate = 1e-05"
INFO  | 2026/05/21 02:49:11.213064 | [Train] -> "Training EPOCH 89"
INFO  | 2026/05/21 02:58:29.789542 | [Train] -> "Finished training EPOCH 89 with loss 0.18551932902338394, saving"
INFO  | 2026/05/21 02:58:29.968085 | [Validate] -> "Validating for EPOCH 89"
INFO  | 2026/05/21 02:59:29.643263 | [Validate] -> {"val": 0.20505757601434038, "yes": 1387}
INFO  | 2026/05/21 02:59:29.643858 | [scheduler] -> "New learning rate = 1e-05"
INFO  | 2026/05/21 02:59:29.644004 | [Train] -> "Training EPOCH 90"
INFO  | 2026/05/21 03:08:48.352634 | [Train] -> "Finished training EPOCH 90 with loss 0.1855339165094472, saving"
INFO  | 2026/05/21 03:08:48.520078 | [Validate] -> "Validating for EPOCH 90"
INFO  | 2026/05/21 03:09:48.167253 | [Validate] -> {"val": 0.2076802933375344, "yes": 1345}
INFO  | 2026/05/21 03:09:48.167867 | [scheduler] -> "New learning rate = 1e-05"
INFO  | 2026/05/21 03:09:48.168055 | [Train] -> "Training EPOCH 91"
INFO  | 2026/05/21 03:19:06.906998 | [Train] -> "Finished training EPOCH 91 with loss 0.18524386386834937, saving"
INFO  | 2026/05/21 03:19:07.073109 | [Validate] -> "Validating for EPOCH 91"
INFO  | 2026/05/21 03:20:06.719088 | [Validate] -> {"val": 0.20842280443615585, "yes": 1375}
INFO  | 2026/05/21 03:20:06.719740 | [scheduler] -> "New learning rate = 1e-05"
INFO  | 2026/05/21 03:20:06.719864 | [Train] -> "Training EPOCH 92"
INFO  | 2026/05/21 03:29:25.083313 | [Train] -> "Finished training EPOCH 92 with loss 0.1846593543517453, saving"
INFO  | 2026/05/21 03:29:25.248359 | [Validate] -> "Validating for EPOCH 92"
INFO  | 2026/05/21 03:30:24.737901 | [Validate] -> {"val": 0.2024439690222267, "yes": 1388}
INFO  | 2026/05/21 03:30:24.738636 | [scheduler] -> "New learning rate = 1e-05"
INFO  | 2026/05/21 03:30:24.738756 | [Train] -> "Training EPOCH 93"
INFO  | 2026/05/21 03:39:43.298089 | [Train] -> "Finished training EPOCH 93 with loss 0.18455752420402666, saving"
INFO  | 2026/05/21 03:39:43.466631 | [Validate] -> "Validating for EPOCH 93"
INFO  | 2026/05/21 03:40:43.051038 | [Validate] -> {"val": 0.20480290369223092, "yes": 1417}
INFO  | 2026/05/21 03:40:43.051668 | [scheduler] -> "New learning rate = 1e-05"
INFO  | 2026/05/21 03:40:43.051818 | [Train] -> "Training EPOCH 94"
INFO  | 2026/05/21 03:50:01.666289 | [Train] -> "Finished training EPOCH 94 with loss 0.184476602771355, saving"
INFO  | 2026/05/21 03:50:01.832858 | [Validate] -> "Validating for EPOCH 94"
INFO  | 2026/05/21 03:51:01.576541 | [Validate] -> {"val": 0.2173958415748509, "yes": 1265}
INFO  | 2026/05/21 03:51:01.577233 | [scheduler] -> "New learning rate = 1e-05"
INFO  | 2026/05/21 03:51:01.577368 | [Train] -> "Training EPOCH 95"
INFO  | 2026/05/21 04:00:20.210775 | [Train] -> "Finished training EPOCH 95 with loss 0.18456072471182766, saving"
INFO  | 2026/05/21 04:00:20.381904 | [Validate] -> "Validating for EPOCH 95"
INFO  | 2026/05/21 04:01:20.135521 | [Validate] -> {"val": 0.22423100928768858, "yes": 1141}
INFO  | 2026/05/21 04:01:20.135922 | [scheduler] -> "New learning rate = 1e-05"
INFO  | 2026/05/21 04:01:20.136024 | [Train] -> "Training EPOCH 96"
INFO  | 2026/05/21 04:10:38.415917 | [Train] -> "Finished training EPOCH 96 with loss 0.18352897340673527, saving"
INFO  | 2026/05/21 04:10:38.587954 | [Validate] -> "Validating for EPOCH 96"
INFO  | 2026/05/21 04:11:38.101263 | [Validate] -> {"val": 0.20139393373072603, "yes": 1442}
INFO  | 2026/05/21 04:11:38.101953 | [scheduler] -> "New learning rate = 1e-05"
INFO  | 2026/05/21 04:11:38.102215 | [Train] -> "Training EPOCH 97"
INFO  | 2026/05/21 04:20:56.678121 | [Train] -> "Finished training EPOCH 97 with loss 0.18412728029523642, saving"
INFO  | 2026/05/21 04:20:56.848536 | [Validate] -> "Validating for EPOCH 97"
INFO  | 2026/05/21 04:21:56.380787 | [Validate] -> {"val": 0.21447911453611068, "yes": 1290}
INFO  | 2026/05/21 04:21:56.381490 | [scheduler] -> "New learning rate = 1e-05"
INFO  | 2026/05/21 04:21:56.382069 | [Train] -> "Training EPOCH 98"
INFO  | 2026/05/21 04:31:14.847934 | [Train] -> "Finished training EPOCH 98 with loss 0.1829340329578587, saving"
INFO  | 2026/05/21 04:31:15.019623 | [Validate] -> "Validating for EPOCH 98"
INFO  | 2026/05/21 04:32:14.651564 | [Validate] -> {"val": 0.20364506410733435, "yes": 1407}
INFO  | 2026/05/21 04:32:14.652649 | [scheduler] -> "New learning rate = 1e-05"
INFO  | 2026/05/21 04:32:14.653022 | [Train] -> "Training EPOCH 99"
INFO  | 2026/05/21 04:41:32.985060 | [Train] -> "Finished training EPOCH 99 with loss 0.18281950240542416, saving"
INFO  | 2026/05/21 04:41:33.152404 | [Validate] -> "Validating for EPOCH 99"
INFO  | 2026/05/21 04:42:32.886737 | [Validate] -> {"val": 0.2002300440468861, "yes": 1461}
INFO  | 2026/05/21 04:42:32.887440 | [scheduler] -> "New learning rate = 1e-05"
INFO  | 2026/05/22 10:11:34.952864 | [Train] -> "Training EPOCH 0"
INFO  | 2026/05/22 10:21:01.174615 | [Train] -> "Finished training EPOCH 0 with loss 2.4341102398533856, saving"
INFO  | 2026/05/22 10:21:01.345057 | [Validate] -> "Validating for EPOCH 0"
INFO  | 2026/05/22 10:22:01.334162 | [Validate] -> {"val": 0.6043549402979495, "yes": 856}
INFO  | 2026/05/22 10:22:01.334675 | [scheduler] -> "New learning rate = 0.0001"
INFO  | 2026/05/22 10:22:01.334833 | [Train] -> "Training EPOCH 1"
INFO  | 2026/05/22 10:32:09.332970 | [Train] -> "Finished training EPOCH 1 with loss 2.3573489656885163, saving"
INFO  | 2026/05/22 10:32:09.526977 | [Validate] -> "Validating for EPOCH 1"
INFO  | 2026/05/22 10:33:12.319703 | [Validate] -> {"val": 0.5830950009913844, "yes": 391}
INFO  | 2026/05/22 10:33:12.320042 | [scheduler] -> "New learning rate = 0.0001"
INFO  | 2026/05/22 10:33:12.320122 | [Train] -> "Training EPOCH 2"
INFO  | 2026/05/22 10:42:30.581592 | [Train] -> "Finished training EPOCH 2 with loss 2.314438492332706, saving"
INFO  | 2026/05/22 10:42:30.746405 | [Validate] -> "Validating for EPOCH 2"
INFO  | 2026/05/22 10:43:30.135954 | [Validate] -> {"val": 0.5631087678534384, "yes": 951}
INFO  | 2026/05/22 10:43:30.136558 | [scheduler] -> "New learning rate = 0.0001"
INFO  | 2026/05/22 10:43:30.136787 | [Train] -> "Training EPOCH 3"
INFO  | 2026/05/22 10:52:50.275982 | [Train] -> "Finished training EPOCH 3 with loss 2.2858464054933942, saving"
INFO  | 2026/05/22 10:52:50.445307 | [Validate] -> "Validating for EPOCH 3"
INFO  | 2026/05/22 10:53:49.945083 | [Validate] -> {"val": 0.6088999203143229, "yes": 401}
INFO  | 2026/05/22 10:53:49.945801 | [scheduler] -> "New learning rate = 0.0001"
INFO  | 2026/05/22 10:53:49.946047 | [Train] -> "Training EPOCH 4"
INFO  | 2026/05/22 11:03:06.390932 | [Train] -> "Finished training EPOCH 4 with loss 2.255047890976185, saving"
INFO  | 2026/05/22 11:03:06.557634 | [Validate] -> "Validating for EPOCH 4"
INFO  | 2026/05/22 11:04:05.898191 | [Validate] -> {"val": 0.5494207091458881, "yes": 831}
INFO  | 2026/05/22 11:04:05.898783 | [scheduler] -> "New learning rate = 0.0001"
INFO  | 2026/05/22 11:04:05.898972 | [Train] -> "Training EPOCH 5"
INFO  | 2026/05/22 11:13:22.883389 | [Train] -> "Finished training EPOCH 5 with loss 2.2259004722114737, saving"
INFO  | 2026/05/22 11:13:23.050270 | [Validate] -> "Validating for EPOCH 5"
INFO  | 2026/05/22 11:14:22.369489 | [Validate] -> {"val": 0.6173738763532566, "yes": 426}
INFO  | 2026/05/22 11:14:22.370103 | [scheduler] -> "New learning rate = 0.0001"
INFO  | 2026/05/22 11:14:22.370356 | [Train] -> "Training EPOCH 6"
INFO  | 2026/05/22 11:23:39.796802 | [Train] -> "Finished training EPOCH 6 with loss 2.2043198477220898, saving"
INFO  | 2026/05/22 11:23:39.964748 | [Validate] -> "Validating for EPOCH 6"
INFO  | 2026/05/22 11:24:39.357802 | [Validate] -> {"val": 0.6163999995657505, "yes": 752}
INFO  | 2026/05/22 11:24:39.358323 | [scheduler] -> "New learning rate = 0.0001"
INFO  | 2026/05/22 11:24:39.358493 | [Train] -> "Training EPOCH 7"
INFO  | 2026/05/22 11:33:56.745403 | [Train] -> "Finished training EPOCH 7 with loss 2.185400327061879, saving"
INFO  | 2026/05/22 11:33:56.913539 | [Validate] -> "Validating for EPOCH 7"
INFO  | 2026/05/22 11:34:56.364748 | [Validate] -> {"val": 0.6137475659829059, "yes": 449}
INFO  | 2026/05/22 11:34:56.365233 | [scheduler] -> "New learning rate = 0.0001"
INFO  | 2026/05/22 11:34:56.365404 | [Train] -> "Training EPOCH 8"
INFO  | 2026/05/22 11:44:13.702474 | [Train] -> "Finished training EPOCH 8 with loss 2.1740303329384054, saving"
INFO  | 2026/05/22 11:44:13.875670 | [Validate] -> "Validating for EPOCH 8"
INFO  | 2026/05/22 11:45:13.346274 | [Validate] -> {"val": 0.5698464192506921, "yes": 907}
INFO  | 2026/05/22 11:45:13.346990 | [scheduler] -> "New learning rate = 1e-05"
INFO  | 2026/05/22 11:45:13.347244 | [Train] -> "Training EPOCH 9"
INFO  | 2026/05/22 11:54:30.924837 | [Train] -> "Finished training EPOCH 9 with loss 2.1367015136107232, saving"
INFO  | 2026/05/22 11:54:31.101324 | [Validate] -> "Validating for EPOCH 9"
INFO  | 2026/05/22 11:55:30.468145 | [Validate] -> {"val": 0.5043520456962003, "yes": 1296}
INFO  | 2026/05/22 11:55:30.468884 | [scheduler] -> "New learning rate = 1e-05"
INFO  | 2026/05/22 11:55:30.469182 | [Train] -> "Training EPOCH 10"
INFO  | 2026/05/22 12:04:47.845828 | [Train] -> "Finished training EPOCH 10 with loss 2.135698343051299, saving"
INFO  | 2026/05/22 12:04:48.018968 | [Validate] -> "Validating for EPOCH 10"
INFO  | 2026/05/22 12:05:47.440387 | [Validate] -> {"val": 0.5002236446806493, "yes": 1303}
INFO  | 2026/05/22 12:05:47.441149 | [scheduler] -> "New learning rate = 1e-05"
INFO  | 2026/05/22 12:05:47.441381 | [Train] -> "Training EPOCH 11"
INFO  | 2026/05/22 12:15:04.787173 | [Train] -> "Finished training EPOCH 11 with loss 2.1272094729292483, saving"
INFO  | 2026/05/22 12:15:04.960932 | [Validate] -> "Validating for EPOCH 11"
INFO  | 2026/05/22 12:16:04.342531 | [Validate] -> {"val": 0.5050358231286056, "yes": 1259}
INFO  | 2026/05/22 12:16:04.343266 | [scheduler] -> "New learning rate = 1e-05"
INFO  | 2026/05/22 12:16:04.343562 | [Train] -> "Training EPOCH 12"
INFO  | 2026/05/22 12:25:21.580943 | [Train] -> "Finished training EPOCH 12 with loss 2.124277738259949, saving"
INFO  | 2026/05/22 12:25:21.754923 | [Validate] -> "Validating for EPOCH 12"
INFO  | 2026/05/22 12:26:21.125077 | [Validate] -> {"val": 0.4979276034668202, "yes": 1279}
INFO  | 2026/05/22 12:26:21.125836 | [scheduler] -> "New learning rate = 1e-05"
INFO  | 2026/05/22 12:26:21.126070 | [Train] -> "Training EPOCH 13"
INFO  | 2026/05/22 12:35:38.606968 | [Train] -> "Finished training EPOCH 13 with loss 2.119122321323584, saving"
INFO  | 2026/05/22 12:35:38.780388 | [Validate] -> "Validating for EPOCH 13"
INFO  | 2026/05/22 12:36:38.077915 | [Validate] -> {"val": 0.49762259116609586, "yes": 1342}
INFO  | 2026/05/22 12:36:38.078618 | [scheduler] -> "New learning rate = 1e-05"
INFO  | 2026/05/22 12:36:38.078890 | [Train] -> "Training EPOCH 14"
INFO  | 2026/05/22 12:45:56.016525 | [Train] -> "Finished training EPOCH 14 with loss 2.115010531895033, saving"
INFO  | 2026/05/22 12:45:56.190388 | [Validate] -> "Validating for EPOCH 14"
INFO  | 2026/05/22 12:46:55.529551 | [Validate] -> {"val": 0.5074434809557354, "yes": 1260}
INFO  | 2026/05/22 12:46:55.530264 | [scheduler] -> "New learning rate = 1e-05"
INFO  | 2026/05/22 12:46:55.530525 | [Train] -> "Training EPOCH 15"
INFO  | 2026/05/22 12:56:10.845516 | [Train] -> "Finished training EPOCH 15 with loss 2.11646449807036, saving"
INFO  | 2026/05/22 12:56:11.017941 | [Validate] -> "Validating for EPOCH 15"
INFO  | 2026/05/22 12:57:10.524185 | [Validate] -> {"val": 0.49492102383657266, "yes": 1314}
INFO  | 2026/05/22 12:57:10.524880 | [scheduler] -> "New learning rate = 1e-05"
INFO  | 2026/05/22 12:57:10.525164 | [Train] -> "Training EPOCH 16"
INFO  | 2026/05/22 13:06:30.885909 | [Train] -> "Finished training EPOCH 16 with loss 2.109619402885437, saving"
INFO  | 2026/05/22 13:06:31.063434 | [Validate] -> "Validating for EPOCH 16"
INFO  | 2026/05/22 13:07:30.513076 | [Validate] -> {"val": 0.5000684642154752, "yes": 1206}
INFO  | 2026/05/22 13:07:30.513799 | [scheduler] -> "New learning rate = 1e-05"
INFO  | 2026/05/22 13:07:30.514031 | [Train] -> "Training EPOCH 17"
INFO  | 2026/05/22 13:16:47.965102 | [Train] -> "Finished training EPOCH 17 with loss 2.110394959322369, saving"
INFO  | 2026/05/22 13:16:48.133296 | [Validate] -> "Validating for EPOCH 17"
INFO  | 2026/05/22 13:17:47.657684 | [Validate] -> {"val": 0.4953550568518748, "yes": 1256}
INFO  | 2026/05/22 13:17:47.658447 | [scheduler] -> "New learning rate = 1e-05"
INFO  | 2026/05/22 13:17:47.658724 | [Train] -> "Training EPOCH 18"
INFO  | 2026/05/22 13:27:05.246270 | [Train] -> "Finished training EPOCH 18 with loss 2.1038820623896504, saving"
INFO  | 2026/05/22 13:27:05.414343 | [Validate] -> "Validating for EPOCH 18"
INFO  | 2026/05/22 13:28:05.023700 | [Validate] -> {"val": 0.49537940839774736, "yes": 1344}
INFO  | 2026/05/22 13:28:05.024470 | [scheduler] -> "New learning rate = 1e-05"
INFO  | 2026/05/22 13:28:05.024656 | [Train] -> "Training EPOCH 19"
INFO  | 2026/05/22 13:37:22.633514 | [Train] -> "Finished training EPOCH 19 with loss 2.1051683382678577, saving"
INFO  | 2026/05/22 13:37:22.807199 | [Validate] -> "Validating for EPOCH 19"
INFO  | 2026/05/22 13:38:22.353150 | [Validate] -> {"val": 0.4917973677620633, "yes": 1272}
INFO  | 2026/05/22 13:38:22.353865 | [scheduler] -> "New learning rate = 1e-05"
INFO  | 2026/05/22 13:38:22.354068 | [Train] -> "Training EPOCH 20"
INFO  | 2026/05/22 13:47:39.988471 | [Train] -> "Finished training EPOCH 20 with loss 2.0989274972267733, saving"
INFO  | 2026/05/22 13:47:40.166239 | [Validate] -> "Validating for EPOCH 20"
INFO  | 2026/05/22 13:48:39.727966 | [Validate] -> {"val": 0.4902038400409786, "yes": 1331}
INFO  | 2026/05/22 13:48:39.728683 | [scheduler] -> "New learning rate = 1e-05"
INFO  | 2026/05/22 13:48:39.728946 | [Train] -> "Training EPOCH 21"
INFO  | 2026/05/22 13:57:57.578290 | [Train] -> "Finished training EPOCH 21 with loss 2.102978286579365, saving"
INFO  | 2026/05/22 13:57:57.755095 | [Validate] -> "Validating for EPOCH 21"
INFO  | 2026/05/22 13:58:57.117928 | [Validate] -> {"val": 0.4896129723723608, "yes": 1259}
INFO  | 2026/05/22 13:58:57.118640 | [scheduler] -> "New learning rate = 1e-05"
INFO  | 2026/05/22 13:58:57.118888 | [Train] -> "Training EPOCH 22"
INFO  | 2026/05/22 14:08:14.537368 | [Train] -> "Finished training EPOCH 22 with loss 2.099379247358737, saving"
INFO  | 2026/05/22 14:08:14.711520 | [Validate] -> "Validating for EPOCH 22"
INFO  | 2026/05/22 14:09:14.084716 | [Validate] -> {"val": 0.4873009410068279, "yes": 1283}
INFO  | 2026/05/22 14:09:14.085424 | [scheduler] -> "New learning rate = 1e-05"
INFO  | 2026/05/22 14:09:14.085635 | [Train] -> "Training EPOCH 23"
INFO  | 2026/05/22 14:18:57.887633 | [Train] -> "Finished training EPOCH 23 with loss 2.095682266331811, saving"
INFO  | 2026/05/22 14:18:58.065461 | [Validate] -> "Validating for EPOCH 23"
INFO  | 2026/05/22 14:19:58.098832 | [Validate] -> {"val": 0.4829581916332245, "yes": 1354}
INFO  | 2026/05/22 14:19:58.099026 | [scheduler] -> "New learning rate = 1e-05"
INFO  | 2026/05/22 14:19:58.099087 | [Train] -> "Training EPOCH 24"
INFO  | 2026/05/22 14:29:22.482836 | [Train] -> "Finished training EPOCH 24 with loss 2.0941976135468665, saving"
INFO  | 2026/05/22 14:29:22.656874 | [Validate] -> "Validating for EPOCH 24"
INFO  | 2026/05/22 14:30:22.288490 | [Validate] -> {"val": 0.48641833062390333, "yes": 1348}
INFO  | 2026/05/22 14:30:22.289240 | [scheduler] -> "New learning rate = 1e-05"
INFO  | 2026/05/22 14:30:22.289473 | [Train] -> "Training EPOCH 25"
INFO  | 2026/05/22 14:39:45.024519 | [Train] -> "Finished training EPOCH 25 with loss 2.0912783047625125, saving"
INFO  | 2026/05/22 14:39:45.200067 | [Validate] -> "Validating for EPOCH 25"
INFO  | 2026/05/22 14:40:44.892025 | [Validate] -> {"val": 0.48286970289608905, "yes": 1367}
INFO  | 2026/05/22 14:40:44.892804 | [scheduler] -> "New learning rate = 1e-05"
INFO  | 2026/05/22 14:40:44.893081 | [Train] -> "Training EPOCH 26"
INFO  | 2026/05/22 14:50:08.057094 | [Train] -> "Finished training EPOCH 26 with loss 2.090148408631332, saving"
INFO  | 2026/05/22 14:50:08.217921 | [Validate] -> "Validating for EPOCH 26"
INFO  | 2026/05/22 14:51:08.326935 | [Validate] -> {"val": 0.4913542905836615, "yes": 1300}
INFO  | 2026/05/22 14:51:08.327653 | [scheduler] -> "New learning rate = 1e-05"
INFO  | 2026/05/22 14:51:08.327822 | [Train] -> "Training EPOCH 27"
INFO  | 2026/05/22 15:00:31.360845 | [Train] -> "Finished training EPOCH 27 with loss 2.0905958574236805, saving"
INFO  | 2026/05/22 15:00:31.533324 | [Validate] -> "Validating for EPOCH 27"
INFO  | 2026/05/22 15:01:31.212717 | [Validate] -> {"val": 0.4987900837232138, "yes": 1223}
INFO  | 2026/05/22 15:01:31.213496 | [scheduler] -> "New learning rate = 1e-05"
INFO  | 2026/05/22 15:01:31.213782 | [Train] -> "Training EPOCH 28"
INFO  | 2026/05/22 15:10:54.759691 | [Train] -> "Finished training EPOCH 28 with loss 2.082692044563876, saving"
INFO  | 2026/05/22 15:10:54.933753 | [Validate] -> "Validating for EPOCH 28"
INFO  | 2026/05/22 15:11:54.840832 | [Validate] -> {"val": 0.4792593409541909, "yes": 1361}
INFO  | 2026/05/22 15:11:54.841610 | [scheduler] -> "New learning rate = 1e-05"
INFO  | 2026/05/22 15:11:54.841851 | [Train] -> "Training EPOCH 29"
INFO  | 2026/05/22 15:21:18.174120 | [Train] -> "Finished training EPOCH 29 with loss 2.089358666561942, saving"
INFO  | 2026/05/22 15:21:18.339031 | [Validate] -> "Validating for EPOCH 29"
INFO  | 2026/05/22 15:22:18.268222 | [Validate] -> {"val": 0.4797997021493111, "yes": 1385}
INFO  | 2026/05/22 15:22:18.268946 | [scheduler] -> "New learning rate = 1e-05"
INFO  | 2026/05/22 15:22:18.269247 | [Train] -> "Training EPOCH 30"
INFO  | 2026/05/22 15:31:41.563531 | [Train] -> "Finished training EPOCH 30 with loss 2.079473008090303, saving"
INFO  | 2026/05/22 15:31:41.735678 | [Validate] -> "Validating for EPOCH 30"
INFO  | 2026/05/22 15:32:41.433755 | [Validate] -> {"val": 0.4771352577300472, "yes": 1294}
INFO  | 2026/05/22 15:32:41.434446 | [scheduler] -> "New learning rate = 1e-05"
INFO  | 2026/05/22 15:32:41.434695 | [Train] -> "Training EPOCH 31"
INFO  | 2026/05/22 15:42:04.511905 | [Train] -> "Finished training EPOCH 31 with loss 2.073101342452391, saving"
INFO  | 2026/05/22 15:42:04.682744 | [Validate] -> "Validating for EPOCH 31"
INFO  | 2026/05/22 15:43:04.377935 | [Validate] -> {"val": 0.48728011509844366, "yes": 1180}
INFO  | 2026/05/22 15:43:04.378647 | [scheduler] -> "New learning rate = 1e-05"
INFO  | 2026/05/22 15:43:04.378889 | [Train] -> "Training EPOCH 32"
INFO  | 2026/05/22 15:52:28.078614 | [Train] -> "Finished training EPOCH 32 with loss 2.0792127042781305, saving"
INFO  | 2026/05/22 15:52:28.252620 | [Validate] -> "Validating for EPOCH 32"
INFO  | 2026/05/22 15:53:27.980818 | [Validate] -> {"val": 0.5272577306696477, "yes": 940}
INFO  | 2026/05/22 15:53:27.981572 | [scheduler] -> "New learning rate = 1e-05"
INFO  | 2026/05/22 15:53:27.981806 | [Train] -> "Training EPOCH 33"
INFO  | 2026/05/22 16:02:51.255047 | [Train] -> "Finished training EPOCH 33 with loss 2.0749758747697786, saving"
INFO  | 2026/05/22 16:02:51.426330 | [Validate] -> "Validating for EPOCH 33"
INFO  | 2026/05/22 16:03:51.150427 | [Validate] -> {"val": 0.5109634153260529, "yes": 1049}
INFO  | 2026/05/22 16:03:51.151107 | [scheduler] -> "New learning rate = 1e-05"
INFO  | 2026/05/22 16:03:51.151374 | [Train] -> "Training EPOCH 34"
INFO  | 2026/05/22 16:13:14.276372 | [Train] -> "Finished training EPOCH 34 with loss 2.0739988030368135, saving"
INFO  | 2026/05/22 16:13:14.451195 | [Validate] -> "Validating for EPOCH 34"
INFO  | 2026/05/22 16:14:14.137099 | [Validate] -> {"val": 0.4740550868838798, "yes": 1356}
INFO  | 2026/05/22 16:14:14.137813 | [scheduler] -> "New learning rate = 1e-05"
INFO  | 2026/05/22 16:14:14.138024 | [Train] -> "Training EPOCH 35"
INFO  | 2026/05/22 16:23:36.997036 | [Train] -> "Finished training EPOCH 35 with loss 2.077708581522221, saving"
INFO  | 2026/05/22 16:23:37.172650 | [Validate] -> "Validating for EPOCH 35"
INFO  | 2026/05/22 16:24:36.859822 | [Validate] -> {"val": 0.49171485550530997, "yes": 1211}
INFO  | 2026/05/22 16:24:36.860568 | [scheduler] -> "New learning rate = 1e-05"
INFO  | 2026/05/22 16:24:36.860737 | [Train] -> "Training EPOCH 36"
INFO  | 2026/05/22 16:33:59.882781 | [Train] -> "Finished training EPOCH 36 with loss 2.0729802284076926, saving"
INFO  | 2026/05/22 16:34:00.059389 | [Validate] -> "Validating for EPOCH 36"
INFO  | 2026/05/22 16:34:59.788956 | [Validate] -> {"val": 0.47032014327194854, "yes": 1361}
INFO  | 2026/05/22 16:34:59.789769 | [scheduler] -> "New learning rate = 1e-05"
INFO  | 2026/05/22 16:34:59.790075 | [Train] -> "Training EPOCH 37"
INFO  | 2026/05/22 16:44:22.991721 | [Train] -> "Finished training EPOCH 37 with loss 2.064462180174034, saving"
INFO  | 2026/05/22 16:44:23.165816 | [Validate] -> "Validating for EPOCH 37"
INFO  | 2026/05/22 16:45:22.979601 | [Validate] -> {"val": 0.4673360921954381, "yes": 1360}
INFO  | 2026/05/22 16:45:22.980362 | [scheduler] -> "New learning rate = 1e-05"
INFO  | 2026/05/22 16:45:22.980585 | [Train] -> "Training EPOCH 38"
INFO  | 2026/05/22 16:54:46.309481 | [Train] -> "Finished training EPOCH 38 with loss 2.0619004428841685, saving"
INFO  | 2026/05/22 16:54:46.484775 | [Validate] -> "Validating for EPOCH 38"
INFO  | 2026/05/22 16:55:46.443399 | [Validate] -> {"val": 0.4676702240951189, "yes": 1359}
INFO  | 2026/05/22 16:55:46.444197 | [scheduler] -> "New learning rate = 1e-05"
INFO  | 2026/05/22 16:55:46.444463 | [Train] -> "Training EPOCH 39"
INFO  | 2026/05/22 17:05:09.561587 | [Train] -> "Finished training EPOCH 39 with loss 2.0647741490647995, saving"
INFO  | 2026/05/22 17:05:09.735744 | [Validate] -> "Validating for EPOCH 39"
INFO  | 2026/05/22 17:06:09.538478 | [Validate] -> {"val": 0.46653718993863985, "yes": 1358}
INFO  | 2026/05/22 17:06:09.539235 | [scheduler] -> "New learning rate = 1e-05"
INFO  | 2026/05/22 17:06:09.539490 | [Train] -> "Training EPOCH 40"
INFO  | 2026/05/22 17:15:32.324150 | [Train] -> "Finished training EPOCH 40 with loss 2.0579977256651145, saving"
INFO  | 2026/05/22 17:15:32.497429 | [Validate] -> "Validating for EPOCH 40"
INFO  | 2026/05/22 17:16:32.167762 | [Validate] -> {"val": 0.4692699830950671, "yes": 1372}
INFO  | 2026/05/22 17:16:32.168376 | [scheduler] -> "New learning rate = 1e-05"
INFO  | 2026/05/22 17:16:32.168504 | [Train] -> "Training EPOCH 41"
INFO  | 2026/05/22 17:25:54.878176 | [Train] -> "Finished training EPOCH 41 with loss 2.0580073350258457, saving"
INFO  | 2026/05/22 17:25:55.045516 | [Validate] -> "Validating for EPOCH 41"
INFO  | 2026/05/22 17:26:54.765176 | [Validate] -> {"val": 0.4918095545914337, "yes": 1168}
INFO  | 2026/05/22 17:26:54.765786 | [scheduler] -> "New learning rate = 1e-05"
INFO  | 2026/05/22 17:26:54.766041 | [Train] -> "Training EPOCH 42"
INFO  | 2026/05/22 17:36:17.595346 | [Train] -> "Finished training EPOCH 42 with loss 2.0627193681611358, saving"
INFO  | 2026/05/22 17:36:17.765278 | [Validate] -> "Validating for EPOCH 42"
INFO  | 2026/05/22 17:37:17.471216 | [Validate] -> {"val": 0.5605622605058073, "yes": 820}
INFO  | 2026/05/22 17:37:17.471976 | [scheduler] -> "New learning rate = 1e-05"
INFO  | 2026/05/22 17:37:17.472251 | [Train] -> "Training EPOCH 43"
INFO  | 2026/05/22 17:47:03.163265 | [Train] -> "Finished training EPOCH 43 with loss 2.057819121621037, saving"
INFO  | 2026/05/22 17:47:03.350598 | [Validate] -> "Validating for EPOCH 43"
INFO  | 2026/05/22 17:48:03.031905 | [Validate] -> {"val": 0.4671702527817879, "yes": 1315}
INFO  | 2026/05/22 17:48:03.032089 | [scheduler] -> "New learning rate = 1e-05"
INFO  | 2026/05/22 17:48:03.032143 | [Train] -> "Training EPOCH 44"
INFO  | 2026/05/22 17:54:56.799615 | [Train] -> "Training EPOCH 0"
INFO  | 2026/05/22 18:04:21.100154 | [Train] -> "Finished training EPOCH 0 with loss 0.24243244975805284, saving"
INFO  | 2026/05/22 18:04:21.268127 | [Validate] -> "Validating for EPOCH 0"
INFO  | 2026/05/22 18:05:21.478190 | [Validate] -> {"val": 0.250848050404141, "yes": 643}
INFO  | 2026/05/22 18:05:21.478691 | [scheduler] -> "New learning rate = 0.0001"
INFO  | 2026/05/22 18:05:21.478738 | [Submit] -> "Submitting EPOCH 0"
INFO  | 2026/05/22 21:42:45.201750 | [Train] -> "Training EPOCH 1"
INFO  | 2026/05/22 21:44:46.394432 | [Train] -> "Training EPOCH 1"
INFO  | 2026/05/22 21:54:09.910963 | [Train] -> "Finished training EPOCH 1 with loss 0.2209432135101493, saving"
INFO  | 2026/05/22 21:54:10.093120 | [Validate] -> "Validating for EPOCH 1"
INFO  | 2026/05/22 21:55:10.031774 | [Validate] -> {"val": 0.25354636989477025, "yes": 569}
INFO  | 2026/05/22 21:55:10.032215 | [scheduler] -> "New learning rate = 0.0001"
INFO  | 2026/05/22 21:55:10.032261 | [Submit] -> "Submitting EPOCH 1"
INFO  | 2026/05/22 21:56:18.071214 | [Train] -> "Training EPOCH 2"
INFO  | 2026/05/22 22:05:42.878545 | [Train] -> "Finished training EPOCH 2 with loss 0.2186108089357842, saving"
INFO  | 2026/05/22 22:05:43.047321 | [Validate] -> "Validating for EPOCH 2"
INFO  | 2026/05/22 22:06:42.997916 | [Validate] -> {"val": 0.2222052536165441, "yes": 932}
INFO  | 2026/05/22 22:06:42.998671 | [scheduler] -> "New learning rate = 0.0001"
INFO  | 2026/05/22 22:06:42.998723 | [Submit] -> "Submitting EPOCH 2"
INFO  | 2026/05/22 22:07:50.764054 | [Train] -> "Training EPOCH 3"
INFO  | 2026/05/22 22:17:15.206172 | [Train] -> "Finished training EPOCH 3 with loss 0.2157806530196703, saving"
INFO  | 2026/05/22 22:17:15.379726 | [Validate] -> "Validating for EPOCH 3"
INFO  | 2026/05/22 22:18:15.231861 | [Validate] -> {"val": 0.28270969918665995, "yes": 560}
INFO  | 2026/05/22 22:18:15.232576 | [scheduler] -> "New learning rate = 0.0001"
INFO  | 2026/05/22 22:18:15.232625 | [Submit] -> "Submitting EPOCH 3"
INFO  | 2026/05/22 22:19:22.323609 | [Train] -> "Training EPOCH 4"
INFO  | 2026/05/22 22:28:46.601687 | [Train] -> "Finished training EPOCH 4 with loss 0.21394990103049133, saving"
INFO  | 2026/05/22 22:28:46.775206 | [Validate] -> "Validating for EPOCH 4"
INFO  | 2026/05/22 22:29:46.511884 | [Validate] -> {"val": 0.2312790374491961, "yes": 703}
INFO  | 2026/05/22 22:29:46.512627 | [scheduler] -> "New learning rate = 0.0001"
INFO  | 2026/05/22 22:29:46.512683 | [Submit] -> "Submitting EPOCH 4"
INFO  | 2026/05/22 22:30:53.483025 | [Train] -> "Training EPOCH 5"
INFO  | 2026/05/22 22:40:17.705215 | [Train] -> "Finished training EPOCH 5 with loss 0.21221286393417657, saving"
INFO  | 2026/05/22 22:40:17.872649 | [Validate] -> "Validating for EPOCH 5"
INFO  | 2026/05/22 22:41:17.684995 | [Validate] -> {"val": 0.27136951223129535, "yes": 677}
INFO  | 2026/05/22 22:41:17.685793 | [scheduler] -> "New learning rate = 0.0001"
INFO  | 2026/05/22 22:41:17.685852 | [Submit] -> "Submitting EPOCH 5"
INFO  | 2026/05/22 22:42:25.039358 | [Train] -> "Training EPOCH 6"
INFO  | 2026/05/22 22:51:49.502408 | [Train] -> "Finished training EPOCH 6 with loss 0.21070891673897058, saving"
INFO  | 2026/05/22 22:51:49.679279 | [Validate] -> "Validating for EPOCH 6"
INFO  | 2026/05/22 22:52:50.217832 | [Validate] -> {"val": 0.2554273689066181, "yes": 578}
INFO  | 2026/05/22 22:52:50.218570 | [scheduler] -> "New learning rate = 1e-05"
INFO  | 2026/05/22 22:52:50.218627 | [Submit] -> "Submitting EPOCH 6"
INFO  | 2026/05/22 22:53:57.299126 | [Train] -> "Training EPOCH 7"
INFO  | 2026/05/22 23:03:21.583331 | [Train] -> "Finished training EPOCH 7 with loss 0.20831300046948986, saving"
INFO  | 2026/05/22 23:03:21.758634 | [Validate] -> "Validating for EPOCH 7"
INFO  | 2026/05/22 23:04:21.645347 | [Validate] -> {"val": 0.21536144527770182, "yes": 1035}
INFO  | 2026/05/22 23:04:21.646137 | [scheduler] -> "New learning rate = 1e-05"
INFO  | 2026/05/22 23:04:21.646193 | [Submit] -> "Submitting EPOCH 7"
INFO  | 2026/05/22 23:05:28.981544 | [Train] -> "Training EPOCH 8"
INFO  | 2026/05/22 23:14:53.121959 | [Train] -> "Finished training EPOCH 8 with loss 0.20752756260619817, saving"
INFO  | 2026/05/22 23:14:53.296864 | [Validate] -> "Validating for EPOCH 8"
INFO  | 2026/05/22 23:15:53.105394 | [Validate] -> {"val": 0.20562114401628043, "yes": 1214}
INFO  | 2026/05/22 23:15:53.106211 | [scheduler] -> "New learning rate = 1e-05"
INFO  | 2026/05/22 23:15:53.106259 | [Submit] -> "Submitting EPOCH 8"
INFO  | 2026/05/22 23:17:01.001750 | [Train] -> "Training EPOCH 9"
INFO  | 2026/05/22 23:26:25.176889 | [Train] -> "Finished training EPOCH 9 with loss 0.20724632815095304, saving"
INFO  | 2026/05/22 23:26:25.348733 | [Validate] -> "Validating for EPOCH 9"
INFO  | 2026/05/22 23:27:25.103312 | [Validate] -> {"val": 0.20544732174345556, "yes": 1204}
INFO  | 2026/05/22 23:27:25.104076 | [scheduler] -> "New learning rate = 1e-05"
INFO  | 2026/05/22 23:27:25.104130 | [Submit] -> "Submitting EPOCH 9"
INFO  | 2026/05/22 23:28:32.389204 | [Train] -> "Training EPOCH 10"
INFO  | 2026/05/22 23:38:13.198136 | [Train] -> "Finished training EPOCH 10 with loss 0.20711910468703917, saving"
INFO  | 2026/05/22 23:38:13.374606 | [Validate] -> "Validating for EPOCH 10"
INFO  | 2026/05/22 23:39:12.964192 | [Validate] -> {"val": 0.20670884322119124, "yes": 1198}
INFO  | 2026/05/22 23:39:12.964817 | [scheduler] -> "New learning rate = 1e-05"
INFO  | 2026/05/22 23:39:12.964866 | [Submit] -> "Submitting EPOCH 10"
INFO  | 2026/05/22 23:40:19.994284 | [Train] -> "Training EPOCH 11"
INFO  | 2026/05/22 23:49:43.711298 | [Train] -> "Finished training EPOCH 11 with loss 0.2066933635366327, saving"
INFO  | 2026/05/22 23:49:43.875301 | [Validate] -> "Validating for EPOCH 11"
INFO  | 2026/05/22 23:50:44.113237 | [Validate] -> {"val": 0.20806711104534964, "yes": 1184}
INFO  | 2026/05/22 23:50:44.113975 | [scheduler] -> "New learning rate = 1e-05"
INFO  | 2026/05/22 23:50:44.114023 | [Submit] -> "Submitting EPOCH 11"
INFO  | 2026/05/22 23:51:51.863071 | [Train] -> "Training EPOCH 12"
INFO  | 2026/05/23 00:01:16.038992 | [Train] -> "Finished training EPOCH 12 with loss 0.20666054131761763, saving"
INFO  | 2026/05/23 00:01:16.208400 | [Validate] -> "Validating for EPOCH 12"
INFO  | 2026/05/23 00:02:16.038291 | [Validate] -> {"val": 0.20503737178012615, "yes": 1266}
INFO  | 2026/05/23 00:02:16.038987 | [scheduler] -> "New learning rate = 1e-05"
INFO  | 2026/05/23 00:02:16.039036 | [Submit] -> "Submitting EPOCH 12"
INFO  | 2026/05/23 00:03:23.302789 | [Train] -> "Training EPOCH 13"
INFO  | 2026/05/23 00:12:47.626601 | [Train] -> "Finished training EPOCH 13 with loss 0.2063276099908443, saving"
INFO  | 2026/05/23 00:12:47.795626 | [Validate] -> "Validating for EPOCH 13"
INFO  | 2026/05/23 00:13:47.610230 | [Validate] -> {"val": 0.20579606466393435, "yes": 1213}
INFO  | 2026/05/23 00:13:47.610957 | [scheduler] -> "New learning rate = 1e-05"
INFO  | 2026/05/23 00:13:47.611008 | [Submit] -> "Submitting EPOCH 13"
INFO  | 2026/05/23 00:14:54.678911 | [Train] -> "Training EPOCH 14"
INFO  | 2026/05/23 00:24:18.077576 | [Train] -> "Finished training EPOCH 14 with loss 0.20624606924430106, saving"
INFO  | 2026/05/23 00:24:18.238649 | [Validate] -> "Validating for EPOCH 14"
INFO  | 2026/05/23 00:25:17.776864 | [Validate] -> {"val": 0.20626706367230596, "yes": 1216}
INFO  | 2026/05/23 00:25:17.777194 | [scheduler] -> "New learning rate = 1e-05"
INFO  | 2026/05/23 00:25:17.777244 | [Submit] -> "Submitting EPOCH 14"
INFO  | 2026/05/23 00:26:24.947286 | [Train] -> "Training EPOCH 15"
INFO  | 2026/05/23 00:35:48.776484 | [Train] -> "Finished training EPOCH 15 with loss 0.20576266521260939, saving"
INFO  | 2026/05/23 00:35:48.940419 | [Validate] -> "Validating for EPOCH 15"
INFO  | 2026/05/23 00:36:48.634175 | [Validate] -> {"val": 0.22187210906097907, "yes": 937}
INFO  | 2026/05/23 00:36:48.634899 | [scheduler] -> "New learning rate = 1e-05"
INFO  | 2026/05/23 00:36:48.634955 | [Submit] -> "Submitting EPOCH 15"
INFO  | 2026/05/23 00:37:55.857453 | [Train] -> "Training EPOCH 16"
INFO  | 2026/05/23 00:47:19.970875 | [Train] -> "Finished training EPOCH 16 with loss 0.2058571197604405, saving"
INFO  | 2026/05/23 00:47:20.144289 | [Validate] -> "Validating for EPOCH 16"
INFO  | 2026/05/23 00:48:19.876027 | [Validate] -> {"val": 0.2057765721819783, "yes": 1209}
INFO  | 2026/05/23 00:48:19.876661 | [scheduler] -> "New learning rate = 1e-05"
INFO  | 2026/05/23 00:48:19.876712 | [Submit] -> "Submitting EPOCH 16"
INFO  | 2026/05/23 00:49:27.091563 | [Train] -> "Training EPOCH 17"
INFO  | 2026/05/23 00:58:51.114096 | [Train] -> "Finished training EPOCH 17 with loss 0.20559089374906234, saving"
INFO  | 2026/05/23 00:58:51.281400 | [Validate] -> "Validating for EPOCH 17"
INFO  | 2026/05/23 00:59:50.935824 | [Validate] -> {"val": 0.20482941406373759, "yes": 1249}
INFO  | 2026/05/23 00:59:50.936572 | [scheduler] -> "New learning rate = 1e-05"
INFO  | 2026/05/23 00:59:50.936626 | [Submit] -> "Submitting EPOCH 17"
INFO  | 2026/05/23 01:00:57.428827 | [Train] -> "Training EPOCH 18"
INFO  | 2026/05/23 01:10:21.543734 | [Train] -> "Finished training EPOCH 18 with loss 0.20540666344739097, saving"
INFO  | 2026/05/23 01:10:21.718819 | [Validate] -> "Validating for EPOCH 18"
INFO  | 2026/05/23 01:11:21.588223 | [Validate] -> {"val": 0.20449463163168377, "yes": 1278}
INFO  | 2026/05/23 01:11:21.590194 | [scheduler] -> "New learning rate = 1e-05"
INFO  | 2026/05/23 01:11:21.590252 | [Submit] -> "Submitting EPOCH 18"
INFO  | 2026/05/23 01:12:29.457570 | [Train] -> "Training EPOCH 19"
INFO  | 2026/05/23 01:21:53.888673 | [Train] -> "Finished training EPOCH 19 with loss 0.2051800363618909, saving"
INFO  | 2026/05/23 01:21:54.057010 | [Validate] -> "Validating for EPOCH 19"
INFO  | 2026/05/23 01:22:53.869024 | [Validate] -> {"val": 0.2144880403999154, "yes": 1098}
INFO  | 2026/05/23 01:22:53.869783 | [scheduler] -> "New learning rate = 1e-05"
INFO  | 2026/05/23 01:22:53.869832 | [Submit] -> "Submitting EPOCH 19"
INFO  | 2026/05/23 01:24:01.842403 | [Train] -> "Training EPOCH 20"
INFO  | 2026/05/23 01:33:26.041215 | [Train] -> "Finished training EPOCH 20 with loss 0.2051021675856514, saving"
INFO  | 2026/05/23 01:33:26.201219 | [Validate] -> "Validating for EPOCH 20"
INFO  | 2026/05/23 01:34:26.022535 | [Validate] -> {"val": 0.21244652544269124, "yes": 1142}
INFO  | 2026/05/23 01:34:26.023166 | [scheduler] -> "New learning rate = 1e-05"
INFO  | 2026/05/23 01:34:26.023224 | [Submit] -> "Submitting EPOCH 20"
INFO  | 2026/05/23 01:35:33.913577 | [Train] -> "Training EPOCH 21"
INFO  | 2026/05/23 01:44:58.528743 | [Train] -> "Finished training EPOCH 21 with loss 0.20465679767591352, saving"
INFO  | 2026/05/23 01:44:58.692390 | [Validate] -> "Validating for EPOCH 21"
INFO  | 2026/05/23 01:45:58.441777 | [Validate] -> {"val": 0.20379369228168298, "yes": 1270}
INFO  | 2026/05/23 01:45:58.442466 | [scheduler] -> "New learning rate = 1e-05"
INFO  | 2026/05/23 01:45:58.442528 | [Submit] -> "Submitting EPOCH 21"
INFO  | 2026/05/23 01:47:06.244275 | [Train] -> "Training EPOCH 22"
INFO  | 2026/05/23 01:56:30.566794 | [Train] -> "Finished training EPOCH 22 with loss 0.204837783824169, saving"
INFO  | 2026/05/23 01:56:30.737203 | [Validate] -> "Validating for EPOCH 22"
INFO  | 2026/05/23 01:57:30.563275 | [Validate] -> {"val": 0.20961613354792122, "yes": 1191}
INFO  | 2026/05/23 01:57:30.564018 | [scheduler] -> "New learning rate = 1e-05"
INFO  | 2026/05/23 01:57:30.564063 | [Submit] -> "Submitting EPOCH 22"
INFO  | 2026/05/23 01:58:38.023718 | [Train] -> "Training EPOCH 23"
INFO  | 2026/05/23 02:08:02.329603 | [Train] -> "Finished training EPOCH 23 with loss 0.20420536609892626, saving"
INFO  | 2026/05/23 02:08:02.494477 | [Validate] -> "Validating for EPOCH 23"
INFO  | 2026/05/23 02:09:02.211205 | [Validate] -> {"val": 0.217324859893504, "yes": 1069}
INFO  | 2026/05/23 02:09:02.211935 | [scheduler] -> "New learning rate = 1e-05"
INFO  | 2026/05/23 02:09:02.211992 | [Submit] -> "Submitting EPOCH 23"
INFO  | 2026/05/23 02:10:10.071497 | [Train] -> "Training EPOCH 24"
INFO  | 2026/05/23 02:19:34.548803 | [Train] -> "Finished training EPOCH 24 with loss 0.2043873043005703, saving"
INFO  | 2026/05/23 02:19:34.716584 | [Validate] -> "Validating for EPOCH 24"
INFO  | 2026/05/23 02:20:34.680107 | [Validate] -> {"val": 0.20410390393879577, "yes": 1223}
INFO  | 2026/05/23 02:20:34.680635 | [scheduler] -> "New learning rate = 1e-05"
INFO  | 2026/05/23 02:20:34.680683 | [Submit] -> "Submitting EPOCH 24"
INFO  | 2026/05/23 02:21:42.937276 | [Train] -> "Training EPOCH 25"
INFO  | 2026/05/23 02:31:07.295436 | [Train] -> "Finished training EPOCH 25 with loss 0.20422739139722504, saving"
INFO  | 2026/05/23 02:31:07.464291 | [Validate] -> "Validating for EPOCH 25"
INFO  | 2026/05/23 02:32:07.208649 | [Validate] -> {"val": 0.20471188557966974, "yes": 1232}
INFO  | 2026/05/23 02:32:07.209371 | [scheduler] -> "New learning rate = 1e-05"
INFO  | 2026/05/23 02:32:07.209423 | [Submit] -> "Submitting EPOCH 25"
INFO  | 2026/05/23 02:33:15.386642 | [Train] -> "Training EPOCH 26"
INFO  | 2026/05/23 02:42:39.905826 | [Train] -> "Finished training EPOCH 26 with loss 0.2042070268219664, saving"
INFO  | 2026/05/23 02:42:40.068733 | [Validate] -> "Validating for EPOCH 26"
INFO  | 2026/05/23 02:43:39.867347 | [Validate] -> {"val": 0.20635526149555017, "yes": 1198}
INFO  | 2026/05/23 02:43:39.868115 | [scheduler] -> "New learning rate = 1e-05"
INFO  | 2026/05/23 02:43:39.868182 | [Submit] -> "Submitting EPOCH 26"
INFO  | 2026/05/23 02:44:47.696233 | [Train] -> "Training EPOCH 27"
INFO  | 2026/05/23 02:54:12.347112 | [Train] -> "Finished training EPOCH 27 with loss 0.20375268761893264, saving"
INFO  | 2026/05/23 02:54:12.517434 | [Validate] -> "Validating for EPOCH 27"
INFO  | 2026/05/23 02:55:12.440116 | [Validate] -> {"val": 0.20400060177531862, "yes": 1271}
INFO  | 2026/05/23 02:55:12.440779 | [scheduler] -> "New learning rate = 1e-05"
INFO  | 2026/05/23 02:55:12.440844 | [Submit] -> "Submitting EPOCH 27"
INFO  | 2026/05/23 02:56:20.900212 | [Train] -> "Training EPOCH 28"
INFO  | 2026/05/23 03:05:45.375555 | [Train] -> "Finished training EPOCH 28 with loss 0.20359040905956094, saving"
INFO  | 2026/05/23 03:05:45.539514 | [Validate] -> "Validating for EPOCH 28"
INFO  | 2026/05/23 03:06:45.330781 | [Validate] -> {"val": 0.20523554807855882, "yes": 1211}
INFO  | 2026/05/23 03:06:45.331519 | [scheduler] -> "New learning rate = 1e-05"
INFO  | 2026/05/23 03:06:45.331577 | [Submit] -> "Submitting EPOCH 28"
INFO  | 2026/05/23 03:07:52.594398 | [Train] -> "Training EPOCH 29"
INFO  | 2026/05/23 03:17:16.984487 | [Train] -> "Finished training EPOCH 29 with loss 0.20355180145902488, saving"
INFO  | 2026/05/23 03:17:17.154295 | [Validate] -> "Validating for EPOCH 29"
INFO  | 2026/05/23 03:18:16.926627 | [Validate] -> {"val": 0.20447318037502638, "yes": 1242}
INFO  | 2026/05/23 03:18:16.927286 | [scheduler] -> "New learning rate = 1e-05"
INFO  | 2026/05/23 03:18:16.927340 | [Submit] -> "Submitting EPOCH 29"
INFO  | 2026/05/23 03:19:25.246759 | [Train] -> "Training EPOCH 30"
INFO  | 2026/05/23 03:28:49.742865 | [Train] -> "Finished training EPOCH 30 with loss 0.20364029660024716, saving"
INFO  | 2026/05/23 03:28:49.906018 | [Validate] -> "Validating for EPOCH 30"
INFO  | 2026/05/23 03:29:49.670431 | [Validate] -> {"val": 0.20800942593175947, "yes": 1213}
INFO  | 2026/05/23 03:29:49.671130 | [scheduler] -> "New learning rate = 1e-05"
INFO  | 2026/05/23 03:29:49.671174 | [Submit] -> "Submitting EPOCH 30"
INFO  | 2026/05/23 03:30:57.419858 | [Train] -> "Training EPOCH 31"
INFO  | 2026/05/23 03:40:21.693751 | [Train] -> "Finished training EPOCH 31 with loss 0.20325291941354748, saving"
INFO  | 2026/05/23 03:40:21.860694 | [Validate] -> "Validating for EPOCH 31"
INFO  | 2026/05/23 03:41:21.641024 | [Validate] -> {"val": 0.2201971694258333, "yes": 1022}
INFO  | 2026/05/23 03:41:21.641761 | [scheduler] -> "New learning rate = 1e-05"
INFO  | 2026/05/23 03:41:21.641817 | [Submit] -> "Submitting EPOCH 31"
INFO  | 2026/05/23 03:42:29.353835 | [Train] -> "Training EPOCH 32"
INFO  | 2026/05/23 03:51:54.022721 | [Train] -> "Finished training EPOCH 32 with loss 0.20323074797296342, saving"
INFO  | 2026/05/23 03:51:54.191719 | [Validate] -> "Validating for EPOCH 32"
INFO  | 2026/05/23 03:52:54.272662 | [Validate] -> {"val": 0.20845314918356087, "yes": 1199}
INFO  | 2026/05/23 03:52:54.273412 | [scheduler] -> "New learning rate = 1e-05"
INFO  | 2026/05/23 03:52:54.273463 | [Submit] -> "Submitting EPOCH 32"
INFO  | 2026/05/23 03:54:01.292491 | [Train] -> "Training EPOCH 33"
INFO  | 2026/05/23 04:03:25.727089 | [Train] -> "Finished training EPOCH 33 with loss 0.2031229135132473, saving"
INFO  | 2026/05/23 04:03:25.892147 | [Validate] -> "Validating for EPOCH 33"
INFO  | 2026/05/23 04:04:25.630803 | [Validate] -> {"val": 0.21150652826514862, "yes": 1145}
INFO  | 2026/05/23 04:04:25.631488 | [scheduler] -> "New learning rate = 1e-05"
INFO  | 2026/05/23 04:04:25.631540 | [Submit] -> "Submitting EPOCH 33"
INFO  | 2026/05/23 04:05:34.233890 | [Train] -> "Training EPOCH 34"
INFO  | 2026/05/23 04:14:58.577726 | [Train] -> "Finished training EPOCH 34 with loss 0.202795695661361, saving"
INFO  | 2026/05/23 04:14:58.742226 | [Validate] -> "Validating for EPOCH 34"
INFO  | 2026/05/23 04:15:58.460446 | [Validate] -> {"val": 0.2205799109153165, "yes": 1005}
INFO  | 2026/05/23 04:15:58.461130 | [scheduler] -> "New learning rate = 1e-05"
INFO  | 2026/05/23 04:15:58.461176 | [Submit] -> "Submitting EPOCH 34"
INFO  | 2026/05/23 04:17:05.768393 | [Train] -> "Training EPOCH 35"
INFO  | 2026/05/23 04:26:29.994443 | [Train] -> "Finished training EPOCH 35 with loss 0.20249968651710576, saving"
INFO  | 2026/05/23 04:26:30.202176 | [Validate] -> "Validating for EPOCH 35"
INFO  | 2026/05/23 04:27:30.057320 | [Validate] -> {"val": 0.2045067205797625, "yes": 1259}
INFO  | 2026/05/23 04:27:30.058076 | [scheduler] -> "New learning rate = 1e-05"
INFO  | 2026/05/23 04:27:30.058129 | [Submit] -> "Submitting EPOCH 35"
INFO  | 2026/05/23 04:28:38.440475 | [Train] -> "Training EPOCH 36"
INFO  | 2026/05/23 04:38:02.794095 | [Train] -> "Finished training EPOCH 36 with loss 0.20262970445492795, saving"
INFO  | 2026/05/23 04:38:02.976301 | [Validate] -> "Validating for EPOCH 36"
INFO  | 2026/05/23 04:39:02.687528 | [Validate] -> {"val": 0.21205955035131396, "yes": 1147}
INFO  | 2026/05/23 04:39:02.688259 | [scheduler] -> "New learning rate = 1e-05"
INFO  | 2026/05/23 04:39:02.688306 | [Submit] -> "Submitting EPOCH 36"
INFO  | 2026/05/23 04:40:10.641853 | [Train] -> "Training EPOCH 37"
INFO  | 2026/05/23 04:49:35.000834 | [Train] -> "Finished training EPOCH 37 with loss 0.20202032373151707, saving"
INFO  | 2026/05/23 04:49:35.168466 | [Validate] -> "Validating for EPOCH 37"
INFO  | 2026/05/23 04:50:35.015524 | [Validate] -> {"val": 0.2092040844318521, "yes": 1189}
INFO  | 2026/05/23 04:50:35.016218 | [scheduler] -> "New learning rate = 1e-05"
INFO  | 2026/05/23 04:50:35.016270 | [Submit] -> "Submitting EPOCH 37"
INFO  | 2026/05/23 04:51:42.998462 | [Train] -> "Training EPOCH 38"
INFO  | 2026/05/23 05:01:07.605273 | [Train] -> "Finished training EPOCH 38 with loss 0.20242434727554104, saving"
INFO  | 2026/05/23 05:01:07.775456 | [Validate] -> "Validating for EPOCH 38"
INFO  | 2026/05/23 05:02:07.663745 | [Validate] -> {"val": 0.20610169440735387, "yes": 1233}
INFO  | 2026/05/23 05:02:07.664515 | [scheduler] -> "New learning rate = 1e-05"
INFO  | 2026/05/23 05:02:07.664567 | [Submit] -> "Submitting EPOCH 38"
INFO  | 2026/05/23 05:03:14.868100 | [Train] -> "Training EPOCH 39"
INFO  | 2026/05/23 05:12:40.349654 | [Train] -> "Finished training EPOCH 39 with loss 0.202130438546643, saving"
INFO  | 2026/05/23 05:12:40.511033 | [Validate] -> "Validating for EPOCH 39"
INFO  | 2026/05/23 05:13:40.318179 | [Validate] -> {"val": 0.20598236584026394, "yes": 1209}
INFO  | 2026/05/23 05:13:40.318874 | [scheduler] -> "New learning rate = 1e-05"
INFO  | 2026/05/23 05:13:40.318927 | [Submit] -> "Submitting EPOCH 39"
INFO  | 2026/05/23 05:14:47.214515 | [Train] -> "Training EPOCH 40"
INFO  | 2026/05/23 05:24:09.144216 | [Train] -> "Finished training EPOCH 40 with loss 0.20166238528740316, saving"
INFO  | 2026/05/23 05:24:09.310285 | [Validate] -> "Validating for EPOCH 40"
INFO  | 2026/05/23 05:25:08.886884 | [Validate] -> {"val": 0.20435479813404667, "yes": 1263}
INFO  | 2026/05/23 05:25:08.887580 | [scheduler] -> "New learning rate = 1e-05"
INFO  | 2026/05/23 05:25:08.887635 | [Submit] -> "Submitting EPOCH 40"
INFO  | 2026/05/23 05:26:16.486340 | [Train] -> "Training EPOCH 41"
INFO  | 2026/05/23 05:35:38.401683 | [Train] -> "Finished training EPOCH 41 with loss 0.2018068339590353, saving"
INFO  | 2026/05/23 05:35:38.556667 | [Validate] -> "Validating for EPOCH 41"
INFO  | 2026/05/23 05:36:38.205339 | [Validate] -> {"val": 0.26052682124476395, "yes": 498}
INFO  | 2026/05/23 05:36:38.206023 | [scheduler] -> "New learning rate = 1e-05"
INFO  | 2026/05/23 05:36:38.206075 | [Submit] -> "Submitting EPOCH 41"
INFO  | 2026/05/23 05:37:45.548662 | [Train] -> "Training EPOCH 42"
INFO  | 2026/05/23 05:47:07.267346 | [Train] -> "Finished training EPOCH 42 with loss 0.20135961712430453, saving"
INFO  | 2026/05/23 05:47:07.428462 | [Validate] -> "Validating for EPOCH 42"
INFO  | 2026/05/23 05:48:06.931005 | [Validate] -> {"val": 0.2044097306732913, "yes": 1262}
INFO  | 2026/05/23 05:48:06.931724 | [scheduler] -> "New learning rate = 1e-05"
INFO  | 2026/05/23 05:48:06.931781 | [Submit] -> "Submitting EPOCH 42"
INFO  | 2026/05/23 05:49:13.756098 | [Train] -> "Training EPOCH 43"
INFO  | 2026/05/23 05:58:35.645452 | [Train] -> "Finished training EPOCH 43 with loss 0.20166275413095497, saving"
INFO  | 2026/05/23 05:58:35.805913 | [Validate] -> "Validating for EPOCH 43"
INFO  | 2026/05/23 05:59:35.331131 | [Validate] -> {"val": 0.20271549994936428, "yes": 1291}
INFO  | 2026/05/23 05:59:35.331832 | [scheduler] -> "New learning rate = 1e-05"
INFO  | 2026/05/23 05:59:35.331889 | [Submit] -> "Submitting EPOCH 43"
INFO  | 2026/05/23 06:00:42.242880 | [Train] -> "Training EPOCH 44"
INFO  | 2026/05/23 06:10:03.533255 | [Train] -> "Finished training EPOCH 44 with loss 0.20149982708101055, saving"
INFO  | 2026/05/23 06:10:03.694257 | [Validate] -> "Validating for EPOCH 44"
INFO  | 2026/05/23 06:11:03.179125 | [Validate] -> {"val": 0.20447943763423512, "yes": 1278}
INFO  | 2026/05/23 06:11:03.179807 | [scheduler] -> "New learning rate = 1e-05"
INFO  | 2026/05/23 06:11:03.179861 | [Submit] -> "Submitting EPOCH 44"
INFO  | 2026/05/23 06:12:11.297699 | [Train] -> "Training EPOCH 45"
INFO  | 2026/05/23 06:21:34.986229 | [Train] -> "Finished training EPOCH 45 with loss 0.2013749221553102, saving"
INFO  | 2026/05/23 06:21:35.148063 | [Validate] -> "Validating for EPOCH 45"
INFO  | 2026/05/23 06:22:35.092805 | [Validate] -> {"val": 0.20334505553691443, "yes": 1285}
INFO  | 2026/05/23 06:22:35.093489 | [scheduler] -> "New learning rate = 1e-05"
INFO  | 2026/05/23 06:22:35.093555 | [Submit] -> "Submitting EPOCH 45"
INFO  | 2026/05/23 06:23:42.954192 | [Train] -> "Training EPOCH 46"
INFO  | 2026/05/23 06:33:07.614611 | [Train] -> "Finished training EPOCH 46 with loss 0.20061030987906092, saving"
INFO  | 2026/05/23 06:33:07.782609 | [Validate] -> "Validating for EPOCH 46"
INFO  | 2026/05/23 06:34:07.620784 | [Validate] -> {"val": 0.2036246442612801, "yes": 1292}
INFO  | 2026/05/23 06:34:07.621531 | [scheduler] -> "New learning rate = 1e-05"
INFO  | 2026/05/23 06:34:07.621579 | [Submit] -> "Submitting EPOCH 46"
INFO  | 2026/05/23 06:35:16.051127 | [Train] -> "Training EPOCH 47"
INFO  | 2026/05/23 06:44:40.167924 | [Train] -> "Finished training EPOCH 47 with loss 0.200679571136036, saving"
INFO  | 2026/05/23 06:44:40.333144 | [Validate] -> "Validating for EPOCH 47"
INFO  | 2026/05/23 06:45:40.290930 | [Validate] -> {"val": 0.21375866010216357, "yes": 1144}
INFO  | 2026/05/23 06:45:40.291682 | [scheduler] -> "New learning rate = 1e-05"
INFO  | 2026/05/23 06:45:40.291737 | [Submit] -> "Submitting EPOCH 47"
INFO  | 2026/05/23 06:46:48.490316 | [Train] -> "Training EPOCH 48"
INFO  | 2026/05/23 06:56:13.053826 | [Train] -> "Finished training EPOCH 48 with loss 0.20035877427697638, saving"
INFO  | 2026/05/23 06:56:13.224030 | [Validate] -> "Validating for EPOCH 48"
INFO  | 2026/05/23 06:57:12.978234 | [Validate] -> {"val": 0.22476347457361584, "yes": 969}
INFO  | 2026/05/23 06:57:12.978962 | [scheduler] -> "New learning rate = 1e-05"
INFO  | 2026/05/23 06:57:12.979018 | [Submit] -> "Submitting EPOCH 48"
INFO  | 2026/05/23 06:58:21.240337 | [Train] -> "Training EPOCH 49"
INFO  | 2026/05/23 07:07:45.638925 | [Train] -> "Finished training EPOCH 49 with loss 0.20076879783327342, saving"
INFO  | 2026/05/23 07:07:45.806539 | [Validate] -> "Validating for EPOCH 49"
INFO  | 2026/05/23 07:08:45.572430 | [Validate] -> {"val": 0.21050418003369833, "yes": 1174}
INFO  | 2026/05/23 07:08:45.573169 | [scheduler] -> "New learning rate = 1e-05"
INFO  | 2026/05/23 07:08:45.573236 | [Submit] -> "Submitting EPOCH 49"
INFO  | 2026/05/23 07:09:52.454812 | [Train] -> "Training EPOCH 50"
INFO  | 2026/05/23 07:19:17.265550 | [Train] -> "Finished training EPOCH 50 with loss 0.20037748832966534, saving"
INFO  | 2026/05/23 07:19:17.434695 | [Validate] -> "Validating for EPOCH 50"
INFO  | 2026/05/23 07:20:17.341191 | [Validate] -> {"val": 0.20339070887283514, "yes": 1289}
INFO  | 2026/05/23 07:20:17.341890 | [scheduler] -> "New learning rate = 1e-05"
INFO  | 2026/05/23 07:20:17.341941 | [Submit] -> "Submitting EPOCH 50"
INFO  | 2026/05/23 07:21:25.174178 | [Train] -> "Training EPOCH 51"
INFO  | 2026/05/23 07:30:49.575651 | [Train] -> "Finished training EPOCH 51 with loss 0.20005442690644556, saving"
INFO  | 2026/05/23 07:30:49.743859 | [Validate] -> "Validating for EPOCH 51"
INFO  | 2026/05/23 07:31:49.545953 | [Validate] -> {"val": 0.213752397280613, "yes": 1120}
INFO  | 2026/05/23 07:31:49.546746 | [scheduler] -> "New learning rate = 1e-05"
INFO  | 2026/05/23 07:31:49.546795 | [Submit] -> "Submitting EPOCH 51"
INFO  | 2026/05/23 07:32:56.277676 | [Train] -> "Training EPOCH 52"
INFO  | 2026/05/23 07:42:20.819521 | [Train] -> "Finished training EPOCH 52 with loss 0.19986813086021038, saving"
INFO  | 2026/05/23 07:42:20.982364 | [Validate] -> "Validating for EPOCH 52"
INFO  | 2026/05/23 07:43:20.891595 | [Validate] -> {"val": 0.20439261444879853, "yes": 1287}
INFO  | 2026/05/23 07:43:20.892318 | [scheduler] -> "New learning rate = 1e-05"
INFO  | 2026/05/23 07:43:20.892379 | [Submit] -> "Submitting EPOCH 52"
INFO  | 2026/05/23 07:44:28.762834 | [Train] -> "Training EPOCH 53"
INFO  | 2026/05/23 07:53:53.685703 | [Train] -> "Finished training EPOCH 53 with loss 0.20034370961535067, saving"
INFO  | 2026/05/23 07:53:53.855567 | [Validate] -> "Validating for EPOCH 53"
INFO  | 2026/05/23 07:54:53.794578 | [Validate] -> {"val": 0.20240982182835804, "yes": 1316}
INFO  | 2026/05/23 07:54:53.795265 | [scheduler] -> "New learning rate = 1e-05"
INFO  | 2026/05/23 07:54:53.795314 | [Submit] -> "Submitting EPOCH 53"
INFO  | 2026/05/23 07:56:01.264574 | [Train] -> "Training EPOCH 54"
INFO  | 2026/05/23 08:05:25.801477 | [Train] -> "Finished training EPOCH 54 with loss 0.1996029002236501, saving"
INFO  | 2026/05/23 08:05:25.970291 | [Validate] -> "Validating for EPOCH 54"
INFO  | 2026/05/23 08:06:25.858866 | [Validate] -> {"val": 0.20172574747609728, "yes": 1350}
INFO  | 2026/05/23 08:06:25.859611 | [scheduler] -> "New learning rate = 1e-05"
INFO  | 2026/05/23 08:06:25.859665 | [Submit] -> "Submitting EPOCH 54"
INFO  | 2026/05/23 08:07:33.725103 | [Train] -> "Training EPOCH 55"
INFO  | 2026/05/23 08:16:58.116767 | [Train] -> "Finished training EPOCH 55 with loss 0.19954602170650285, saving"
INFO  | 2026/05/23 08:16:58.277511 | [Validate] -> "Validating for EPOCH 55"
INFO  | 2026/05/23 08:17:58.197956 | [Validate] -> {"val": 0.20088563454515151, "yes": 1369}
INFO  | 2026/05/23 08:17:58.198705 | [scheduler] -> "New learning rate = 1e-05"
INFO  | 2026/05/23 08:17:58.198767 | [Submit] -> "Submitting EPOCH 55"
INFO  | 2026/05/23 08:19:05.860164 | [Train] -> "Training EPOCH 56"
INFO  | 2026/05/23 08:28:30.490543 | [Train] -> "Finished training EPOCH 56 with loss 0.1992286441634402, saving"
INFO  | 2026/05/23 08:28:30.661409 | [Validate] -> "Validating for EPOCH 56"
INFO  | 2026/05/23 08:29:30.560430 | [Validate] -> {"val": 0.20420267728676322, "yes": 1291}
INFO  | 2026/05/23 08:29:30.561107 | [scheduler] -> "New learning rate = 1e-05"
INFO  | 2026/05/23 08:29:30.561157 | [Submit] -> "Submitting EPOCH 56"
INFO  | 2026/05/23 08:30:37.814841 | [Train] -> "Training EPOCH 57"
INFO  | 2026/05/23 08:40:02.303356 | [Train] -> "Finished training EPOCH 57 with loss 0.1989340128675672, saving"
INFO  | 2026/05/23 08:40:02.474210 | [Validate] -> "Validating for EPOCH 57"
INFO  | 2026/05/23 08:41:02.448103 | [Validate] -> {"val": 0.2056512064719928, "yes": 1301}
INFO  | 2026/05/23 08:41:02.448862 | [scheduler] -> "New learning rate = 1e-05"
INFO  | 2026/05/23 08:41:02.448921 | [Submit] -> "Submitting EPOCH 57"
INFO  | 2026/05/23 08:42:10.383671 | [Train] -> "Training EPOCH 58"
INFO  | 2026/05/23 08:51:35.205132 | [Train] -> "Finished training EPOCH 58 with loss 0.1990051922025799, saving"
INFO  | 2026/05/23 08:51:35.376831 | [Validate] -> "Validating for EPOCH 58"
INFO  | 2026/05/23 08:52:35.246759 | [Validate] -> {"val": 0.21079563450722294, "yes": 1217}
INFO  | 2026/05/23 08:52:35.247489 | [scheduler] -> "New learning rate = 1e-05"
INFO  | 2026/05/23 08:52:35.247533 | [Submit] -> "Submitting EPOCH 58"
INFO  | 2026/05/23 08:53:42.425070 | [Train] -> "Training EPOCH 59"
INFO  | 2026/05/23 08:59:07.375656 | [Train] -> "Training EPOCH 0"
INFO  | 2026/05/23 09:08:29.276021 | [Train] -> "Finished training EPOCH 0 with loss 2.4146364434984804, saving"
INFO  | 2026/05/23 09:08:29.440574 | [Validate] -> "Validating for EPOCH 0"
INFO  | 2026/05/23 09:09:29.377501 | [Validate] -> {"val": 0.6078295505683841, "yes": 975}
INFO  | 2026/05/23 09:09:29.377900 | [scheduler] -> "New learning rate = 0.0001"
INFO  | 2026/05/23 09:09:29.377946 | [Submit] -> "Submitting EPOCH 0"
INFO  | 2026/05/23 09:10:37.194152 | [Train] -> "Training EPOCH 1"
INFO  | 2026/05/23 09:20:01.200312 | [Train] -> "Finished training EPOCH 1 with loss 2.325035119193201, saving"
INFO  | 2026/05/23 09:20:01.367666 | [Validate] -> "Validating for EPOCH 1"
INFO  | 2026/05/23 09:21:01.074585 | [Validate] -> {"val": 0.623710701756805, "yes": 775}
INFO  | 2026/05/23 09:21:01.075331 | [scheduler] -> "New learning rate = 0.0001"
INFO  | 2026/05/23 09:21:01.075388 | [Submit] -> "Submitting EPOCH 1"
INFO  | 2026/05/23 09:22:08.386009 | [Train] -> "Training EPOCH 2"
INFO  | 2026/05/23 09:31:32.748356 | [Train] -> "Finished training EPOCH 2 with loss 2.2830586103082613, saving"
INFO  | 2026/05/23 09:31:32.914590 | [Validate] -> "Validating for EPOCH 2"
INFO  | 2026/05/23 09:32:32.682231 | [Validate] -> {"val": 0.58102258007035, "yes": 908}
INFO  | 2026/05/23 09:32:32.682935 | [scheduler] -> "New learning rate = 0.0001"
INFO  | 2026/05/23 09:32:32.682995 | [Submit] -> "Submitting EPOCH 2"
INFO  | 2026/05/23 09:33:40.240490 | [Train] -> "Training EPOCH 3"
INFO  | 2026/05/23 09:43:04.624939 | [Train] -> "Finished training EPOCH 3 with loss 2.2463269690975887, saving"
INFO  | 2026/05/23 09:43:04.792668 | [Validate] -> "Validating for EPOCH 3"
INFO  | 2026/05/23 09:44:04.593863 | [Validate] -> {"val": 0.569024286197342, "yes": 1003}
INFO  | 2026/05/23 09:44:04.594505 | [scheduler] -> "New learning rate = 0.0001"
INFO  | 2026/05/23 09:44:04.594562 | [Submit] -> "Submitting EPOCH 3"
INFO  | 2026/05/23 09:45:11.564940 | [Train] -> "Training EPOCH 4"
INFO  | 2026/05/23 09:54:35.974879 | [Train] -> "Finished training EPOCH 4 with loss 2.2248678095923125, saving"
INFO  | 2026/05/23 09:54:36.142423 | [Validate] -> "Validating for EPOCH 4"
INFO  | 2026/05/23 09:55:35.847712 | [Validate] -> {"val": 0.5779102249909903, "yes": 958}
INFO  | 2026/05/23 09:55:35.848334 | [scheduler] -> "New learning rate = 0.0001"
INFO  | 2026/05/23 09:55:35.848392 | [Submit] -> "Submitting EPOCH 4"
INFO  | 2026/05/23 09:56:43.050643 | [Train] -> "Training EPOCH 5"
INFO  | 2026/05/23 10:06:07.462601 | [Train] -> "Finished training EPOCH 5 with loss 2.2020673292283792, saving"
INFO  | 2026/05/23 10:06:07.626553 | [Validate] -> "Validating for EPOCH 5"
INFO  | 2026/05/23 10:07:07.483329 | [Validate] -> {"val": 0.5607782262882204, "yes": 1057}
INFO  | 2026/05/23 10:07:07.484053 | [scheduler] -> "New learning rate = 0.0001"
INFO  | 2026/05/23 10:07:07.484097 | [Submit] -> "Submitting EPOCH 5"
INFO  | 2026/05/23 10:08:16.244965 | [Train] -> "Training EPOCH 6"
INFO  | 2026/05/23 10:17:40.603081 | [Train] -> "Finished training EPOCH 6 with loss 2.1841965257666494, saving"
INFO  | 2026/05/23 10:17:40.769120 | [Validate] -> "Validating for EPOCH 6"
INFO  | 2026/05/23 10:18:40.521557 | [Validate] -> {"val": 0.6084332443830621, "yes": 681}
INFO  | 2026/05/23 10:18:40.522270 | [scheduler] -> "New learning rate = 0.0001"
INFO  | 2026/05/23 10:18:40.522317 | [Submit] -> "Submitting EPOCH 6"
INFO  | 2026/05/23 10:19:48.370099 | [Train] -> "Training EPOCH 7"
INFO  | 2026/05/23 10:29:12.074953 | [Train] -> "Finished training EPOCH 7 with loss 2.1712911168582565, saving"
INFO  | 2026/05/23 10:29:12.243831 | [Validate] -> "Validating for EPOCH 7"
INFO  | 2026/05/23 10:30:11.874791 | [Validate] -> {"val": 0.5829404291305833, "yes": 772}
INFO  | 2026/05/23 10:30:11.875464 | [scheduler] -> "New learning rate = 0.0001"
INFO  | 2026/05/23 10:30:11.875542 | [Submit] -> "Submitting EPOCH 7"
INFO  | 2026/05/23 10:31:19.270631 | [Train] -> "Training EPOCH 8"
INFO  | 2026/05/23 10:40:43.605382 | [Train] -> "Finished training EPOCH 8 with loss 2.1527375111143097, saving"
INFO  | 2026/05/23 10:40:43.774156 | [Validate] -> "Validating for EPOCH 8"
INFO  | 2026/05/23 10:41:43.572674 | [Validate] -> {"val": 0.6098685519385884, "yes": 811}
INFO  | 2026/05/23 10:41:43.573386 | [scheduler] -> "New learning rate = 0.0001"
INFO  | 2026/05/23 10:41:43.573451 | [Submit] -> "Submitting EPOCH 8"
INFO  | 2026/05/23 10:42:50.919204 | [Train] -> "Training EPOCH 9"
INFO  | 2026/05/23 10:52:15.688858 | [Train] -> "Finished training EPOCH 9 with loss 2.1397210865985348, saving"
INFO  | 2026/05/23 10:52:15.858519 | [Validate] -> "Validating for EPOCH 9"
INFO  | 2026/05/23 10:53:15.662722 | [Validate] -> {"val": 0.5508337307522315, "yes": 949}
INFO  | 2026/05/23 10:53:15.663297 | [scheduler] -> "New learning rate = 0.0001"
INFO  | 2026/05/23 10:53:15.663353 | [Submit] -> "Submitting EPOCH 9"
INFO  | 2026/05/23 10:54:23.311631 | [Train] -> "Training EPOCH 10"
INFO  | 2026/05/23 11:03:47.800652 | [Train] -> "Finished training EPOCH 10 with loss 2.1225120316479953, saving"
INFO  | 2026/05/23 11:03:47.969381 | [Validate] -> "Validating for EPOCH 10"
INFO  | 2026/05/23 11:04:47.772059 | [Validate] -> {"val": 0.5076326769726877, "yes": 939}
INFO  | 2026/05/23 11:04:47.772709 | [scheduler] -> "New learning rate = 0.0001"
INFO  | 2026/05/23 11:04:47.772761 | [Submit] -> "Submitting EPOCH 10"
INFO  | 2026/05/23 11:05:55.396576 | [Train] -> "Training EPOCH 11"
INFO  | 2026/05/23 11:15:19.701868 | [Train] -> "Finished training EPOCH 11 with loss 2.1179545487156353, saving"
INFO  | 2026/05/23 11:15:19.858426 | [Validate] -> "Validating for EPOCH 11"
INFO  | 2026/05/23 11:16:19.629923 | [Validate] -> {"val": 0.7775926731924975, "yes": 575}
INFO  | 2026/05/23 11:16:19.633772 | [scheduler] -> "New learning rate = 0.0001"
INFO  | 2026/05/23 11:16:19.633833 | [Submit] -> "Submitting EPOCH 11"
INFO  | 2026/05/23 11:17:26.223150 | [Train] -> "Training EPOCH 12"
INFO  | 2026/05/23 11:26:50.345674 | [Train] -> "Finished training EPOCH 12 with loss 2.1020539240982696, saving"
INFO  | 2026/05/23 11:26:50.514058 | [Validate] -> "Validating for EPOCH 12"
INFO  | 2026/05/23 11:27:50.141531 | [Validate] -> {"val": 0.48487431366025036, "yes": 1087}
INFO  | 2026/05/23 11:27:50.142333 | [scheduler] -> "New learning rate = 0.0001"
INFO  | 2026/05/23 11:27:50.142387 | [Submit] -> "Submitting EPOCH 12"
INFO  | 2026/05/23 11:28:57.710495 | [Train] -> "Training EPOCH 13"
INFO  | 2026/05/23 11:38:21.861821 | [Train] -> "Finished training EPOCH 13 with loss 2.0892104905525235, saving"
INFO  | 2026/05/23 11:38:22.029591 | [Validate] -> "Validating for EPOCH 13"
INFO  | 2026/05/23 11:39:21.865551 | [Validate] -> {"val": 0.8037861773075948, "yes": 250}
INFO  | 2026/05/23 11:39:21.866190 | [scheduler] -> "New learning rate = 0.0001"
INFO  | 2026/05/23 11:39:21.866238 | [Submit] -> "Submitting EPOCH 13"
INFO  | 2026/05/23 11:40:30.186239 | [Train] -> "Training EPOCH 14"
INFO  | 2026/05/23 11:49:55.014933 | [Train] -> "Finished training EPOCH 14 with loss 2.0789701751625267, saving"
INFO  | 2026/05/23 11:49:55.180241 | [Validate] -> "Validating for EPOCH 14"
INFO  | 2026/05/23 11:50:55.352580 | [Validate] -> {"val": 0.49303861415113204, "yes": 1007}
INFO  | 2026/05/23 11:50:55.353310 | [scheduler] -> "New learning rate = 0.0001"
INFO  | 2026/05/23 11:50:55.353375 | [Submit] -> "Submitting EPOCH 14"
INFO  | 2026/05/23 11:52:02.469037 | [Train] -> "Training EPOCH 15"
INFO  | 2026/05/23 12:01:27.027327 | [Train] -> "Finished training EPOCH 15 with loss 2.0658843952735872, saving"
INFO  | 2026/05/23 12:01:27.201899 | [Validate] -> "Validating for EPOCH 15"
INFO  | 2026/05/23 12:02:26.876958 | [Validate] -> {"val": 0.7028932352102439, "yes": 227}
INFO  | 2026/05/23 12:02:26.877674 | [scheduler] -> "New learning rate = 0.0001"
INFO  | 2026/05/23 12:02:26.877730 | [Submit] -> "Submitting EPOCH 15"
INFO  | 2026/05/23 12:03:33.991805 | [Train] -> "Training EPOCH 16"
INFO  | 2026/05/23 12:12:58.218412 | [Train] -> "Finished training EPOCH 16 with loss 2.0518953005776153, saving"
INFO  | 2026/05/23 12:12:58.384452 | [Validate] -> "Validating for EPOCH 16"
INFO  | 2026/05/23 12:13:58.025254 | [Validate] -> {"val": 0.6966033150221556, "yes": 323}
INFO  | 2026/05/23 12:13:58.026003 | [scheduler] -> "New learning rate = 1e-05"
INFO  | 2026/05/23 12:13:58.026049 | [Submit] -> "Submitting EPOCH 16"
INFO  | 2026/05/23 12:15:05.194395 | [Train] -> "Training EPOCH 17"
INFO  | 2026/05/23 12:24:29.195679 | [Train] -> "Finished training EPOCH 17 with loss 2.0194664395947495, saving"
INFO  | 2026/05/23 12:24:29.365981 | [Validate] -> "Validating for EPOCH 17"
INFO  | 2026/05/23 12:25:29.181894 | [Validate] -> {"val": 0.4514623062301228, "yes": 1386}
INFO  | 2026/05/23 12:25:29.182597 | [scheduler] -> "New learning rate = 1e-05"
INFO  | 2026/05/23 12:25:29.182646 | [Submit] -> "Submitting EPOCH 17"
INFO  | 2026/05/23 12:26:36.799964 | [Train] -> "Training EPOCH 18"
INFO  | 2026/05/23 12:36:01.378767 | [Train] -> "Finished training EPOCH 18 with loss 2.0115643428482173, saving"
INFO  | 2026/05/23 12:36:01.545590 | [Validate] -> "Validating for EPOCH 18"
INFO  | 2026/05/23 12:37:01.258781 | [Validate] -> {"val": 0.4513575930631798, "yes": 1415}
INFO  | 2026/05/23 12:37:01.259474 | [scheduler] -> "New learning rate = 1e-05"
INFO  | 2026/05/23 12:37:01.259532 | [Submit] -> "Submitting EPOCH 18"
INFO  | 2026/05/23 12:38:08.489196 | [Train] -> "Training EPOCH 19"
INFO  | 2026/05/23 12:47:32.511661 | [Train] -> "Finished training EPOCH 19 with loss 1.9987588593295513, saving"
INFO  | 2026/05/23 12:47:32.681609 | [Validate] -> "Validating for EPOCH 19"
INFO  | 2026/05/23 12:48:32.351372 | [Validate] -> {"val": 0.451548544050173, "yes": 1369}
INFO  | 2026/05/23 12:48:32.352077 | [scheduler] -> "New learning rate = 1e-05"
INFO  | 2026/05/23 12:48:32.352133 | [Submit] -> "Submitting EPOCH 19"
INFO  | 2026/05/23 12:49:40.239666 | [Train] -> "Training EPOCH 20"
INFO  | 2026/05/23 12:59:04.839356 | [Train] -> "Finished training EPOCH 20 with loss 2.000672121948868, saving"
INFO  | 2026/05/23 12:59:05.012094 | [Validate] -> "Validating for EPOCH 20"
INFO  | 2026/05/23 13:00:04.840063 | [Validate] -> {"val": 0.451626375249324, "yes": 1385}
INFO  | 2026/05/23 13:00:04.840606 | [scheduler] -> "New learning rate = 1e-05"
INFO  | 2026/05/23 13:00:04.840661 | [Submit] -> "Submitting EPOCH 20"
INFO  | 2026/05/23 13:01:13.004839 | [Train] -> "Training EPOCH 21"
INFO  | 2026/05/23 13:10:37.387111 | [Train] -> "Finished training EPOCH 21 with loss 1.9958764323751434, saving"
INFO  | 2026/05/23 13:10:37.558176 | [Validate] -> "Validating for EPOCH 21"
INFO  | 2026/05/23 13:11:37.327016 | [Validate] -> {"val": 0.4489439588921671, "yes": 1420}
INFO  | 2026/05/23 13:11:37.327696 | [scheduler] -> "New learning rate = 1e-05"
INFO  | 2026/05/23 13:11:37.327752 | [Submit] -> "Submitting EPOCH 21"
INFO  | 2026/05/23 13:12:44.350125 | [Train] -> "Training EPOCH 22"
INFO  | 2026/05/23 13:22:08.822175 | [Train] -> "Finished training EPOCH 22 with loss 1.9900233346542329, saving"
INFO  | 2026/05/23 13:22:08.990972 | [Validate] -> "Validating for EPOCH 22"
INFO  | 2026/05/23 13:23:08.811648 | [Validate] -> {"val": 0.4506742426457296, "yes": 1386}
INFO  | 2026/05/23 13:23:08.812344 | [scheduler] -> "New learning rate = 1e-05"
INFO  | 2026/05/23 13:23:08.812406 | [Submit] -> "Submitting EPOCH 22"
INFO  | 2026/05/23 13:24:15.824324 | [Train] -> "Training EPOCH 23"
INFO  | 2026/05/23 13:33:40.122560 | [Train] -> "Finished training EPOCH 23 with loss 1.989824160364748, saving"
INFO  | 2026/05/23 13:33:40.287685 | [Validate] -> "Validating for EPOCH 23"
INFO  | 2026/05/23 13:34:39.944681 | [Validate] -> {"val": 0.44820497431827866, "yes": 1407}
INFO  | 2026/05/23 13:34:39.945333 | [scheduler] -> "New learning rate = 1e-05"
INFO  | 2026/05/23 13:34:39.945393 | [Submit] -> "Submitting EPOCH 23"
INFO  | 2026/05/23 13:35:47.607139 | [Train] -> "Training EPOCH 24"
INFO  | 2026/05/23 13:45:12.088247 | [Train] -> "Finished training EPOCH 24 with loss 1.9881890163166833, saving"
INFO  | 2026/05/23 13:45:12.255777 | [Validate] -> "Validating for EPOCH 24"
INFO  | 2026/05/23 13:46:12.151637 | [Validate] -> {"val": 0.44717890961479595, "yes": 1424}
INFO  | 2026/05/23 13:46:12.152308 | [scheduler] -> "New learning rate = 1e-05"
INFO  | 2026/05/23 13:46:12.152364 | [Submit] -> "Submitting EPOCH 24"
INFO  | 2026/05/23 13:47:19.320700 | [Train] -> "Training EPOCH 25"
INFO  | 2026/05/23 13:56:43.851047 | [Train] -> "Finished training EPOCH 25 with loss 1.9799371343532592, saving"
INFO  | 2026/05/23 13:56:44.020514 | [Validate] -> "Validating for EPOCH 25"
INFO  | 2026/05/23 13:57:43.637910 | [Validate] -> {"val": 0.45288170330397043, "yes": 1282}
INFO  | 2026/05/23 13:57:43.638579 | [scheduler] -> "New learning rate = 1e-05"
INFO  | 2026/05/23 13:57:43.638627 | [Submit] -> "Submitting EPOCH 25"
INFO  | 2026/05/23 13:58:50.855593 | [Train] -> "Training EPOCH 26"
INFO  | 2026/05/23 14:08:15.460816 | [Train] -> "Finished training EPOCH 26 with loss 1.9799153852781266, saving"
INFO  | 2026/05/23 14:08:15.628561 | [Validate] -> "Validating for EPOCH 26"
INFO  | 2026/05/23 14:09:15.429080 | [Validate] -> {"val": 0.47245022540784065, "yes": 1038}
INFO  | 2026/05/23 14:09:15.429797 | [scheduler] -> "New learning rate = 1e-05"
INFO  | 2026/05/23 14:09:15.429854 | [Submit] -> "Submitting EPOCH 26"
INFO  | 2026/05/23 14:10:23.677292 | [Train] -> "Training EPOCH 27"
INFO  | 2026/05/23 14:19:48.002827 | [Train] -> "Finished training EPOCH 27 with loss 1.979333806174402, saving"
INFO  | 2026/05/23 14:19:48.172169 | [Validate] -> "Validating for EPOCH 27"
INFO  | 2026/05/23 14:20:47.873563 | [Validate] -> {"val": 0.4849780402110733, "yes": 1083}
INFO  | 2026/05/23 14:20:47.874244 | [scheduler] -> "New learning rate = 1e-05"
INFO  | 2026/05/23 14:20:47.874289 | [Submit] -> "Submitting EPOCH 27"
INFO  | 2026/05/23 14:21:55.048862 | [Train] -> "Training EPOCH 28"
INFO  | 2026/05/23 14:31:19.663367 | [Train] -> "Finished training EPOCH 28 with loss 1.9769384931289513, saving"
INFO  | 2026/05/23 14:31:19.835397 | [Validate] -> "Validating for EPOCH 28"
INFO  | 2026/05/23 14:32:19.517249 | [Validate] -> {"val": 0.44114375551238316, "yes": 1400}
INFO  | 2026/05/23 14:32:19.517892 | [scheduler] -> "New learning rate = 1e-05"
INFO  | 2026/05/23 14:32:19.517948 | [Submit] -> "Submitting EPOCH 28"
INFO  | 2026/05/23 14:33:26.692224 | [Train] -> "Training EPOCH 29"
INFO  | 2026/05/23 14:42:55.377306 | [Train] -> "Finished training EPOCH 29 with loss 1.9752146289093804, saving"
INFO  | 2026/05/23 14:42:55.555868 | [Validate] -> "Validating for EPOCH 29"
INFO  | 2026/05/23 14:43:57.140086 | [Validate] -> {"val": 0.44040435206799106, "yes": 1395}
INFO  | 2026/05/23 14:43:57.140827 | [scheduler] -> "New learning rate = 1e-05"
INFO  | 2026/05/23 14:43:57.140880 | [Submit] -> "Submitting EPOCH 29"
INFO  | 2026/05/23 14:45:05.239665 | [Train] -> "Training EPOCH 30"
INFO  | 2026/05/23 14:54:32.988503 | [Train] -> "Finished training EPOCH 30 with loss 1.9732878664067683, saving"
INFO  | 2026/05/23 14:54:33.173125 | [Validate] -> "Validating for EPOCH 30"
INFO  | 2026/05/23 14:55:33.040723 | [Validate] -> {"val": 0.460056937787369, "yes": 1055}
INFO  | 2026/05/23 14:55:33.041354 | [scheduler] -> "New learning rate = 1e-05"
INFO  | 2026/05/23 14:55:33.041415 | [Submit] -> "Submitting EPOCH 30"
INFO  | 2026/05/23 14:56:40.823715 | [Train] -> "Training EPOCH 31"
INFO  | 2026/05/23 15:06:07.780877 | [Train] -> "Finished training EPOCH 31 with loss 1.9704229236559103, saving"
INFO  | 2026/05/23 15:06:07.948504 | [Validate] -> "Validating for EPOCH 31"
INFO  | 2026/05/23 15:07:07.857124 | [Validate] -> {"val": 0.43400313012472547, "yes": 1449}
INFO  | 2026/05/23 15:07:07.857864 | [scheduler] -> "New learning rate = 1e-05"
INFO  | 2026/05/23 15:07:07.857928 | [Submit] -> "Submitting EPOCH 31"
INFO  | 2026/05/23 15:08:15.270196 | [Train] -> "Training EPOCH 32"
INFO  | 2026/05/23 15:17:42.056081 | [Train] -> "Finished training EPOCH 32 with loss 1.961370394543837, saving"
INFO  | 2026/05/23 15:17:42.222575 | [Validate] -> "Validating for EPOCH 32"
INFO  | 2026/05/23 15:18:42.292807 | [Validate] -> {"val": 0.4641932061610331, "yes": 1202}
INFO  | 2026/05/23 15:18:42.293512 | [scheduler] -> "New learning rate = 1e-05"
INFO  | 2026/05/23 15:18:42.293565 | [Submit] -> "Submitting EPOCH 32"
INFO  | 2026/05/23 15:19:49.631473 | [Train] -> "Training EPOCH 33"
INFO  | 2026/05/23 15:29:17.434813 | [Train] -> "Finished training EPOCH 33 with loss 1.9661710111011985, saving"
INFO  | 2026/05/23 15:29:17.605586 | [Validate] -> "Validating for EPOCH 33"
INFO  | 2026/05/23 15:30:17.530784 | [Validate] -> {"val": 0.4377878402480642, "yes": 1384}
INFO  | 2026/05/23 15:30:17.531493 | [scheduler] -> "New learning rate = 1e-05"
INFO  | 2026/05/23 15:30:17.531551 | [Submit] -> "Submitting EPOCH 33"
INFO  | 2026/05/23 15:31:24.403496 | [Train] -> "Training EPOCH 34"
INFO  | 2026/05/23 15:40:51.582759 | [Train] -> "Finished training EPOCH 34 with loss 1.9610768138452341, saving"
INFO  | 2026/05/23 15:40:51.751316 | [Validate] -> "Validating for EPOCH 34"
INFO  | 2026/05/23 15:41:51.613351 | [Validate] -> {"val": 0.43608592734992047, "yes": 1416}
INFO  | 2026/05/23 15:41:51.614073 | [scheduler] -> "New learning rate = 1e-05"
INFO  | 2026/05/23 15:41:51.614126 | [Submit] -> "Submitting EPOCH 34"
INFO  | 2026/05/23 15:42:58.247262 | [Train] -> "Training EPOCH 35"
INFO  | 2026/05/23 15:52:25.601227 | [Train] -> "Finished training EPOCH 35 with loss 1.958944969368345, saving"
INFO  | 2026/05/23 15:52:25.774814 | [Validate] -> "Validating for EPOCH 35"
INFO  | 2026/05/23 15:53:25.846660 | [Validate] -> {"val": 0.4402728583976513, "yes": 1325}
INFO  | 2026/05/23 15:53:25.847410 | [scheduler] -> "New learning rate = 1e-05"
INFO  | 2026/05/23 15:53:25.847463 | [Submit] -> "Submitting EPOCH 35"
INFO  | 2026/05/23 15:54:32.497625 | [Train] -> "Training EPOCH 36"
INFO  | 2026/05/23 16:03:59.585785 | [Train] -> "Finished training EPOCH 36 with loss 1.9618235989836337, saving"
INFO  | 2026/05/23 16:03:59.755336 | [Validate] -> "Validating for EPOCH 36"
INFO  | 2026/05/23 16:04:59.778356 | [Validate] -> {"val": 0.4737868880042593, "yes": 1071}
INFO  | 2026/05/23 16:04:59.779094 | [scheduler] -> "New learning rate = 1e-05"
INFO  | 2026/05/23 16:04:59.779151 | [Submit] -> "Submitting EPOCH 36"
INFO  | 2026/05/23 16:06:07.114538 | [Train] -> "Training EPOCH 37"
INFO  | 2026/05/23 16:15:34.255757 | [Train] -> "Finished training EPOCH 37 with loss 1.9560978172389605, saving"
INFO  | 2026/05/23 16:15:34.425635 | [Validate] -> "Validating for EPOCH 37"
INFO  | 2026/05/23 16:16:34.326313 | [Validate] -> {"val": 0.4700140408887208, "yes": 968}
INFO  | 2026/05/23 16:16:34.327010 | [scheduler] -> "New learning rate = 1e-05"
INFO  | 2026/05/23 16:16:34.327064 | [Submit] -> "Submitting EPOCH 37"
INFO  | 2026/05/23 16:17:42.191826 | [Train] -> "Training EPOCH 38"
INFO  | 2026/05/23 16:27:09.133546 | [Train] -> "Finished training EPOCH 38 with loss 1.9517244030501095, saving"
INFO  | 2026/05/23 16:27:09.301903 | [Validate] -> "Validating for EPOCH 38"
INFO  | 2026/05/23 16:28:09.160634 | [Validate] -> {"val": 0.43213277217996027, "yes": 1418}
INFO  | 2026/05/23 16:28:09.161345 | [scheduler] -> "New learning rate = 1e-05"
INFO  | 2026/05/23 16:28:09.161396 | [Submit] -> "Submitting EPOCH 38"
INFO  | 2026/05/23 16:29:16.015958 | [Train] -> "Training EPOCH 39"
INFO  | 2026/05/23 16:38:43.151391 | [Train] -> "Finished training EPOCH 39 with loss 1.9513277718584046, saving"
INFO  | 2026/05/23 16:38:43.317123 | [Validate] -> "Validating for EPOCH 39"
INFO  | 2026/05/23 16:39:43.325199 | [Validate] -> {"val": 0.43384421936428275, "yes": 1369}
INFO  | 2026/05/23 16:39:43.325903 | [scheduler] -> "New learning rate = 1e-05"
INFO  | 2026/05/23 16:39:43.325958 | [Submit] -> "Submitting EPOCH 39"
INFO  | 2026/05/23 16:40:50.589186 | [Train] -> "Training EPOCH 40"
INFO  | 2026/05/23 16:50:34.860806 | [Train] -> "Finished training EPOCH 40 with loss 1.9510137521583615, saving"
INFO  | 2026/05/23 16:50:35.035554 | [Validate] -> "Validating for EPOCH 40"
INFO  | 2026/05/23 16:51:35.195827 | [Validate] -> {"val": 0.4351629035618469, "yes": 1348}
INFO  | 2026/05/23 16:51:35.197392 | [scheduler] -> "New learning rate = 1e-05"
INFO  | 2026/05/23 16:51:35.197443 | [Submit] -> "Submitting EPOCH 40"
INFO  | 2026/05/23 16:52:43.007115 | [Train] -> "Training EPOCH 41"
INFO  | 2026/05/23 17:02:09.952976 | [Train] -> "Finished training EPOCH 41 with loss 1.9524978963018373, saving"
INFO  | 2026/05/23 17:02:10.128113 | [Validate] -> "Validating for EPOCH 41"
INFO  | 2026/05/23 17:03:09.879426 | [Validate] -> {"val": 0.43471309005759146, "yes": 1369}
INFO  | 2026/05/23 17:03:09.880060 | [scheduler] -> "New learning rate = 1e-05"
INFO  | 2026/05/23 17:03:09.880112 | [Submit] -> "Submitting EPOCH 41"
INFO  | 2026/05/23 17:04:16.363012 | [Train] -> "Training EPOCH 42"
INFO  | 2026/05/23 17:13:43.250985 | [Train] -> "Finished training EPOCH 42 with loss 1.9509342725267846, saving"
INFO  | 2026/05/23 17:13:43.420905 | [Validate] -> "Validating for EPOCH 42"
INFO  | 2026/05/23 17:14:43.225581 | [Validate] -> {"val": 0.42542360975542143, "yes": 1436}
INFO  | 2026/05/23 17:14:43.226183 | [scheduler] -> "New learning rate = 1e-05"
INFO  | 2026/05/23 17:14:43.226236 | [Submit] -> "Submitting EPOCH 42"
INFO  | 2026/05/23 17:15:49.813748 | [Train] -> "Training EPOCH 43"
INFO  | 2026/05/23 17:25:16.582081 | [Train] -> "Finished training EPOCH 43 with loss 1.9419612890436448, saving"
INFO  | 2026/05/23 17:25:16.753109 | [Validate] -> "Validating for EPOCH 43"
INFO  | 2026/05/23 17:26:16.616073 | [Validate] -> {"val": 0.4248015305923142, "yes": 1418}
INFO  | 2026/05/23 17:26:16.616683 | [scheduler] -> "New learning rate = 1e-05"
INFO  | 2026/05/23 17:26:16.616734 | [Submit] -> "Submitting EPOCH 43"
INFO  | 2026/05/23 17:27:23.839673 | [Train] -> "Training EPOCH 44"
INFO  | 2026/05/23 17:36:51.140902 | [Train] -> "Finished training EPOCH 44 with loss 1.9480534390638802, saving"
INFO  | 2026/05/23 17:36:51.305172 | [Validate] -> "Validating for EPOCH 44"
INFO  | 2026/05/23 17:37:51.249004 | [Validate] -> {"val": 0.44160685143397965, "yes": 1285}
INFO  | 2026/05/23 17:37:51.249564 | [scheduler] -> "New learning rate = 1e-05"
INFO  | 2026/05/23 17:37:51.249619 | [Submit] -> "Submitting EPOCH 44"
INFO  | 2026/05/23 17:38:59.091106 | [Train] -> "Training EPOCH 45"
INFO  | 2026/05/23 17:48:26.413282 | [Train] -> "Finished training EPOCH 45 with loss 1.9439122992844982, saving"
INFO  | 2026/05/23 17:48:26.582974 | [Validate] -> "Validating for EPOCH 45"
INFO  | 2026/05/23 17:49:26.439664 | [Validate] -> {"val": 0.4610777965938772, "yes": 994}
INFO  | 2026/05/23 17:49:26.440267 | [scheduler] -> "New learning rate = 1e-05"
INFO  | 2026/05/23 17:49:26.440316 | [Submit] -> "Submitting EPOCH 45"
INFO  | 2026/05/23 17:50:33.343248 | [Train] -> "Training EPOCH 46"
INFO  | 2026/05/23 18:00:03.210287 | [Train] -> "Finished training EPOCH 46 with loss 1.9402631596072029, saving"
INFO  | 2026/05/23 18:00:03.379377 | [Validate] -> "Validating for EPOCH 46"
INFO  | 2026/05/23 18:01:03.106128 | [Validate] -> {"val": 0.4185220535019882, "yes": 1448}
INFO  | 2026/05/23 18:01:03.106765 | [scheduler] -> "New learning rate = 1e-05"
INFO  | 2026/05/23 18:01:03.106822 | [Submit] -> "Submitting EPOCH 46"
INFO  | 2026/05/23 18:02:10.946306 | [Train] -> "Training EPOCH 47"
INFO  | 2026/05/23 18:11:38.394200 | [Train] -> "Finished training EPOCH 47 with loss 1.9411171872197217, saving"
INFO  | 2026/05/23 18:11:38.564278 | [Validate] -> "Validating for EPOCH 47"
INFO  | 2026/05/23 18:12:38.327044 | [Validate] -> {"val": 0.4290363274002803, "yes": 1332}
INFO  | 2026/05/23 18:12:38.327615 | [scheduler] -> "New learning rate = 1e-05"
INFO  | 2026/05/23 18:12:38.327661 | [Submit] -> "Submitting EPOCH 47"
INFO  | 2026/05/23 18:13:45.565441 | [Train] -> "Training EPOCH 48"
INFO  | 2026/05/23 18:23:13.287031 | [Train] -> "Finished training EPOCH 48 with loss 1.931649439412219, saving"
INFO  | 2026/05/23 18:23:13.457580 | [Validate] -> "Validating for EPOCH 48"
INFO  | 2026/05/23 18:24:13.329155 | [Validate] -> {"val": 0.43342485937453407, "yes": 1335}
INFO  | 2026/05/23 18:24:13.329725 | [scheduler] -> "New learning rate = 1e-05"
INFO  | 2026/05/23 18:24:13.329776 | [Submit] -> "Submitting EPOCH 48"
INFO  | 2026/05/23 18:25:20.431944 | [Train] -> "Training EPOCH 49"
INFO  | 2026/05/23 18:34:48.036966 | [Train] -> "Finished training EPOCH 49 with loss 1.934943478844548, saving"
INFO  | 2026/05/23 18:34:48.212066 | [Validate] -> "Validating for EPOCH 49"
INFO  | 2026/05/23 18:35:48.128566 | [Validate] -> {"val": 0.4180256327144972, "yes": 1435}
INFO  | 2026/05/23 18:35:48.129156 | [scheduler] -> "New learning rate = 1e-05"
INFO  | 2026/05/23 18:35:48.129201 | [Submit] -> "Submitting EPOCH 49"
INFO  | 2026/05/23 18:36:56.071459 | [Train] -> "Training EPOCH 50"
INFO  | 2026/05/23 18:46:24.248957 | [Train] -> "Finished training EPOCH 50 with loss 1.9333076521868013, saving"
INFO  | 2026/05/23 18:46:24.416537 | [Validate] -> "Validating for EPOCH 50"
INFO  | 2026/05/23 18:47:24.397112 | [Validate] -> {"val": 0.41827168651209534, "yes": 1442}
INFO  | 2026/05/23 18:47:24.397842 | [scheduler] -> "New learning rate = 1e-05"
INFO  | 2026/05/23 18:47:24.397904 | [Submit] -> "Submitting EPOCH 50"
INFO  | 2026/05/23 18:48:31.940453 | [Train] -> "Training EPOCH 51"
INFO  | 2026/05/23 18:58:00.327163 | [Train] -> "Finished training EPOCH 51 with loss 1.9307180257243965, saving"
INFO  | 2026/05/23 18:58:00.497260 | [Validate] -> "Validating for EPOCH 51"
INFO  | 2026/05/23 18:59:00.409112 | [Validate] -> {"val": 0.4199274412548269, "yes": 1361}
INFO  | 2026/05/23 18:59:00.409824 | [scheduler] -> "New learning rate = 1e-05"
INFO  | 2026/05/23 18:59:00.409869 | [Submit] -> "Submitting EPOCH 51"
INFO  | 2026/05/23 19:00:07.789834 | [Train] -> "Training EPOCH 52"
INFO  | 2026/05/23 19:09:35.935043 | [Train] -> "Finished training EPOCH 52 with loss 1.9258642087455924, saving"
INFO  | 2026/05/23 19:09:36.108905 | [Validate] -> "Validating for EPOCH 52"
INFO  | 2026/05/23 19:10:35.986556 | [Validate] -> {"val": 0.4334221972308996, "yes": 1262}
INFO  | 2026/05/23 19:10:35.987248 | [scheduler] -> "New learning rate = 1e-05"
INFO  | 2026/05/23 19:10:35.987306 | [Submit] -> "Submitting EPOCH 52"
INFO  | 2026/05/23 19:11:44.396903 | [Train] -> "Training EPOCH 53"
INFO  | 2026/05/23 19:21:11.695903 | [Train] -> "Finished training EPOCH 53 with loss 1.9222956164420106, saving"
INFO  | 2026/05/23 19:21:11.864101 | [Validate] -> "Validating for EPOCH 53"
INFO  | 2026/05/23 19:22:11.657068 | [Validate] -> {"val": 0.42483468824670517, "yes": 1353}
INFO  | 2026/05/23 19:22:11.657787 | [scheduler] -> "New learning rate = 1e-05"
INFO  | 2026/05/23 19:22:11.657845 | [Submit] -> "Submitting EPOCH 53"
INFO  | 2026/05/23 19:23:19.014528 | [Train] -> "Training EPOCH 54"
INFO  | 2026/05/23 19:32:46.643123 | [Train] -> "Finished training EPOCH 54 with loss 1.9196861894758603, saving"
INFO  | 2026/05/23 19:32:46.808590 | [Validate] -> "Validating for EPOCH 54"
INFO  | 2026/05/23 19:33:46.671081 | [Validate] -> {"val": 0.4312997210116787, "yes": 1289}
INFO  | 2026/05/23 19:33:46.671710 | [scheduler] -> "New learning rate = 1e-05"
INFO  | 2026/05/23 19:33:46.671760 | [Submit] -> "Submitting EPOCH 54"
INFO  | 2026/05/23 19:34:53.561162 | [Train] -> "Training EPOCH 55"
INFO  | 2026/05/23 19:44:21.343756 | [Train] -> "Finished training EPOCH 55 with loss 1.9247180589737782, saving"
INFO  | 2026/05/23 19:44:21.510169 | [Validate] -> "Validating for EPOCH 55"
INFO  | 2026/05/23 19:45:21.540904 | [Validate] -> {"val": 0.4170796654151596, "yes": 1385}
INFO  | 2026/05/23 19:45:21.541565 | [scheduler] -> "New learning rate = 1e-05"
INFO  | 2026/05/23 19:45:21.541620 | [Submit] -> "Submitting EPOCH 55"
INFO  | 2026/05/23 19:46:28.764606 | [Train] -> "Training EPOCH 56"
INFO  | 2026/05/23 19:55:56.747471 | [Train] -> "Finished training EPOCH 56 with loss 1.9187995485904563, saving"
INFO  | 2026/05/23 19:55:56.922959 | [Validate] -> "Validating for EPOCH 56"
INFO  | 2026/05/23 19:56:56.767222 | [Validate] -> {"val": 0.4153972906920746, "yes": 1378}
INFO  | 2026/05/23 19:56:56.767935 | [scheduler] -> "New learning rate = 1e-05"
INFO  | 2026/05/23 19:56:56.767983 | [Submit] -> "Submitting EPOCH 56"
INFO  | 2026/05/23 19:58:03.858761 | [Train] -> "Training EPOCH 57"
INFO  | 2026/05/23 20:07:31.456468 | [Train] -> "Finished training EPOCH 57 with loss 1.9132635234876443, saving"
INFO  | 2026/05/23 20:07:31.626397 | [Validate] -> "Validating for EPOCH 57"
INFO  | 2026/05/23 20:08:31.755877 | [Validate] -> {"val": 0.4126474155269506, "yes": 1404}
INFO  | 2026/05/23 20:08:31.756610 | [scheduler] -> "New learning rate = 1e-05"
INFO  | 2026/05/23 20:08:31.756671 | [Submit] -> "Submitting EPOCH 57"
INFO  | 2026/05/23 20:09:39.195010 | [Train] -> "Training EPOCH 58"
INFO  | 2026/05/23 20:19:07.227822 | [Train] -> "Finished training EPOCH 58 with loss 1.914056518309899, saving"
INFO  | 2026/05/23 20:19:07.394491 | [Validate] -> "Validating for EPOCH 58"
INFO  | 2026/05/23 20:20:07.452897 | [Validate] -> {"val": 0.4173455403506301, "yes": 1388}
INFO  | 2026/05/23 20:20:07.453579 | [scheduler] -> "New learning rate = 1e-05"
INFO  | 2026/05/23 20:20:07.453626 | [Submit] -> "Submitting EPOCH 58"
INFO  | 2026/05/23 20:21:15.423655 | [Train] -> "Training EPOCH 59"
INFO  | 2026/05/23 20:30:43.222069 | [Train] -> "Finished training EPOCH 59 with loss 1.9132473501767822, saving"
INFO  | 2026/05/23 20:30:43.392825 | [Validate] -> "Validating for EPOCH 59"
INFO  | 2026/05/23 20:31:43.292002 | [Validate] -> {"val": 0.4561314728423839, "yes": 1034}
INFO  | 2026/05/23 20:31:43.292688 | [scheduler] -> "New learning rate = 1e-05"
INFO  | 2026/05/23 20:31:43.292745 | [Submit] -> "Submitting EPOCH 59"
INFO  | 2026/05/23 20:32:51.160451 | [Train] -> "Training EPOCH 60"
INFO  | 2026/05/23 20:42:18.894821 | [Train] -> "Finished training EPOCH 60 with loss 1.9102742213101787, saving"
INFO  | 2026/05/23 20:42:19.064295 | [Validate] -> "Validating for EPOCH 60"
INFO  | 2026/05/23 20:43:18.936552 | [Validate] -> {"val": 0.412204052064255, "yes": 1423}
INFO  | 2026/05/23 20:43:18.937239 | [scheduler] -> "New learning rate = 1e-05"
INFO  | 2026/05/23 20:43:18.937294 | [Submit] -> "Submitting EPOCH 60"
INFO  | 2026/05/23 20:44:26.320085 | [Train] -> "Training EPOCH 61"
INFO  | 2026/05/23 20:53:54.690808 | [Train] -> "Finished training EPOCH 61 with loss 1.910609902361877, saving"
INFO  | 2026/05/23 20:53:54.862230 | [Validate] -> "Validating for EPOCH 61"
INFO  | 2026/05/23 20:54:54.908018 | [Validate] -> {"val": 0.4069684958639946, "yes": 1399}
INFO  | 2026/05/23 20:54:54.908724 | [scheduler] -> "New learning rate = 1e-05"
INFO  | 2026/05/23 20:54:54.908775 | [Submit] -> "Submitting EPOCH 61"
INFO  | 2026/05/23 20:56:02.332918 | [Train] -> "Training EPOCH 62"
INFO  | 2026/05/23 21:05:35.696355 | [Train] -> "Finished training EPOCH 62 with loss 1.9025442351139228, saving"
INFO  | 2026/05/23 21:05:35.874029 | [Validate] -> "Validating for EPOCH 62"
INFO  | 2026/05/23 21:06:35.509073 | [Validate] -> {"val": 0.45346334722205883, "yes": 990}
INFO  | 2026/05/23 21:06:35.510468 | [scheduler] -> "New learning rate = 1e-05"
INFO  | 2026/05/23 21:06:35.510530 | [Submit] -> "Submitting EPOCH 62"
INFO  | 2026/05/23 21:07:43.263014 | [Train] -> "Training EPOCH 63"
INFO  | 2026/05/23 21:17:10.182598 | [Train] -> "Finished training EPOCH 63 with loss 1.9058241781842618, saving"
INFO  | 2026/05/23 21:17:10.353173 | [Validate] -> "Validating for EPOCH 63"
INFO  | 2026/05/23 21:18:10.187543 | [Validate] -> {"val": 0.41920833291898246, "yes": 1336}
INFO  | 2026/05/23 21:18:10.188091 | [scheduler] -> "New learning rate = 1e-05"
INFO  | 2026/05/23 21:18:10.188140 | [Submit] -> "Submitting EPOCH 63"
INFO  | 2026/05/23 21:19:17.723367 | [Train] -> "Training EPOCH 64"
INFO  | 2026/05/23 21:28:45.180087 | [Train] -> "Finished training EPOCH 64 with loss 1.9048371410324374, saving"
INFO  | 2026/05/23 21:28:45.350362 | [Validate] -> "Validating for EPOCH 64"
INFO  | 2026/05/23 21:29:45.236958 | [Validate] -> {"val": 0.40043862152645604, "yes": 1460}
INFO  | 2026/05/23 21:29:45.237532 | [scheduler] -> "New learning rate = 1e-05"
INFO  | 2026/05/23 21:29:45.237583 | [Submit] -> "Submitting EPOCH 64"
INFO  | 2026/05/23 21:30:53.603083 | [Train] -> "Training EPOCH 65"
INFO  | 2026/05/23 21:40:21.062344 | [Train] -> "Finished training EPOCH 65 with loss 1.9004552177117982, saving"
INFO  | 2026/05/23 21:40:21.236192 | [Validate] -> "Validating for EPOCH 65"
INFO  | 2026/05/23 21:41:21.110193 | [Validate] -> {"val": 0.40583317411764885, "yes": 1454}
INFO  | 2026/05/23 21:41:21.110884 | [scheduler] -> "New learning rate = 1e-05"
INFO  | 2026/05/23 21:41:21.110939 | [Submit] -> "Submitting EPOCH 65"
INFO  | 2026/05/23 21:42:28.713809 | [Train] -> "Training EPOCH 66"
INFO  | 2026/05/23 21:51:56.497841 | [Train] -> "Finished training EPOCH 66 with loss 1.8983826279412699, saving"
INFO  | 2026/05/23 21:51:56.671323 | [Validate] -> "Validating for EPOCH 66"
INFO  | 2026/05/23 21:52:57.791305 | [Validate] -> {"val": 0.40495362554797687, "yes": 1374}
INFO  | 2026/05/23 21:52:57.792049 | [scheduler] -> "New learning rate = 1e-05"
INFO  | 2026/05/23 21:52:57.792113 | [Submit] -> "Submitting EPOCH 66"
INFO  | 2026/05/23 21:54:06.528159 | [Train] -> "Training EPOCH 67"
INFO  | 2026/05/23 22:03:43.692842 | [Train] -> "Finished training EPOCH 67 with loss 1.8940743923187255, saving"
INFO  | 2026/05/23 22:03:43.868569 | [Validate] -> "Validating for EPOCH 67"
INFO  | 2026/05/23 22:04:43.500876 | [Validate] -> {"val": 0.40515251955913223, "yes": 1425}
INFO  | 2026/05/23 22:04:43.501298 | [scheduler] -> "New learning rate = 1e-05"
INFO  | 2026/05/23 22:04:43.501348 | [Submit] -> "Submitting EPOCH 67"
INFO  | 2026/05/23 22:05:50.209294 | [Train] -> "Training EPOCH 68"
INFO  | 2026/05/23 22:15:21.118220 | [Train] -> "Finished training EPOCH 68 with loss 1.8943206345307009, saving"
INFO  | 2026/05/23 22:15:21.387200 | [Validate] -> "Validating for EPOCH 68"
INFO  | 2026/05/23 22:16:24.264336 | [Validate] -> {"val": 0.4118386863752176, "yes": 1317}
INFO  | 2026/05/23 22:16:24.265072 | [scheduler] -> "New learning rate = 1e-05"
INFO  | 2026/05/23 22:16:24.265131 | [Submit] -> "Submitting EPOCH 68"
INFO  | 2026/05/23 22:17:31.704910 | [Train] -> "Training EPOCH 69"
INFO  | 2026/05/23 22:27:04.398396 | [Train] -> "Finished training EPOCH 69 with loss 1.885034254671053, saving"
INFO  | 2026/05/23 22:27:04.572344 | [Validate] -> "Validating for EPOCH 69"
INFO  | 2026/05/23 22:28:04.534655 | [Validate] -> {"val": 0.39836590722317006, "yes": 1428}
INFO  | 2026/05/23 22:28:04.535346 | [scheduler] -> "New learning rate = 1e-05"
INFO  | 2026/05/23 22:28:04.535402 | [Submit] -> "Submitting EPOCH 69"
INFO  | 2026/05/23 22:29:12.530214 | [Train] -> "Training EPOCH 70"
INFO  | 2026/05/23 22:38:39.417131 | [Train] -> "Finished training EPOCH 70 with loss 1.8902888092830892, saving"
INFO  | 2026/05/23 22:38:39.590104 | [Validate] -> "Validating for EPOCH 70"
INFO  | 2026/05/23 22:39:39.486579 | [Validate] -> {"val": 0.41328630128889593, "yes": 1297}
INFO  | 2026/05/23 22:39:39.487199 | [scheduler] -> "New learning rate = 1e-05"
INFO  | 2026/05/23 22:39:39.487256 | [Submit] -> "Submitting EPOCH 70"
INFO  | 2026/05/23 22:40:46.570832 | [Train] -> "Training EPOCH 71"
INFO  | 2026/05/23 22:50:14.091525 | [Train] -> "Finished training EPOCH 71 with loss 1.8863275589378736, saving"
INFO  | 2026/05/23 22:50:14.263604 | [Validate] -> "Validating for EPOCH 71"
INFO  | 2026/05/23 22:51:14.244305 | [Validate] -> {"val": 0.4083918590582054, "yes": 1396}
INFO  | 2026/05/23 22:51:14.244921 | [scheduler] -> "New learning rate = 1e-05"
INFO  | 2026/05/23 22:51:14.244982 | [Submit] -> "Submitting EPOCH 71"
INFO  | 2026/05/23 22:52:20.806660 | [Train] -> "Training EPOCH 72"
INFO  | 2026/05/23 23:02:02.969823 | [Train] -> "Finished training EPOCH 72 with loss 1.8860582387856855, saving"
INFO  | 2026/05/23 23:02:03.153821 | [Validate] -> "Validating for EPOCH 72"
INFO  | 2026/05/23 23:03:03.249473 | [Validate] -> {"val": 0.39587006769107497, "yes": 1383}
INFO  | 2026/05/23 23:03:03.250757 | [scheduler] -> "New learning rate = 1e-05"
INFO  | 2026/05/23 23:03:03.250817 | [Submit] -> "Submitting EPOCH 72"
INFO  | 2026/05/23 23:04:11.357367 | [Train] -> "Training EPOCH 73"
INFO  | 2026/05/23 23:13:38.235277 | [Train] -> "Finished training EPOCH 73 with loss 1.881832063971585, saving"
INFO  | 2026/05/23 23:13:38.409667 | [Validate] -> "Validating for EPOCH 73"
INFO  | 2026/05/23 23:14:38.241926 | [Validate] -> {"val": 0.4009529614721546, "yes": 1417}
INFO  | 2026/05/23 23:14:38.242542 | [scheduler] -> "New learning rate = 1e-05"
INFO  | 2026/05/23 23:14:38.242601 | [Submit] -> "Submitting EPOCH 73"
INFO  | 2026/05/23 23:15:45.448550 | [Train] -> "Training EPOCH 74"
INFO  | 2026/05/23 23:25:12.721194 | [Train] -> "Finished training EPOCH 74 with loss 1.8772749350043654, saving"
INFO  | 2026/05/23 23:25:12.892455 | [Validate] -> "Validating for EPOCH 74"
INFO  | 2026/05/23 23:26:12.727829 | [Validate] -> {"val": 0.3922041769701106, "yes": 1396}
INFO  | 2026/05/23 23:26:12.728396 | [scheduler] -> "New learning rate = 1e-05"
INFO  | 2026/05/23 23:26:12.728449 | [Submit] -> "Submitting EPOCH 74"
INFO  | 2026/05/23 23:27:21.571478 | [Train] -> "Training EPOCH 75"
INFO  | 2026/05/23 23:37:16.845736 | [Train] -> "Finished training EPOCH 75 with loss 1.8751085722036944, saving"
INFO  | 2026/05/23 23:37:17.025908 | [Validate] -> "Validating for EPOCH 75"
INFO  | 2026/05/23 23:38:16.702101 | [Validate] -> {"val": 0.39012277331061035, "yes": 1407}
INFO  | 2026/05/23 23:38:16.702516 | [scheduler] -> "New learning rate = 1e-05"
INFO  | 2026/05/23 23:38:16.702566 | [Submit] -> "Submitting EPOCH 75"
INFO  | 2026/05/23 23:39:24.711990 | [Train] -> "Training EPOCH 76"
INFO  | 2026/05/23 23:48:52.454419 | [Train] -> "Finished training EPOCH 76 with loss 1.8809867361574684, saving"
INFO  | 2026/05/23 23:48:52.623850 | [Validate] -> "Validating for EPOCH 76"
INFO  | 2026/05/23 23:49:52.457984 | [Validate] -> {"val": 0.4061958920409661, "yes": 1322}
INFO  | 2026/05/23 23:49:52.458594 | [scheduler] -> "New learning rate = 1e-05"
INFO  | 2026/05/23 23:49:52.458646 | [Submit] -> "Submitting EPOCH 76"
INFO  | 2026/05/23 23:51:01.743595 | [Train] -> "Training EPOCH 77"
INFO  | 2026/05/24 00:00:29.863799 | [Train] -> "Finished training EPOCH 77 with loss 1.8748922679032989, saving"
INFO  | 2026/05/24 00:00:30.033719 | [Validate] -> "Validating for EPOCH 77"
INFO  | 2026/05/24 00:01:29.960171 | [Validate] -> {"val": 0.40325317592111254, "yes": 1316}
INFO  | 2026/05/24 00:01:29.960810 | [scheduler] -> "New learning rate = 1e-05"
INFO  | 2026/05/24 00:01:29.960863 | [Submit] -> "Submitting EPOCH 77"
INFO  | 2026/05/24 00:02:36.816888 | [Train] -> "Training EPOCH 78"
INFO  | 2026/05/24 00:12:02.116238 | [Train] -> "Finished training EPOCH 78 with loss 1.8701541748210675, saving"
INFO  | 2026/05/24 00:12:02.290474 | [Validate] -> "Validating for EPOCH 78"
INFO  | 2026/05/24 00:13:02.173464 | [Validate] -> {"val": 0.40000233108760747, "yes": 1292}
INFO  | 2026/05/24 00:13:02.174169 | [scheduler] -> "New learning rate = 1e-05"
INFO  | 2026/05/24 00:13:02.174225 | [Submit] -> "Submitting EPOCH 78"
INFO  | 2026/05/24 00:14:09.473981 | [Train] -> "Training EPOCH 79"
INFO  | 2026/05/24 00:23:37.094005 | [Train] -> "Finished training EPOCH 79 with loss 1.8728842273923276, saving"
INFO  | 2026/05/24 00:23:37.255654 | [Validate] -> "Validating for EPOCH 79"
INFO  | 2026/05/24 00:24:36.692213 | [Validate] -> {"val": 0.3895293563376856, "yes": 1421}
INFO  | 2026/05/24 00:24:36.692538 | [scheduler] -> "New learning rate = 1e-05"
INFO  | 2026/05/24 00:24:36.692601 | [Submit] -> "Submitting EPOCH 79"
INFO  | 2026/05/24 00:25:45.787245 | [Train] -> "Training EPOCH 80"
INFO  | 2026/05/24 00:35:13.076447 | [Train] -> "Finished training EPOCH 80 with loss 1.8667758591984975, saving"
INFO  | 2026/05/24 00:35:13.245297 | [Validate] -> "Validating for EPOCH 80"
INFO  | 2026/05/24 00:36:13.072116 | [Validate] -> {"val": 0.4281521652491038, "yes": 1066}
INFO  | 2026/05/24 00:36:13.072815 | [scheduler] -> "New learning rate = 1e-05"
INFO  | 2026/05/24 00:36:13.072874 | [Submit] -> "Submitting EPOCH 80"
INFO  | 2026/05/24 00:37:21.507034 | [Train] -> "Training EPOCH 81"
INFO  | 2026/05/24 00:46:49.540007 | [Train] -> "Finished training EPOCH 81 with loss 1.8622810283007512, saving"
INFO  | 2026/05/24 00:46:49.713230 | [Validate] -> "Validating for EPOCH 81"
INFO  | 2026/05/24 00:47:49.764462 | [Validate] -> {"val": 0.40377725949724214, "yes": 1302}
INFO  | 2026/05/24 00:47:49.765060 | [scheduler] -> "New learning rate = 1e-05"
INFO  | 2026/05/24 00:47:49.765110 | [Submit] -> "Submitting EPOCH 81"
INFO  | 2026/05/24 00:48:58.362052 | [Train] -> "Training EPOCH 82"
INFO  | 2026/05/24 00:58:26.119581 | [Train] -> "Finished training EPOCH 82 with loss 1.8618005486162563, saving"
INFO  | 2026/05/24 00:58:26.290649 | [Validate] -> "Validating for EPOCH 82"
INFO  | 2026/05/24 00:59:26.167478 | [Validate] -> {"val": 0.39103035844919337, "yes": 1414}
INFO  | 2026/05/24 00:59:26.168176 | [scheduler] -> "New learning rate = 1e-05"
INFO  | 2026/05/24 00:59:26.168231 | [Submit] -> "Submitting EPOCH 82"
INFO  | 2026/05/24 01:00:35.995674 | [Train] -> "Training EPOCH 83"
INFO  | 2026/05/24 01:10:06.133114 | [Train] -> "Finished training EPOCH 83 with loss 1.8630860848963715, saving"
INFO  | 2026/05/24 01:10:06.313079 | [Validate] -> "Validating for EPOCH 83"
INFO  | 2026/05/24 01:11:06.162450 | [Validate] -> {"val": 0.3916687749724352, "yes": 1303}
INFO  | 2026/05/24 01:11:06.163104 | [scheduler] -> "New learning rate = 1e-05"
INFO  | 2026/05/24 01:11:06.163156 | [Submit] -> "Submitting EPOCH 83"
INFO  | 2026/05/24 01:12:12.972249 | [Train] -> "Training EPOCH 84"
INFO  | 2026/05/24 01:21:48.643105 | [Train] -> "Finished training EPOCH 84 with loss 1.862941848731223, saving"
INFO  | 2026/05/24 01:21:48.814675 | [Validate] -> "Validating for EPOCH 84"
INFO  | 2026/05/24 01:22:48.752981 | [Validate] -> {"val": 0.38349676628149193, "yes": 1457}
INFO  | 2026/05/24 01:22:48.753511 | [scheduler] -> "New learning rate = 1e-05"
INFO  | 2026/05/24 01:22:48.753571 | [Submit] -> "Submitting EPOCH 84"
INFO  | 2026/05/24 01:23:56.143111 | [Train] -> "Training EPOCH 85"
INFO  | 2026/05/24 01:33:23.601447 | [Train] -> "Finished training EPOCH 85 with loss 1.8654317420630055, saving"
INFO  | 2026/05/24 01:33:23.765143 | [Validate] -> "Validating for EPOCH 85"
INFO  | 2026/05/24 01:34:23.673646 | [Validate] -> {"val": 0.39227115566493903, "yes": 1334}
INFO  | 2026/05/24 01:34:23.674238 | [scheduler] -> "New learning rate = 1e-05"
INFO  | 2026/05/24 01:34:23.674298 | [Submit] -> "Submitting EPOCH 85"
INFO  | 2026/05/24 01:35:31.512723 | [Train] -> "Training EPOCH 86"
INFO  | 2026/05/24 01:44:59.423851 | [Train] -> "Finished training EPOCH 86 with loss 1.8579077527495742, saving"
INFO  | 2026/05/24 01:44:59.596748 | [Validate] -> "Validating for EPOCH 86"
INFO  | 2026/05/24 01:45:59.509512 | [Validate] -> {"val": 0.3897305692880208, "yes": 1315}
INFO  | 2026/05/24 01:45:59.510153 | [scheduler] -> "New learning rate = 1e-05"
INFO  | 2026/05/24 01:45:59.510208 | [Submit] -> "Submitting EPOCH 86"
INFO  | 2026/05/24 01:47:11.389575 | [Train] -> "Training EPOCH 87"
INFO  | 2026/05/24 01:56:39.747479 | [Train] -> "Finished training EPOCH 87 with loss 1.853230872295285, saving"
INFO  | 2026/05/24 01:56:39.919987 | [Validate] -> "Validating for EPOCH 87"
INFO  | 2026/05/24 01:57:39.862796 | [Validate] -> {"val": 0.3852925716920663, "yes": 1411}
INFO  | 2026/05/24 01:57:39.863444 | [scheduler] -> "New learning rate = 1e-05"
INFO  | 2026/05/24 01:57:39.863490 | [Submit] -> "Submitting EPOCH 87"
INFO  | 2026/05/24 01:58:47.420278 | [Train] -> "Training EPOCH 88"
INFO  | 2026/05/24 02:08:15.508649 | [Train] -> "Finished training EPOCH 88 with loss 1.8498909669978019, saving"
INFO  | 2026/05/24 02:08:15.678212 | [Validate] -> "Validating for EPOCH 88"
INFO  | 2026/05/24 02:09:15.611366 | [Validate] -> {"val": 0.38875769968251234, "yes": 1330}
INFO  | 2026/05/24 02:09:15.612077 | [scheduler] -> "New learning rate = 1e-05"
INFO  | 2026/05/24 02:09:15.612128 | [Submit] -> "Submitting EPOCH 88"
INFO  | 2026/05/24 02:10:24.427626 | [Train] -> "Training EPOCH 89"
INFO  | 2026/05/24 02:19:54.460602 | [Train] -> "Finished training EPOCH 89 with loss 1.8521035740848717, saving"
INFO  | 2026/05/24 02:19:54.634602 | [Validate] -> "Validating for EPOCH 89"
INFO  | 2026/05/24 02:20:54.674053 | [Validate] -> {"val": 0.38719130167524324, "yes": 1324}
INFO  | 2026/05/24 02:20:54.674750 | [scheduler] -> "New learning rate = 1e-05"
INFO  | 2026/05/24 02:20:54.674795 | [Submit] -> "Submitting EPOCH 89"
INFO  | 2026/05/24 02:22:02.066945 | [Train] -> "Training EPOCH 90"
INFO  | 2026/05/24 02:31:30.448304 | [Train] -> "Finished training EPOCH 90 with loss 1.8433732052340763, saving"
INFO  | 2026/05/24 02:31:30.622819 | [Validate] -> "Validating for EPOCH 90"
INFO  | 2026/05/24 02:32:30.347523 | [Validate] -> {"val": 0.38194338046867427, "yes": 1415}
INFO  | 2026/05/24 02:32:30.348249 | [scheduler] -> "New learning rate = 1e-05"
INFO  | 2026/05/24 02:32:30.348307 | [Submit] -> "Submitting EPOCH 90"
INFO  | 2026/05/24 02:33:37.556533 | [Train] -> "Training EPOCH 91"
INFO  | 2026/05/24 02:43:03.132970 | [Train] -> "Finished training EPOCH 91 with loss 1.8399349221291432, saving"
INFO  | 2026/05/24 02:43:03.304179 | [Validate] -> "Validating for EPOCH 91"
INFO  | 2026/05/24 02:44:03.307284 | [Validate] -> {"val": 0.3836902663907932, "yes": 1420}
INFO  | 2026/05/24 02:44:03.307965 | [scheduler] -> "New learning rate = 1e-05"
INFO  | 2026/05/24 02:44:03.308013 | [Submit] -> "Submitting EPOCH 91"
INFO  | 2026/05/24 02:45:11.948559 | [Train] -> "Training EPOCH 92"
INFO  | 2026/05/24 02:54:40.062983 | [Train] -> "Finished training EPOCH 92 with loss 1.8395400198133847, saving"
INFO  | 2026/05/24 02:54:40.237141 | [Validate] -> "Validating for EPOCH 92"
INFO  | 2026/05/24 02:55:40.180058 | [Validate] -> {"val": 0.39013951511783457, "yes": 1278}
INFO  | 2026/05/24 02:55:40.180726 | [scheduler] -> "New learning rate = 1e-05"
INFO  | 2026/05/24 02:55:40.180782 | [Submit] -> "Submitting EPOCH 92"
INFO  | 2026/05/24 02:56:48.009650 | [Train] -> "Training EPOCH 93"
INFO  | 2026/05/24 03:06:15.758804 | [Train] -> "Finished training EPOCH 93 with loss 1.836877911054451, saving"
INFO  | 2026/05/24 03:06:15.928753 | [Validate] -> "Validating for EPOCH 93"
INFO  | 2026/05/24 03:07:18.006866 | [Validate] -> {"val": 0.37800470495042, "yes": 1417}
INFO  | 2026/05/24 03:07:18.007599 | [scheduler] -> "New learning rate = 1e-05"
INFO  | 2026/05/24 03:07:18.007645 | [Submit] -> "Submitting EPOCH 93"
INFO  | 2026/05/24 03:08:25.854968 | [Train] -> "Training EPOCH 94"
INFO  | 2026/05/24 03:17:53.895519 | [Train] -> "Finished training EPOCH 94 with loss 1.8377092001092343, saving"
INFO  | 2026/05/24 03:17:54.069382 | [Validate] -> "Validating for EPOCH 94"
INFO  | 2026/05/24 03:18:54.169120 | [Validate] -> {"val": 0.38267493225235977, "yes": 1394}
INFO  | 2026/05/24 03:18:54.169733 | [scheduler] -> "New learning rate = 1e-05"
INFO  | 2026/05/24 03:18:54.169785 | [Submit] -> "Submitting EPOCH 94"
INFO  | 2026/05/24 03:20:01.865500 | [Train] -> "Training EPOCH 95"
INFO  | 2026/05/24 03:29:29.380048 | [Train] -> "Finished training EPOCH 95 with loss 1.8409163874979237, saving"
INFO  | 2026/05/24 03:29:29.548093 | [Validate] -> "Validating for EPOCH 95"
INFO  | 2026/05/24 03:30:29.490967 | [Validate] -> {"val": 0.4201555016841597, "yes": 1021}
INFO  | 2026/05/24 03:30:29.491587 | [scheduler] -> "New learning rate = 1e-05"
INFO  | 2026/05/24 03:30:29.491645 | [Submit] -> "Submitting EPOCH 95"
INFO  | 2026/05/24 03:31:36.077072 | [Train] -> "Training EPOCH 96"
INFO  | 2026/05/24 03:41:03.744792 | [Train] -> "Finished training EPOCH 96 with loss 1.8304552245003576, saving"
INFO  | 2026/05/24 03:41:03.921619 | [Validate] -> "Validating for EPOCH 96"
INFO  | 2026/05/24 03:42:03.753818 | [Validate] -> {"val": 0.3808444942226847, "yes": 1432}
INFO  | 2026/05/24 03:42:03.754510 | [scheduler] -> "New learning rate = 1e-05"
INFO  | 2026/05/24 03:42:03.754554 | [Submit] -> "Submitting EPOCH 96"
INFO  | 2026/05/24 03:43:10.847857 | [Train] -> "Training EPOCH 97"
INFO  | 2026/05/24 03:52:39.058693 | [Train] -> "Finished training EPOCH 97 with loss 1.8374710101662701, saving"
INFO  | 2026/05/24 03:52:39.231690 | [Validate] -> "Validating for EPOCH 97"
INFO  | 2026/05/24 03:53:39.247350 | [Validate] -> {"val": 0.3778496303631149, "yes": 1396}
INFO  | 2026/05/24 03:53:39.247963 | [scheduler] -> "New learning rate = 1e-05"
INFO  | 2026/05/24 03:53:39.248013 | [Submit] -> "Submitting EPOCH 97"
INFO  | 2026/05/24 03:54:45.939231 | [Train] -> "Training EPOCH 98"
INFO  | 2026/05/24 04:04:13.535741 | [Train] -> "Finished training EPOCH 98 with loss 1.8281943566471566, saving"
INFO  | 2026/05/24 04:04:13.708211 | [Validate] -> "Validating for EPOCH 98"
INFO  | 2026/05/24 04:05:13.734960 | [Validate] -> {"val": 0.3760992588887688, "yes": 1418}
INFO  | 2026/05/24 04:05:13.735677 | [scheduler] -> "New learning rate = 1e-05"
INFO  | 2026/05/24 04:05:13.735732 | [Submit] -> "Submitting EPOCH 98"
INFO  | 2026/05/24 04:06:20.953607 | [Train] -> "Training EPOCH 99"
INFO  | 2026/05/24 04:15:48.504418 | [Train] -> "Finished training EPOCH 99 with loss 1.8279036905929333, saving"
INFO  | 2026/05/24 04:15:48.680070 | [Validate] -> "Validating for EPOCH 99"
INFO  | 2026/05/24 04:16:48.567235 | [Validate] -> {"val": 0.3849335489837268, "yes": 1403}
INFO  | 2026/05/24 04:16:48.567928 | [scheduler] -> "New learning rate = 1e-05"
INFO  | 2026/05/24 04:16:48.567973 | [Submit] -> "Submitting EPOCH 99"
INFO  | 2026/05/24 09:22:45.788088 | [Train] -> "Training EPOCH 0"
INFO  | 2026/05/24 09:32:04.499156 | [Train] -> "Finished training EPOCH 0 with loss 2.392204210139413, saving"
INFO  | 2026/05/24 09:32:04.681164 | [Validate] -> "Validating for EPOCH 0"
INFO  | 2026/05/24 09:33:03.248988 | [Validate] -> {"val": 0.591327085021798, "yes": 939}
INFO  | 2026/05/24 09:33:03.249415 | [scheduler] -> "New learning rate = 0.0001"
INFO  | 2026/05/24 09:33:03.249461 | [Submit] -> "Submitting EPOCH 0"
INFO  | 2026/05/24 09:34:10.901244 | [Train] -> "Training EPOCH 1"
INFO  | 2026/05/24 09:43:33.213714 | [Train] -> "Finished training EPOCH 1 with loss 2.282881042748007, saving"
INFO  | 2026/05/24 09:43:33.380209 | [Validate] -> "Validating for EPOCH 1"
INFO  | 2026/05/24 09:44:31.685615 | [Validate] -> {"val": 1.0763478660401498, "yes": 227}
INFO  | 2026/05/24 09:44:31.686409 | [scheduler] -> "New learning rate = 0.0001"
INFO  | 2026/05/24 09:44:31.686471 | [Submit] -> "Submitting EPOCH 1"
INFO  | 2026/05/24 09:45:39.259297 | [Train] -> "Training EPOCH 2"
INFO  | 2026/05/24 09:55:00.929162 | [Train] -> "Finished training EPOCH 2 with loss 2.2255252657500844, saving"
INFO  | 2026/05/24 09:55:01.095652 | [Validate] -> "Validating for EPOCH 2"
INFO  | 2026/05/24 09:55:59.121236 | [Validate] -> {"val": 0.5763558439626039, "yes": 865}
INFO  | 2026/05/24 09:55:59.121929 | [scheduler] -> "New learning rate = 0.0001"
INFO  | 2026/05/24 09:55:59.121984 | [Submit] -> "Submitting EPOCH 2"
INFO  | 2026/05/24 09:57:06.937708 | [Train] -> "Training EPOCH 3"
INFO  | 2026/05/24 10:06:28.751085 | [Train] -> "Finished training EPOCH 3 with loss 2.187504790711949, saving"
INFO  | 2026/05/24 10:06:28.919022 | [Validate] -> "Validating for EPOCH 3"
INFO  | 2026/05/24 10:07:27.034444 | [Validate] -> {"val": 0.5618436195923172, "yes": 857}
INFO  | 2026/05/24 10:07:27.035073 | [scheduler] -> "New learning rate = 0.0001"
INFO  | 2026/05/24 10:07:27.035124 | [Submit] -> "Submitting EPOCH 3"
INFO  | 2026/05/24 10:08:34.673308 | [Train] -> "Training EPOCH 4"
INFO  | 2026/05/24 10:17:56.381387 | [Train] -> "Finished training EPOCH 4 with loss 2.1560903069627195, saving"
INFO  | 2026/05/24 10:17:56.551256 | [Validate] -> "Validating for EPOCH 4"
INFO  | 2026/05/24 10:18:54.900123 | [Validate] -> {"val": 0.6252544274766937, "yes": 698}
INFO  | 2026/05/24 10:18:54.900898 | [scheduler] -> "New learning rate = 0.0001"
INFO  | 2026/05/24 10:18:54.900956 | [Submit] -> "Submitting EPOCH 4"
INFO  | 2026/05/24 10:20:01.772461 | [Train] -> "Training EPOCH 5"
INFO  | 2026/05/24 10:29:23.775005 | [Train] -> "Finished training EPOCH 5 with loss 2.127597857249602, saving"
INFO  | 2026/05/24 10:29:23.945034 | [Validate] -> "Validating for EPOCH 5"
INFO  | 2026/05/24 10:30:22.171097 | [Validate] -> {"val": 0.5201882284561187, "yes": 1165}
INFO  | 2026/05/24 10:30:22.172061 | [scheduler] -> "New learning rate = 0.0001"
INFO  | 2026/05/24 10:30:22.172119 | [Submit] -> "Submitting EPOCH 5"
INFO  | 2026/05/24 10:31:30.836301 | [Train] -> "Training EPOCH 6"
INFO  | 2026/05/24 10:40:52.185078 | [Train] -> "Finished training EPOCH 6 with loss 2.0954723309469587, saving"
INFO  | 2026/05/24 10:40:52.354056 | [Validate] -> "Validating for EPOCH 6"
INFO  | 2026/05/24 10:41:50.529550 | [Validate] -> {"val": 0.5259152099376416, "yes": 951}
INFO  | 2026/05/24 10:41:50.530304 | [scheduler] -> "New learning rate = 0.0001"
INFO  | 2026/05/24 10:41:50.530365 | [Submit] -> "Submitting EPOCH 6"
INFO  | 2026/05/24 10:42:57.313332 | [Train] -> "Training EPOCH 7"
INFO  | 2026/05/24 10:52:19.597078 | [Train] -> "Finished training EPOCH 7 with loss 2.067124110505781, saving"
INFO  | 2026/05/24 10:52:19.763400 | [Validate] -> "Validating for EPOCH 7"
INFO  | 2026/05/24 10:53:17.993595 | [Validate] -> {"val": 0.5205542664491494, "yes": 995}
INFO  | 2026/05/24 10:53:17.994277 | [scheduler] -> "New learning rate = 0.0001"
INFO  | 2026/05/24 10:53:17.994330 | [Submit] -> "Submitting EPOCH 7"
INFO  | 2026/05/24 10:54:26.149590 | [Train] -> "Training EPOCH 8"
INFO  | 2026/05/24 11:03:47.467829 | [Train] -> "Finished training EPOCH 8 with loss 2.037348046375595, saving"
INFO  | 2026/05/24 11:03:47.635563 | [Validate] -> "Validating for EPOCH 8"
INFO  | 2026/05/24 11:04:45.707577 | [Validate] -> {"val": 0.5874777160983049, "yes": 525}
INFO  | 2026/05/24 11:04:45.708267 | [scheduler] -> "New learning rate = 0.0001"
INFO  | 2026/05/24 11:04:45.708329 | [Submit] -> "Submitting EPOCH 8"
INFO  | 2026/05/24 11:05:53.340376 | [Train] -> "Training EPOCH 9"
INFO  | 2026/05/24 11:15:15.016487 | [Train] -> "Finished training EPOCH 9 with loss 2.0136345443607286, saving"
INFO  | 2026/05/24 11:15:15.184621 | [Validate] -> "Validating for EPOCH 9"
INFO  | 2026/05/24 11:16:13.377821 | [Validate] -> {"val": 0.8036806679863966, "yes": 280}
INFO  | 2026/05/24 11:16:13.378558 | [scheduler] -> "New learning rate = 1e-05"
INFO  | 2026/05/24 11:16:13.378612 | [Submit] -> "Submitting EPOCH 9"
INFO  | 2026/05/24 11:17:21.262161 | [Train] -> "Training EPOCH 10"
INFO  | 2026/05/24 11:26:42.964554 | [Train] -> "Finished training EPOCH 10 with loss 1.9415869079700863, saving"
INFO  | 2026/05/24 11:26:43.133005 | [Validate] -> "Validating for EPOCH 10"
INFO  | 2026/05/24 11:27:41.328705 | [Validate] -> {"val": 0.4714117168470193, "yes": 1406}
INFO  | 2026/05/24 11:27:41.329402 | [scheduler] -> "New learning rate = 1e-05"
INFO  | 2026/05/24 11:27:41.329462 | [Submit] -> "Submitting EPOCH 10"
INFO  | 2026/05/24 11:28:49.194179 | [Train] -> "Training EPOCH 11"
INFO  | 2026/05/24 11:38:10.630275 | [Train] -> "Finished training EPOCH 11 with loss 1.9207762563501605, saving"
INFO  | 2026/05/24 11:38:10.800577 | [Validate] -> "Validating for EPOCH 11"
INFO  | 2026/05/24 11:39:08.984865 | [Validate] -> {"val": 0.46597831117287847, "yes": 1402}
INFO  | 2026/05/24 11:39:08.985521 | [scheduler] -> "New learning rate = 1e-05"
INFO  | 2026/05/24 11:39:08.985582 | [Submit] -> "Submitting EPOCH 11"
INFO  | 2026/05/24 11:40:16.417150 | [Train] -> "Training EPOCH 12"
INFO  | 2026/05/24 11:49:38.109809 | [Train] -> "Finished training EPOCH 12 with loss 1.9104367705246874, saving"
INFO  | 2026/05/24 11:49:38.277419 | [Validate] -> "Validating for EPOCH 12"
INFO  | 2026/05/24 11:50:36.726851 | [Validate] -> {"val": 0.4656236858768317, "yes": 1388}
INFO  | 2026/05/24 11:50:36.727620 | [scheduler] -> "New learning rate = 1e-05"
INFO  | 2026/05/24 11:50:36.727676 | [Submit] -> "Submitting EPOCH 12"
INFO  | 2026/05/24 11:51:44.051486 | [Train] -> "Training EPOCH 13"
INFO  | 2026/05/24 12:01:05.540872 | [Train] -> "Finished training EPOCH 13 with loss 1.9030490139286027, saving"
INFO  | 2026/05/24 12:01:05.703599 | [Validate] -> "Validating for EPOCH 13"
INFO  | 2026/05/24 12:02:03.827528 | [Validate] -> {"val": 0.46942464131435363, "yes": 1281}
INFO  | 2026/05/24 12:02:03.828172 | [scheduler] -> "New learning rate = 1e-05"
INFO  | 2026/05/24 12:02:03.828220 | [Submit] -> "Submitting EPOCH 13"
INFO  | 2026/05/24 12:03:11.755410 | [Train] -> "Training EPOCH 14"
INFO  | 2026/05/24 12:12:33.351187 | [Train] -> "Finished training EPOCH 14 with loss 1.8929850063706173, saving"
INFO  | 2026/05/24 12:12:33.518526 | [Validate] -> "Validating for EPOCH 14"
INFO  | 2026/05/24 12:13:31.659590 | [Validate] -> {"val": 0.5461318557044021, "yes": 858}
INFO  | 2026/05/24 12:13:31.660254 | [scheduler] -> "New learning rate = 1e-05"
INFO  | 2026/05/24 12:13:31.660307 | [Submit] -> "Submitting EPOCH 14"
INFO  | 2026/05/24 12:14:42.687265 | [Train] -> "Training EPOCH 15"
INFO  | 2026/05/24 12:24:05.220415 | [Train] -> "Finished training EPOCH 15 with loss 1.8905751101615775, saving"
INFO  | 2026/05/24 12:24:05.391715 | [Validate] -> "Validating for EPOCH 15"
INFO  | 2026/05/24 12:25:03.648169 | [Validate] -> {"val": 0.46101138823814974, "yes": 1388}
INFO  | 2026/05/24 12:25:03.648883 | [scheduler] -> "New learning rate = 1e-05"
INFO  | 2026/05/24 12:25:03.648935 | [Submit] -> "Submitting EPOCH 15"
INFO  | 2026/05/24 12:26:10.891660 | [Train] -> "Training EPOCH 16"
INFO  | 2026/05/24 12:35:33.697790 | [Train] -> "Finished training EPOCH 16 with loss 1.8797122554242156, saving"
INFO  | 2026/05/24 12:35:33.864080 | [Validate] -> "Validating for EPOCH 16"
INFO  | 2026/05/24 12:36:32.354094 | [Validate] -> {"val": 0.45961548808876795, "yes": 1400}
INFO  | 2026/05/24 12:36:32.355273 | [scheduler] -> "New learning rate = 1e-05"
INFO  | 2026/05/24 12:36:32.355328 | [Submit] -> "Submitting EPOCH 16"
INFO  | 2026/05/24 12:37:40.935049 | [Train] -> "Training EPOCH 17"
INFO  | 2026/05/24 12:47:02.777533 | [Train] -> "Finished training EPOCH 17 with loss 1.8780841889499709, saving"
INFO  | 2026/05/24 12:47:02.958451 | [Validate] -> "Validating for EPOCH 17"
INFO  | 2026/05/24 12:48:01.075942 | [Validate] -> {"val": 0.45721683784295586, "yes": 1359}
INFO  | 2026/05/24 12:48:01.076532 | [scheduler] -> "New learning rate = 1e-05"
INFO  | 2026/05/24 12:48:01.076587 | [Submit] -> "Submitting EPOCH 17"
INFO  | 2026/05/24 12:49:07.966181 | [Train] -> "Training EPOCH 18"
INFO  | 2026/05/24 12:58:30.234993 | [Train] -> "Finished training EPOCH 18 with loss 1.8692507555694071, saving"
INFO  | 2026/05/24 12:58:30.394028 | [Validate] -> "Validating for EPOCH 18"
INFO  | 2026/05/24 12:59:28.498796 | [Validate] -> {"val": 0.4550442125051076, "yes": 1400}
INFO  | 2026/05/24 12:59:28.499449 | [scheduler] -> "New learning rate = 1e-05"
INFO  | 2026/05/24 12:59:28.499496 | [Submit] -> "Submitting EPOCH 18"
INFO  | 2026/05/24 13:00:36.531881 | [Train] -> "Training EPOCH 19"
INFO  | 2026/05/24 13:09:58.416960 | [Train] -> "Finished training EPOCH 19 with loss 1.8570153717093796, saving"
INFO  | 2026/05/24 13:09:58.585968 | [Validate] -> "Validating for EPOCH 19"
INFO  | 2026/05/24 13:10:56.679411 | [Validate] -> {"val": 0.45460643477112284, "yes": 1393}
INFO  | 2026/05/24 13:10:56.680101 | [scheduler] -> "New learning rate = 1e-05"
INFO  | 2026/05/24 13:10:56.680156 | [Submit] -> "Submitting EPOCH 19"
INFO  | 2026/05/24 13:12:04.506382 | [Train] -> "Training EPOCH 20"
INFO  | 2026/05/24 13:21:26.323685 | [Train] -> "Finished training EPOCH 20 with loss 1.8493327998705493, saving"
INFO  | 2026/05/24 13:21:26.494699 | [Validate] -> "Validating for EPOCH 20"
INFO  | 2026/05/24 13:22:24.559561 | [Validate] -> {"val": 0.45218699346971875, "yes": 1385}
INFO  | 2026/05/24 13:22:24.560244 | [scheduler] -> "New learning rate = 1e-05"
INFO  | 2026/05/24 13:22:24.560302 | [Submit] -> "Submitting EPOCH 20"
INFO  | 2026/05/24 13:23:31.947356 | [Train] -> "Training EPOCH 21"
INFO  | 2026/05/24 13:32:53.794327 | [Train] -> "Finished training EPOCH 21 with loss 1.8473752234273284, saving"
INFO  | 2026/05/24 13:32:53.962360 | [Validate] -> "Validating for EPOCH 21"
INFO  | 2026/05/24 13:33:52.219647 | [Validate] -> {"val": 0.46940048964878983, "yes": 1297}
INFO  | 2026/05/24 13:33:52.220413 | [scheduler] -> "New learning rate = 1e-05"
INFO  | 2026/05/24 13:33:52.220478 | [Submit] -> "Submitting EPOCH 21"
INFO  | 2026/05/24 13:35:01.392378 | [Train] -> "Training EPOCH 22"
INFO  | 2026/05/24 13:44:23.387520 | [Train] -> "Finished training EPOCH 22 with loss 1.8415822137175626, saving"
INFO  | 2026/05/24 13:44:23.553182 | [Validate] -> "Validating for EPOCH 22"
INFO  | 2026/05/24 13:45:21.766077 | [Validate] -> {"val": 0.4583225948209981, "yes": 1283}
INFO  | 2026/05/24 13:45:21.766775 | [scheduler] -> "New learning rate = 1e-05"
INFO  | 2026/05/24 13:45:21.766821 | [Submit] -> "Submitting EPOCH 22"
INFO  | 2026/05/24 13:46:29.681224 | [Train] -> "Training EPOCH 23"
INFO  | 2026/05/24 13:55:52.087196 | [Train] -> "Finished training EPOCH 23 with loss 1.8304712350814396, saving"
INFO  | 2026/05/24 13:55:52.262757 | [Validate] -> "Validating for EPOCH 23"
INFO  | 2026/05/24 13:56:50.332130 | [Validate] -> {"val": 0.46198413940786404, "yes": 1151}
INFO  | 2026/05/24 13:56:50.332829 | [scheduler] -> "New learning rate = 1e-05"
INFO  | 2026/05/24 13:56:50.332883 | [Submit] -> "Submitting EPOCH 23"
INFO  | 2026/05/24 13:57:58.104975 | [Train] -> "Training EPOCH 24"
INFO  | 2026/05/24 14:07:20.051093 | [Train] -> "Finished training EPOCH 24 with loss 1.8225032126630536, saving"
INFO  | 2026/05/24 14:07:20.222389 | [Validate] -> "Validating for EPOCH 24"
INFO  | 2026/05/24 14:08:18.343984 | [Validate] -> {"val": 0.4464078761239088, "yes": 1398}
INFO  | 2026/05/24 14:08:18.344639 | [scheduler] -> "New learning rate = 1e-05"
INFO  | 2026/05/24 14:08:18.344696 | [Submit] -> "Submitting EPOCH 24"
INFO  | 2026/05/24 14:09:25.703882 | [Train] -> "Training EPOCH 25"
INFO  | 2026/05/24 14:18:47.727988 | [Train] -> "Finished training EPOCH 25 with loss 1.8134414264946495, saving"
INFO  | 2026/05/24 14:18:47.895045 | [Validate] -> "Validating for EPOCH 25"
INFO  | 2026/05/24 14:19:46.125005 | [Validate] -> {"val": 0.44798181411874205, "yes": 1342}
INFO  | 2026/05/24 14:19:46.125713 | [scheduler] -> "New learning rate = 1e-05"
INFO  | 2026/05/24 14:19:46.125782 | [Submit] -> "Submitting EPOCH 25"
INFO  | 2026/05/24 14:20:54.174663 | [Train] -> "Training EPOCH 26"
INFO  | 2026/05/24 14:30:17.416307 | [Train] -> "Finished training EPOCH 26 with loss 1.8109848837816078, saving"
INFO  | 2026/05/24 14:30:17.590787 | [Validate] -> "Validating for EPOCH 26"
INFO  | 2026/05/24 14:31:15.466617 | [Validate] -> {"val": 0.45577288110747594, "yes": 1303}
INFO  | 2026/05/24 14:31:15.466817 | [scheduler] -> "New learning rate = 1e-05"
INFO  | 2026/05/24 14:31:15.466866 | [Submit] -> "Submitting EPOCH 26"
INFO  | 2026/05/24 14:32:22.728660 | [Train] -> "Training EPOCH 27"
INFO  | 2026/05/24 14:41:44.246104 | [Train] -> "Finished training EPOCH 27 with loss 1.8017657710850694, saving"
INFO  | 2026/05/24 14:41:44.408032 | [Validate] -> "Validating for EPOCH 27"
INFO  | 2026/05/24 14:42:42.522284 | [Validate] -> {"val": 0.4421549840737845, "yes": 1396}
INFO  | 2026/05/24 14:42:42.522896 | [scheduler] -> "New learning rate = 1e-05"
INFO  | 2026/05/24 14:42:42.522954 | [Submit] -> "Submitting EPOCH 27"
INFO  | 2026/05/24 14:43:49.867042 | [Train] -> "Training EPOCH 28"
INFO  | 2026/05/24 14:53:12.314540 | [Train] -> "Finished training EPOCH 28 with loss 1.7937874366081399, saving"
INFO  | 2026/05/24 14:53:12.483566 | [Validate] -> "Validating for EPOCH 28"
INFO  | 2026/05/24 14:54:10.628639 | [Validate] -> {"val": 0.4639488050045858, "yes": 1247}
INFO  | 2026/05/24 14:54:10.629370 | [scheduler] -> "New learning rate = 1e-05"
INFO  | 2026/05/24 14:54:10.629416 | [Submit] -> "Submitting EPOCH 28"
INFO  | 2026/05/24 14:55:18.209099 | [Train] -> "Training EPOCH 29"
INFO  | 2026/05/24 15:04:40.308071 | [Train] -> "Finished training EPOCH 29 with loss 1.7812888059679788, saving"
INFO  | 2026/05/24 15:04:40.479504 | [Validate] -> "Validating for EPOCH 29"
INFO  | 2026/05/24 15:05:38.670839 | [Validate] -> {"val": 0.44632016820761994, "yes": 1340}
INFO  | 2026/05/24 15:05:38.671539 | [scheduler] -> "New learning rate = 1e-05"
INFO  | 2026/05/24 15:05:38.671591 | [Submit] -> "Submitting EPOCH 29"
INFO  | 2026/05/24 15:06:54.771312 | [Train] -> "Training EPOCH 30"
INFO  | 2026/05/24 15:16:16.800649 | [Train] -> "Finished training EPOCH 30 with loss 1.776644991850125, saving"
INFO  | 2026/05/24 15:16:16.972127 | [Validate] -> "Validating for EPOCH 30"
INFO  | 2026/05/24 15:17:15.190129 | [Validate] -> {"val": 0.4382198398349849, "yes": 1393}
INFO  | 2026/05/24 15:17:15.190859 | [scheduler] -> "New learning rate = 1e-05"
INFO  | 2026/05/24 15:17:15.190916 | [Submit] -> "Submitting EPOCH 30"
INFO  | 2026/05/24 15:18:23.440689 | [Train] -> "Training EPOCH 31"
INFO  | 2026/05/24 15:27:45.648036 | [Train] -> "Finished training EPOCH 31 with loss 1.7709338956434308, saving"
INFO  | 2026/05/24 15:27:45.817741 | [Validate] -> "Validating for EPOCH 31"
INFO  | 2026/05/24 15:28:43.982029 | [Validate] -> {"val": 0.4410123566179785, "yes": 1283}
INFO  | 2026/05/24 15:28:43.982741 | [scheduler] -> "New learning rate = 1e-05"
INFO  | 2026/05/24 15:28:43.982791 | [Submit] -> "Submitting EPOCH 31"
INFO  | 2026/05/24 15:29:51.353582 | [Train] -> "Training EPOCH 32"
INFO  | 2026/05/24 15:39:13.680570 | [Train] -> "Finished training EPOCH 32 with loss 1.7544550584700271, saving"
INFO  | 2026/05/24 15:39:13.856761 | [Validate] -> "Validating for EPOCH 32"
INFO  | 2026/05/24 15:40:12.035969 | [Validate] -> {"val": 0.4528815703992625, "yes": 1127}
INFO  | 2026/05/24 15:40:12.036714 | [scheduler] -> "New learning rate = 1e-05"
INFO  | 2026/05/24 15:40:12.036775 | [Submit] -> "Submitting EPOCH 32"
INFO  | 2026/05/24 15:41:20.588363 | [Train] -> "Training EPOCH 33"
INFO  | 2026/05/24 15:50:43.026777 | [Train] -> "Finished training EPOCH 33 with loss 1.7528221306455045, saving"
INFO  | 2026/05/24 15:50:43.192901 | [Validate] -> "Validating for EPOCH 33"
INFO  | 2026/05/24 15:51:41.317034 | [Validate] -> {"val": 0.4491220034260786, "yes": 1181}
INFO  | 2026/05/24 15:51:41.317782 | [scheduler] -> "New learning rate = 1e-05"
INFO  | 2026/05/24 15:51:41.317834 | [Submit] -> "Submitting EPOCH 33"
INFO  | 2026/05/24 15:52:49.930174 | [Train] -> "Training EPOCH 34"
INFO  | 2026/05/24 16:02:12.296682 | [Train] -> "Finished training EPOCH 34 with loss 1.743873187967839, saving"
INFO  | 2026/05/24 16:02:12.464723 | [Validate] -> "Validating for EPOCH 34"
INFO  | 2026/05/24 16:03:10.621168 | [Validate] -> {"val": 0.47436928357786806, "yes": 989}
INFO  | 2026/05/24 16:03:10.621939 | [scheduler] -> "New learning rate = 1e-05"
INFO  | 2026/05/24 16:03:10.622005 | [Submit] -> "Submitting EPOCH 34"
INFO  | 2026/05/24 16:04:18.324609 | [Train] -> "Training EPOCH 35"
INFO  | 2026/05/24 16:13:40.193079 | [Train] -> "Finished training EPOCH 35 with loss 1.7358283866225308, saving"
INFO  | 2026/05/24 16:13:40.365640 | [Validate] -> "Validating for EPOCH 35"
INFO  | 2026/05/24 16:14:38.399482 | [Validate] -> {"val": 0.44841061480172717, "yes": 1169}
INFO  | 2026/05/24 16:14:38.400160 | [scheduler] -> "New learning rate = 1e-05"
INFO  | 2026/05/24 16:14:38.400209 | [Submit] -> "Submitting EPOCH 35"
INFO  | 2026/05/24 16:15:45.598814 | [Train] -> "Training EPOCH 36"
INFO  | 2026/05/24 16:25:08.061954 | [Train] -> "Finished training EPOCH 36 with loss 1.7297230818571936, saving"
INFO  | 2026/05/24 16:25:08.232262 | [Validate] -> "Validating for EPOCH 36"
INFO  | 2026/05/24 16:26:06.380625 | [Validate] -> {"val": 0.4364616992364403, "yes": 1179}
INFO  | 2026/05/24 16:26:06.381276 | [scheduler] -> "New learning rate = 1e-05"
INFO  | 2026/05/24 16:26:06.381335 | [Submit] -> "Submitting EPOCH 36"
INFO  | 2026/05/24 16:27:14.428114 | [Train] -> "Training EPOCH 37"
INFO  | 2026/05/24 16:36:36.329493 | [Train] -> "Finished training EPOCH 37 with loss 1.7124222771129536, saving"
INFO  | 2026/05/24 16:36:36.499720 | [Validate] -> "Validating for EPOCH 37"
INFO  | 2026/05/24 16:37:34.600406 | [Validate] -> {"val": 0.4280060702152835, "yes": 1372}
INFO  | 2026/05/24 16:37:34.601065 | [scheduler] -> "New learning rate = 1e-05"
INFO  | 2026/05/24 16:37:34.601121 | [Submit] -> "Submitting EPOCH 37"
INFO  | 2026/05/24 16:38:43.445519 | [Train] -> "Training EPOCH 38"
INFO  | 2026/05/24 16:48:05.780669 | [Train] -> "Finished training EPOCH 38 with loss 1.7013017736090958, saving"
INFO  | 2026/05/24 16:48:05.951462 | [Validate] -> "Validating for EPOCH 38"
INFO  | 2026/05/24 16:49:04.139298 | [Validate] -> {"val": 0.43049057389943657, "yes": 1339}
INFO  | 2026/05/24 16:49:04.139997 | [scheduler] -> "New learning rate = 1e-05"
INFO  | 2026/05/24 16:49:04.140049 | [Submit] -> "Submitting EPOCH 38"
INFO  | 2026/05/24 16:50:18.309455 | [Train] -> "Training EPOCH 39"
INFO  | 2026/05/24 16:59:40.190709 | [Train] -> "Finished training EPOCH 39 with loss 1.697441289283847, saving"
INFO  | 2026/05/24 16:59:40.359600 | [Validate] -> "Validating for EPOCH 39"
INFO  | 2026/05/24 17:00:38.884487 | [Validate] -> {"val": 0.4415492731651277, "yes": 1252}
INFO  | 2026/05/24 17:00:38.885181 | [scheduler] -> "New learning rate = 1e-05"
INFO  | 2026/05/24 17:00:38.885233 | [Submit] -> "Submitting EPOCH 39"
INFO  | 2026/05/24 17:01:47.985962 | [Train] -> "Training EPOCH 40"
INFO  | 2026/05/24 17:11:10.374661 | [Train] -> "Finished training EPOCH 40 with loss 1.6892675839535152, saving"
INFO  | 2026/05/24 17:11:10.542662 | [Validate] -> "Validating for EPOCH 40"
INFO  | 2026/05/24 17:12:08.801009 | [Validate] -> {"val": 0.4216451669012317, "yes": 1358}
INFO  | 2026/05/24 17:12:08.801749 | [scheduler] -> "New learning rate = 1e-05"
INFO  | 2026/05/24 17:12:08.801806 | [Submit] -> "Submitting EPOCH 40"
INFO  | 2026/05/24 17:13:16.807306 | [Train] -> "Training EPOCH 41"
INFO  | 2026/05/24 17:22:39.032898 | [Train] -> "Finished training EPOCH 41 with loss 1.684081726037819, saving"
INFO  | 2026/05/24 17:22:39.199883 | [Validate] -> "Validating for EPOCH 41"
INFO  | 2026/05/24 17:23:37.388301 | [Validate] -> {"val": 0.42565176741767474, "yes": 1361}
INFO  | 2026/05/24 17:23:37.389047 | [scheduler] -> "New learning rate = 1e-05"
INFO  | 2026/05/24 17:23:37.389099 | [Submit] -> "Submitting EPOCH 41"
INFO  | 2026/05/24 17:24:45.840749 | [Train] -> "Training EPOCH 42"
INFO  | 2026/05/24 17:34:07.741370 | [Train] -> "Finished training EPOCH 42 with loss 1.6694645096327512, saving"
INFO  | 2026/05/24 17:34:07.915509 | [Validate] -> "Validating for EPOCH 42"
INFO  | 2026/05/24 17:35:06.070128 | [Validate] -> {"val": 0.42316455527116326, "yes": 1355}
INFO  | 2026/05/24 17:35:06.070822 | [scheduler] -> "New learning rate = 1e-05"
INFO  | 2026/05/24 17:35:06.070877 | [Submit] -> "Submitting EPOCH 42"
INFO  | 2026/05/24 17:36:14.067350 | [Train] -> "Training EPOCH 43"
INFO  | 2026/05/24 17:45:36.578347 | [Train] -> "Finished training EPOCH 43 with loss 1.6595644146431494, saving"
INFO  | 2026/05/24 17:45:36.756433 | [Validate] -> "Validating for EPOCH 43"
INFO  | 2026/05/24 17:46:34.853066 | [Validate] -> {"val": 0.4298714071739721, "yes": 1176}
INFO  | 2026/05/24 17:46:34.853802 | [scheduler] -> "New learning rate = 1e-05"
INFO  | 2026/05/24 17:46:34.853861 | [Submit] -> "Submitting EPOCH 43"
INFO  | 2026/05/24 17:47:41.596153 | [Train] -> "Training EPOCH 44"
INFO  | 2026/05/24 17:57:03.445051 | [Train] -> "Finished training EPOCH 44 with loss 1.6483234768377915, saving"
INFO  | 2026/05/24 17:57:03.615351 | [Validate] -> "Validating for EPOCH 44"
INFO  | 2026/05/24 17:58:01.701436 | [Validate] -> {"val": 0.43814149740088076, "yes": 1163}
INFO  | 2026/05/24 17:58:01.702132 | [scheduler] -> "New learning rate = 1e-05"
INFO  | 2026/05/24 17:58:01.702187 | [Submit] -> "Submitting EPOCH 44"
INFO  | 2026/05/24 17:59:09.150324 | [Train] -> "Training EPOCH 45"
INFO  | 2026/05/24 18:08:31.652403 | [Train] -> "Finished training EPOCH 45 with loss 1.6351096441727557, saving"
INFO  | 2026/05/24 18:08:31.816605 | [Validate] -> "Validating for EPOCH 45"
INFO  | 2026/05/24 18:09:29.838437 | [Validate] -> {"val": 0.4248414365389875, "yes": 1291}
INFO  | 2026/05/24 18:09:29.838740 | [scheduler] -> "New learning rate = 1e-05"
INFO  | 2026/05/24 18:09:29.838797 | [Submit] -> "Submitting EPOCH 45"
INFO  | 2026/05/24 18:10:38.052109 | [Train] -> "Training EPOCH 46"
INFO  | 2026/05/24 18:19:59.192120 | [Train] -> "Finished training EPOCH 46 with loss 1.6302484761895115, saving"
INFO  | 2026/05/24 18:19:59.366127 | [Validate] -> "Validating for EPOCH 46"
INFO  | 2026/05/24 18:20:57.419934 | [Validate] -> {"val": 0.42081494918306367, "yes": 1355}
INFO  | 2026/05/24 18:20:57.420688 | [scheduler] -> "New learning rate = 1e-05"
INFO  | 2026/05/24 18:20:57.420744 | [Submit] -> "Submitting EPOCH 46"
INFO  | 2026/05/24 18:22:04.786622 | [Train] -> "Training EPOCH 47"
INFO  | 2026/05/24 18:31:26.529243 | [Train] -> "Finished training EPOCH 47 with loss 1.6213577550331144, saving"
INFO  | 2026/05/24 18:31:26.700951 | [Validate] -> "Validating for EPOCH 47"
INFO  | 2026/05/24 18:32:24.906274 | [Validate] -> {"val": 0.41540412088386885, "yes": 1275}
INFO  | 2026/05/24 18:32:24.906960 | [scheduler] -> "New learning rate = 1e-05"
INFO  | 2026/05/24 18:32:24.907028 | [Submit] -> "Submitting EPOCH 47"
INFO  | 2026/05/24 18:33:32.957180 | [Train] -> "Training EPOCH 48"
INFO  | 2026/05/24 18:42:54.614826 | [Train] -> "Finished training EPOCH 48 with loss 1.602895789053149, saving"
INFO  | 2026/05/24 18:42:54.787578 | [Validate] -> "Validating for EPOCH 48"
INFO  | 2026/05/24 18:43:53.010217 | [Validate] -> {"val": 0.4595666794376519, "yes": 1085}
INFO  | 2026/05/24 18:43:53.010908 | [scheduler] -> "New learning rate = 1e-05"
INFO  | 2026/05/24 18:43:53.010962 | [Submit] -> "Submitting EPOCH 48"
INFO  | 2026/05/24 18:45:00.759054 | [Train] -> "Training EPOCH 49"
INFO  | 2026/05/24 18:54:23.602189 | [Train] -> "Finished training EPOCH 49 with loss 1.5985128608141237, saving"
INFO  | 2026/05/24 18:54:23.778126 | [Validate] -> "Validating for EPOCH 49"
INFO  | 2026/05/24 18:55:21.961636 | [Validate] -> {"val": 0.4583418768325835, "yes": 1006}
INFO  | 2026/05/24 18:55:21.962360 | [scheduler] -> "New learning rate = 1e-05"
INFO  | 2026/05/24 18:55:21.962425 | [Submit] -> "Submitting EPOCH 49"
INFO  | 2026/05/24 18:56:29.939278 | [Train] -> "Training EPOCH 50"
INFO  | 2026/05/24 19:05:51.916520 | [Train] -> "Finished training EPOCH 50 with loss 1.5837382661932298, saving"
INFO  | 2026/05/24 19:05:52.084223 | [Validate] -> "Validating for EPOCH 50"
INFO  | 2026/05/24 19:06:50.213826 | [Validate] -> {"val": 0.4333678312429035, "yes": 1243}
INFO  | 2026/05/24 19:06:50.214527 | [scheduler] -> "New learning rate = 1e-05"
INFO  | 2026/05/24 19:06:50.214584 | [Submit] -> "Submitting EPOCH 50"
INFO  | 2026/05/24 19:07:57.437605 | [Train] -> "Training EPOCH 51"
INFO  | 2026/05/24 19:17:19.435312 | [Train] -> "Finished training EPOCH 51 with loss 1.5769744995668644, saving"
INFO  | 2026/05/24 19:17:19.606355 | [Validate] -> "Validating for EPOCH 51"
INFO  | 2026/05/24 19:18:17.749636 | [Validate] -> {"val": 0.4159354712216909, "yes": 1281}
INFO  | 2026/05/24 19:18:17.750386 | [scheduler] -> "New learning rate = 1e-05"
INFO  | 2026/05/24 19:18:17.750439 | [Submit] -> "Submitting EPOCH 51"
INFO  | 2026/05/24 19:19:26.473329 | [Train] -> "Training EPOCH 52"
INFO  | 2026/05/24 19:28:46.792374 | [Train] -> "Finished training EPOCH 52 with loss 1.5618573513194804, saving"
INFO  | 2026/05/24 19:28:46.963362 | [Validate] -> "Validating for EPOCH 52"
INFO  | 2026/05/24 19:29:45.032601 | [Validate] -> {"val": 0.44255876668536936, "yes": 1090}
INFO  | 2026/05/24 19:29:45.033355 | [scheduler] -> "New learning rate = 1e-05"
INFO  | 2026/05/24 19:29:45.033402 | [Submit] -> "Submitting EPOCH 52"
INFO  | 2026/05/24 19:30:52.734155 | [Train] -> "Training EPOCH 53"
INFO  | 2026/05/24 19:40:14.645625 | [Train] -> "Finished training EPOCH 53 with loss 1.5500553423666772, saving"
INFO  | 2026/05/24 19:40:14.813843 | [Validate] -> "Validating for EPOCH 53"
INFO  | 2026/05/24 19:41:12.896114 | [Validate] -> {"val": 0.44373797542266263, "yes": 1082}
INFO  | 2026/05/24 19:41:12.896815 | [scheduler] -> "New learning rate = 1e-05"
INFO  | 2026/05/24 19:41:12.896867 | [Submit] -> "Submitting EPOCH 53"
INFO  | 2026/05/24 19:42:21.390961 | [Train] -> "Training EPOCH 54"
INFO  | 2026/05/24 19:51:43.668796 | [Train] -> "Finished training EPOCH 54 with loss 1.537193046794593, saving"
INFO  | 2026/05/24 19:51:43.845483 | [Validate] -> "Validating for EPOCH 54"
INFO  | 2026/05/24 19:52:41.968234 | [Validate] -> {"val": 0.4145289969353275, "yes": 1289}
INFO  | 2026/05/24 19:52:41.968973 | [scheduler] -> "New learning rate = 1e-05"
INFO  | 2026/05/24 19:52:41.969031 | [Submit] -> "Submitting EPOCH 54"
INFO  | 2026/05/24 19:53:48.948635 | [Train] -> "Training EPOCH 55"
INFO  | 2026/05/24 20:03:10.521012 | [Train] -> "Finished training EPOCH 55 with loss 1.534858497636009, saving"
INFO  | 2026/05/24 20:03:10.693240 | [Validate] -> "Validating for EPOCH 55"
INFO  | 2026/05/24 20:04:08.837677 | [Validate] -> {"val": 0.4115617066849279, "yes": 1291}
INFO  | 2026/05/24 20:04:08.838185 | [scheduler] -> "New learning rate = 1e-05"
INFO  | 2026/05/24 20:04:08.838232 | [Submit] -> "Submitting EPOCH 55"
INFO  | 2026/05/24 20:05:16.995340 | [Train] -> "Training EPOCH 56"
INFO  | 2026/05/24 20:14:41.191878 | [Train] -> "Finished training EPOCH 56 with loss 1.5144106663934147, saving"
INFO  | 2026/05/24 20:14:41.360959 | [Validate] -> "Validating for EPOCH 56"
INFO  | 2026/05/24 20:15:39.548955 | [Validate] -> {"val": 0.41942438869985915, "yes": 1195}
INFO  | 2026/05/24 20:15:39.549669 | [scheduler] -> "New learning rate = 1e-05"
INFO  | 2026/05/24 20:15:39.549716 | [Submit] -> "Submitting EPOCH 56"
INFO  | 2026/05/24 20:16:47.650509 | [Train] -> "Training EPOCH 57"
INFO  | 2026/05/24 20:26:09.455074 | [Train] -> "Finished training EPOCH 57 with loss 1.4983397356312693, saving"
INFO  | 2026/05/24 20:26:09.628168 | [Validate] -> "Validating for EPOCH 57"
INFO  | 2026/05/24 20:27:07.666950 | [Validate] -> {"val": 0.40533872324091785, "yes": 1326}
INFO  | 2026/05/24 20:27:07.667683 | [scheduler] -> "New learning rate = 1e-05"
INFO  | 2026/05/24 20:27:07.667743 | [Submit] -> "Submitting EPOCH 57"
INFO  | 2026/05/24 20:28:15.032437 | [Train] -> "Training EPOCH 58"
INFO  | 2026/05/24 20:37:37.176890 | [Train] -> "Finished training EPOCH 58 with loss 1.4892837278715527, saving"
INFO  | 2026/05/24 20:37:37.350710 | [Validate] -> "Validating for EPOCH 58"
INFO  | 2026/05/24 20:38:35.469142 | [Validate] -> {"val": 0.436369584944412, "yes": 1085}
INFO  | 2026/05/24 20:38:35.469902 | [scheduler] -> "New learning rate = 1e-05"
INFO  | 2026/05/24 20:38:35.469956 | [Submit] -> "Submitting EPOCH 58"
INFO  | 2026/05/24 20:39:43.019687 | [Train] -> "Training EPOCH 59"
INFO  | 2026/05/24 20:49:05.012109 | [Train] -> "Finished training EPOCH 59 with loss 1.4787187663084678, saving"
INFO  | 2026/05/24 20:49:05.173250 | [Validate] -> "Validating for EPOCH 59"
INFO  | 2026/05/24 20:50:03.177086 | [Validate] -> {"val": 0.4318183613187484, "yes": 1143}
INFO  | 2026/05/24 20:50:03.177821 | [scheduler] -> "New learning rate = 1e-05"
INFO  | 2026/05/24 20:50:03.177877 | [Submit] -> "Submitting EPOCH 59"
INFO  | 2026/05/24 20:51:11.825860 | [Train] -> "Training EPOCH 60"
INFO  | 2026/05/24 21:00:34.195613 | [Train] -> "Finished training EPOCH 60 with loss 1.4770937079691704, saving"
INFO  | 2026/05/24 21:00:34.361532 | [Validate] -> "Validating for EPOCH 60"
INFO  | 2026/05/24 21:01:32.483504 | [Validate] -> {"val": 0.41839884551426837, "yes": 1259}
INFO  | 2026/05/24 21:01:32.484245 | [scheduler] -> "New learning rate = 1e-05"
INFO  | 2026/05/24 21:01:32.484303 | [Submit] -> "Submitting EPOCH 60"
INFO  | 2026/05/24 21:02:39.986714 | [Train] -> "Training EPOCH 61"
INFO  | 2026/05/24 21:12:01.962754 | [Train] -> "Finished training EPOCH 61 with loss 1.4653847326304166, saving"
INFO  | 2026/05/24 21:12:02.133469 | [Validate] -> "Validating for EPOCH 61"
INFO  | 2026/05/24 21:13:00.234677 | [Validate] -> {"val": 0.41216810318349884, "yes": 1224}
INFO  | 2026/05/24 21:13:00.235329 | [scheduler] -> "New learning rate = 1e-05"
INFO  | 2026/05/24 21:13:00.235384 | [Submit] -> "Submitting EPOCH 61"
INFO  | 2026/05/24 21:14:07.550749 | [Train] -> "Training EPOCH 62"
INFO  | 2026/05/24 21:23:29.469918 | [Train] -> "Finished training EPOCH 62 with loss 1.440242957010979, saving"
INFO  | 2026/05/24 21:23:29.645208 | [Validate] -> "Validating for EPOCH 62"
INFO  | 2026/05/24 21:24:27.836249 | [Validate] -> {"val": 0.40608903633729193, "yes": 1288}
INFO  | 2026/05/24 21:24:27.836991 | [scheduler] -> "New learning rate = 1e-05"
INFO  | 2026/05/24 21:24:27.837049 | [Submit] -> "Submitting EPOCH 62"
INFO  | 2026/05/24 21:25:35.341166 | [Train] -> "Training EPOCH 63"
INFO  | 2026/05/24 21:34:57.386048 | [Train] -> "Finished training EPOCH 63 with loss 1.4281424472805198, saving"
INFO  | 2026/05/24 21:34:57.558556 | [Validate] -> "Validating for EPOCH 63"
INFO  | 2026/05/24 21:35:55.657552 | [Validate] -> {"val": 0.3887294793856963, "yes": 1300}
INFO  | 2026/05/24 21:35:55.658278 | [scheduler] -> "New learning rate = 1e-05"
INFO  | 2026/05/24 21:35:55.658324 | [Submit] -> "Submitting EPOCH 63"
INFO  | 2026/05/24 21:37:03.119948 | [Train] -> "Training EPOCH 64"
INFO  | 2026/05/24 21:46:25.872607 | [Train] -> "Finished training EPOCH 64 with loss 1.4177916508253294, saving"
INFO  | 2026/05/24 21:46:26.046337 | [Validate] -> "Validating for EPOCH 64"
INFO  | 2026/05/24 21:47:24.034338 | [Validate] -> {"val": 0.40661698775437044, "yes": 1290}
INFO  | 2026/05/24 21:47:24.034677 | [scheduler] -> "New learning rate = 1e-05"
INFO  | 2026/05/24 21:47:24.034744 | [Submit] -> "Submitting EPOCH 64"
INFO  | 2026/05/24 21:48:31.861328 | [Train] -> "Training EPOCH 65"
INFO  | 2026/05/24 21:57:53.682511 | [Train] -> "Finished training EPOCH 65 with loss 1.4069580051962656, saving"
INFO  | 2026/05/24 21:57:53.854858 | [Validate] -> "Validating for EPOCH 65"
INFO  | 2026/05/24 21:58:51.968439 | [Validate] -> {"val": 0.434043085029107, "yes": 1161}
INFO  | 2026/05/24 21:58:51.969197 | [scheduler] -> "New learning rate = 1e-05"
INFO  | 2026/05/24 21:58:51.969249 | [Submit] -> "Submitting EPOCH 65"
INFO  | 2026/05/24 21:59:59.317209 | [Train] -> "Training EPOCH 66"
INFO  | 2026/05/24 22:09:21.149845 | [Train] -> "Finished training EPOCH 66 with loss 1.3831082196863553, saving"
INFO  | 2026/05/24 22:09:21.323796 | [Validate] -> "Validating for EPOCH 66"
INFO  | 2026/05/24 22:10:19.631667 | [Validate] -> {"val": 0.4114872719040354, "yes": 1239}
INFO  | 2026/05/24 22:10:19.632383 | [scheduler] -> "New learning rate = 1e-05"
INFO  | 2026/05/24 22:10:19.632447 | [Submit] -> "Submitting EPOCH 66"
INFO  | 2026/05/24 22:11:27.777729 | [Train] -> "Training EPOCH 67"
INFO  | 2026/05/24 22:21:29.965184 | [Train] -> "Finished training EPOCH 67 with loss 1.3723394243430544, saving"
INFO  | 2026/05/24 22:21:30.189983 | [Validate] -> "Validating for EPOCH 67"
INFO  | 2026/05/24 22:22:29.283668 | [Validate] -> {"val": 0.4170948540436403, "yes": 1168}
INFO  | 2026/05/24 22:22:29.289081 | [scheduler] -> "New learning rate = 1e-05"
INFO  | 2026/05/24 22:22:29.289136 | [Submit] -> "Submitting EPOCH 67"
INFO  | 2026/05/24 22:23:37.356575 | [Train] -> "Training EPOCH 68"
INFO  | 2026/05/24 22:32:58.184812 | [Train] -> "Finished training EPOCH 68 with loss 1.3653801377379258, saving"
INFO  | 2026/05/24 22:32:58.354237 | [Validate] -> "Validating for EPOCH 68"
INFO  | 2026/05/24 22:33:56.420981 | [Validate] -> {"val": 0.40237361488451484, "yes": 1275}
INFO  | 2026/05/24 22:33:56.421606 | [scheduler] -> "New learning rate = 1e-05"
INFO  | 2026/05/24 22:33:56.421662 | [Submit] -> "Submitting EPOCH 68"
INFO  | 2026/05/24 22:35:03.389841 | [Train] -> "Training EPOCH 69"
INFO  | 2026/05/24 22:44:22.701561 | [Train] -> "Finished training EPOCH 69 with loss 1.3476405651628516, saving"
INFO  | 2026/05/24 22:44:22.870880 | [Validate] -> "Validating for EPOCH 69"
INFO  | 2026/05/24 22:45:21.059710 | [Validate] -> {"val": 0.3942570088473895, "yes": 1263}
INFO  | 2026/05/24 22:45:21.060290 | [scheduler] -> "New learning rate = 1e-05"
INFO  | 2026/05/24 22:45:21.060338 | [Submit] -> "Submitting EPOCH 69"
INFO  | 2026/05/24 22:46:28.204747 | [Train] -> "Training EPOCH 70"
INFO  | 2026/05/24 22:55:52.226208 | [Train] -> "Finished training EPOCH 70 with loss 1.3339089518626228, saving"
INFO  | 2026/05/24 22:55:52.398996 | [Validate] -> "Validating for EPOCH 70"
INFO  | 2026/05/24 22:56:50.510517 | [Validate] -> {"val": 0.42032035602868056, "yes": 1170}
INFO  | 2026/05/24 22:56:50.511149 | [scheduler] -> "New learning rate = 1e-05"
INFO  | 2026/05/24 22:56:50.511213 | [Submit] -> "Submitting EPOCH 70"
INFO  | 2026/05/24 22:57:58.469682 | [Train] -> "Training EPOCH 71"
INFO  | 2026/05/24 23:07:20.103094 | [Train] -> "Finished training EPOCH 71 with loss 1.3203422475862139, saving"
INFO  | 2026/05/24 23:07:20.274280 | [Validate] -> "Validating for EPOCH 71"
INFO  | 2026/05/24 23:08:18.380095 | [Validate] -> {"val": 0.3984215448830874, "yes": 1267}
INFO  | 2026/05/24 23:08:18.380801 | [scheduler] -> "New learning rate = 1e-05"
INFO  | 2026/05/24 23:08:18.380855 | [Submit] -> "Submitting EPOCH 71"
INFO  | 2026/05/24 23:09:25.891951 | [Train] -> "Training EPOCH 72"
INFO  | 2026/05/24 23:18:47.878068 | [Train] -> "Finished training EPOCH 72 with loss 1.314544837301924, saving"
INFO  | 2026/05/24 23:18:48.049994 | [Validate] -> "Validating for EPOCH 72"
INFO  | 2026/05/24 23:19:46.289699 | [Validate] -> {"val": 0.4004016103635307, "yes": 1210}
INFO  | 2026/05/24 23:19:46.290401 | [scheduler] -> "New learning rate = 1e-05"
INFO  | 2026/05/24 23:19:46.290456 | [Submit] -> "Submitting EPOCH 72"
INFO  | 2026/05/24 23:20:54.883040 | [Train] -> "Training EPOCH 73"
INFO  | 2026/05/24 23:30:16.395677 | [Train] -> "Finished training EPOCH 73 with loss 1.2981917141616799, saving"
INFO  | 2026/05/24 23:30:16.571678 | [Validate] -> "Validating for EPOCH 73"
INFO  | 2026/05/24 23:31:14.702470 | [Validate] -> {"val": 0.39648995165151496, "yes": 1245}
INFO  | 2026/05/24 23:31:14.703152 | [scheduler] -> "New learning rate = 1e-05"
INFO  | 2026/05/24 23:31:14.703199 | [Submit] -> "Submitting EPOCH 73"
INFO  | 2026/05/24 23:32:22.716906 | [Train] -> "Training EPOCH 74"
INFO  | 2026/05/24 23:41:44.535538 | [Train] -> "Finished training EPOCH 74 with loss 1.2830046246183737, saving"
INFO  | 2026/05/24 23:41:44.706453 | [Validate] -> "Validating for EPOCH 74"
INFO  | 2026/05/24 23:42:42.813532 | [Validate] -> {"val": 0.4102881634508381, "yes": 1221}
INFO  | 2026/05/24 23:42:42.814264 | [scheduler] -> "New learning rate = 1e-05"
INFO  | 2026/05/24 23:42:42.814321 | [Submit] -> "Submitting EPOCH 74"
INFO  | 2026/05/24 23:43:49.709796 | [Train] -> "Training EPOCH 75"
INFO  | 2026/05/24 23:53:11.361048 | [Train] -> "Finished training EPOCH 75 with loss 1.267540393792491, saving"
INFO  | 2026/05/24 23:53:11.530332 | [Validate] -> "Validating for EPOCH 75"
INFO  | 2026/05/24 23:54:09.666891 | [Validate] -> {"val": 0.4019414989775374, "yes": 1239}
INFO  | 2026/05/24 23:54:09.667588 | [scheduler] -> "New learning rate = 1e-05"
INFO  | 2026/05/24 23:54:09.667648 | [Submit] -> "Submitting EPOCH 75"
INFO  | 2026/05/24 23:55:17.670661 | [Train] -> "Training EPOCH 76"
INFO  | 2026/05/25 00:04:39.437558 | [Train] -> "Finished training EPOCH 76 with loss 1.2583379680418787, saving"
INFO  | 2026/05/25 00:04:39.611136 | [Validate] -> "Validating for EPOCH 76"
INFO  | 2026/05/25 00:05:37.745562 | [Validate] -> {"val": 0.4144654982190096, "yes": 1142}
INFO  | 2026/05/25 00:05:37.746276 | [scheduler] -> "New learning rate = 1e-05"
INFO  | 2026/05/25 00:05:37.746325 | [Submit] -> "Submitting EPOCH 76"
INFO  | 2026/05/25 00:06:45.197411 | [Train] -> "Training EPOCH 77"
INFO  | 2026/05/25 00:16:07.012431 | [Train] -> "Finished training EPOCH 77 with loss 1.247438489480783, saving"
INFO  | 2026/05/25 00:16:07.188187 | [Validate] -> "Validating for EPOCH 77"
INFO  | 2026/05/25 00:17:05.296550 | [Validate] -> {"val": 0.39151319235790777, "yes": 1271}
INFO  | 2026/05/25 00:17:05.297253 | [scheduler] -> "New learning rate = 1e-05"
INFO  | 2026/05/25 00:17:05.297293 | [Submit] -> "Submitting EPOCH 77"
INFO  | 2026/05/25 00:18:12.921454 | [Train] -> "Training EPOCH 78"
INFO  | 2026/05/25 00:27:33.960716 | [Train] -> "Finished training EPOCH 78 with loss 1.2262688178028769, saving"
INFO  | 2026/05/25 00:27:34.130942 | [Validate] -> "Validating for EPOCH 78"
INFO  | 2026/05/25 00:28:32.185093 | [Validate] -> {"val": 0.4338513529937686, "yes": 1058}
INFO  | 2026/05/25 00:28:32.185417 | [scheduler] -> "New learning rate = 1e-05"
INFO  | 2026/05/25 00:28:32.185469 | [Submit] -> "Submitting EPOCH 78"
INFO  | 2026/05/25 00:29:39.083033 | [Train] -> "Training EPOCH 79"
INFO  | 2026/05/25 00:39:00.641732 | [Train] -> "Finished training EPOCH 79 with loss 1.2193716176366078, saving"
INFO  | 2026/05/25 00:39:00.817603 | [Validate] -> "Validating for EPOCH 79"
INFO  | 2026/05/25 00:39:58.951962 | [Validate] -> {"val": 0.39965619440297134, "yes": 1168}
INFO  | 2026/05/25 00:39:58.952611 | [scheduler] -> "New learning rate = 1e-05"
INFO  | 2026/05/25 00:39:58.952654 | [Submit] -> "Submitting EPOCH 79"
INFO  | 2026/05/25 00:41:06.200551 | [Train] -> "Training EPOCH 80"
INFO  | 2026/05/25 00:50:28.064520 | [Train] -> "Finished training EPOCH 80 with loss 1.1905743459708817, saving"
INFO  | 2026/05/25 00:50:28.228243 | [Validate] -> "Validating for EPOCH 80"
INFO  | 2026/05/25 00:51:26.501770 | [Validate] -> {"val": 0.41960865029396904, "yes": 1084}
INFO  | 2026/05/25 00:51:26.502568 | [scheduler] -> "New learning rate = 1e-05"
INFO  | 2026/05/25 00:51:26.502621 | [Submit] -> "Submitting EPOCH 80"
INFO  | 2026/05/25 00:52:34.496159 | [Train] -> "Training EPOCH 81"
INFO  | 2026/05/25 01:01:56.340434 | [Train] -> "Finished training EPOCH 81 with loss 1.1871575446642992, saving"
INFO  | 2026/05/25 01:01:56.504275 | [Validate] -> "Validating for EPOCH 81"
INFO  | 2026/05/25 01:02:54.752786 | [Validate] -> {"val": 0.4094269285220226, "yes": 1188}
INFO  | 2026/05/25 01:02:54.753401 | [scheduler] -> "New learning rate = 1e-05"
INFO  | 2026/05/25 01:02:54.753443 | [Submit] -> "Submitting EPOCH 81"
INFO  | 2026/05/25 01:04:02.707227 | [Train] -> "Training EPOCH 82"
INFO  | 2026/05/25 01:13:24.362885 | [Train] -> "Finished training EPOCH 82 with loss 1.1636277089705904, saving"
INFO  | 2026/05/25 01:13:24.530930 | [Validate] -> "Validating for EPOCH 82"
INFO  | 2026/05/25 01:14:22.779248 | [Validate] -> {"val": 0.3970399864302337, "yes": 1216}
INFO  | 2026/05/25 01:14:22.779945 | [scheduler] -> "New learning rate = 1e-05"
INFO  | 2026/05/25 01:14:22.779986 | [Submit] -> "Submitting EPOCH 82"
INFO  | 2026/05/25 01:15:30.242868 | [Train] -> "Training EPOCH 83"
INFO  | 2026/05/25 01:24:52.176369 | [Train] -> "Finished training EPOCH 83 with loss 1.1492523241645962, saving"
INFO  | 2026/05/25 01:24:52.357044 | [Validate] -> "Validating for EPOCH 83"
INFO  | 2026/05/25 01:25:50.424159 | [Validate] -> {"val": 0.3898953063114909, "yes": 1176}
INFO  | 2026/05/25 01:25:50.424800 | [scheduler] -> "New learning rate = 1e-05"
INFO  | 2026/05/25 01:25:50.424849 | [Submit] -> "Submitting EPOCH 83"
INFO  | 2026/05/25 01:26:57.919153 | [Train] -> "Training EPOCH 84"
INFO  | 2026/05/25 01:36:19.389498 | [Train] -> "Finished training EPOCH 84 with loss 1.135692488350941, saving"
INFO  | 2026/05/25 01:36:19.566147 | [Validate] -> "Validating for EPOCH 84"
INFO  | 2026/05/25 01:37:17.613427 | [Validate] -> {"val": 0.3942175482975618, "yes": 1207}
INFO  | 2026/05/25 01:37:17.614126 | [scheduler] -> "New learning rate = 1e-05"
INFO  | 2026/05/25 01:37:17.614178 | [Submit] -> "Submitting EPOCH 84"
INFO  | 2026/05/25 01:38:25.660424 | [Train] -> "Training EPOCH 85"
INFO  | 2026/05/25 01:47:47.389622 | [Train] -> "Finished training EPOCH 85 with loss 1.1199250383345225, saving"
INFO  | 2026/05/25 01:47:47.563053 | [Validate] -> "Validating for EPOCH 85"
INFO  | 2026/05/25 01:48:45.700744 | [Validate] -> {"val": 0.39372408576594053, "yes": 1172}
INFO  | 2026/05/25 01:48:45.701462 | [scheduler] -> "New learning rate = 1e-05"
INFO  | 2026/05/25 01:48:45.701503 | [Submit] -> "Submitting EPOCH 85"
INFO  | 2026/05/25 01:49:53.353294 | [Train] -> "Training EPOCH 86"
INFO  | 2026/05/25 01:59:15.145212 | [Train] -> "Finished training EPOCH 86 with loss 1.1107011548321666, saving"
INFO  | 2026/05/25 01:59:15.320698 | [Validate] -> "Validating for EPOCH 86"
INFO  | 2026/05/25 02:00:13.432395 | [Validate] -> {"val": 0.39005450538096537, "yes": 1186}
INFO  | 2026/05/25 02:00:13.433017 | [scheduler] -> "New learning rate = 1e-05"
INFO  | 2026/05/25 02:00:13.433065 | [Submit] -> "Submitting EPOCH 86"
INFO  | 2026/05/25 02:01:21.477792 | [Train] -> "Training EPOCH 87"
INFO  | 2026/05/25 02:10:43.322977 | [Train] -> "Finished training EPOCH 87 with loss 1.1071331038161087, saving"
INFO  | 2026/05/25 02:10:43.491899 | [Validate] -> "Validating for EPOCH 87"
INFO  | 2026/05/25 02:11:41.603136 | [Validate] -> {"val": 0.38685587733301496, "yes": 1194}
INFO  | 2026/05/25 02:11:41.603849 | [scheduler] -> "New learning rate = 1e-05"
INFO  | 2026/05/25 02:11:41.603895 | [Submit] -> "Submitting EPOCH 87"
INFO  | 2026/05/25 02:12:49.637608 | [Train] -> "Training EPOCH 88"
INFO  | 2026/05/25 02:22:11.567012 | [Train] -> "Finished training EPOCH 88 with loss 1.075534685678382, saving"
INFO  | 2026/05/25 02:22:11.740805 | [Validate] -> "Validating for EPOCH 88"
INFO  | 2026/05/25 02:23:10.015419 | [Validate] -> {"val": 0.42924951528774874, "yes": 958}
INFO  | 2026/05/25 02:23:10.016090 | [scheduler] -> "New learning rate = 1e-05"
INFO  | 2026/05/25 02:23:10.016146 | [Submit] -> "Submitting EPOCH 88"
INFO  | 2026/05/25 02:24:17.674129 | [Train] -> "Training EPOCH 89"
INFO  | 2026/05/25 02:33:38.951190 | [Train] -> "Finished training EPOCH 89 with loss 1.065183976082174, saving"
INFO  | 2026/05/25 02:33:39.125637 | [Validate] -> "Validating for EPOCH 89"
INFO  | 2026/05/25 02:34:37.300293 | [Validate] -> {"val": 0.39113321995917166, "yes": 1181}
INFO  | 2026/05/25 02:34:37.300993 | [scheduler] -> "New learning rate = 1e-05"
INFO  | 2026/05/25 02:34:37.301046 | [Submit] -> "Submitting EPOCH 89"
INFO  | 2026/05/25 02:35:45.383646 | [Train] -> "Training EPOCH 90"
INFO  | 2026/05/25 02:45:07.545326 | [Train] -> "Finished training EPOCH 90 with loss 1.0496723286295666, saving"
INFO  | 2026/05/25 02:45:07.717116 | [Validate] -> "Validating for EPOCH 90"
INFO  | 2026/05/25 02:46:05.884684 | [Validate] -> {"val": 0.397645006607507, "yes": 1185}
INFO  | 2026/05/25 02:46:05.885378 | [scheduler] -> "New learning rate = 1e-05"
INFO  | 2026/05/25 02:46:05.885428 | [Submit] -> "Submitting EPOCH 90"
INFO  | 2026/05/25 02:47:14.631735 | [Train] -> "Training EPOCH 91"
INFO  | 2026/05/25 02:56:36.702887 | [Train] -> "Finished training EPOCH 91 with loss 1.0340541063487985, saving"
INFO  | 2026/05/25 02:56:36.875603 | [Validate] -> "Validating for EPOCH 91"
INFO  | 2026/05/25 02:57:35.003919 | [Validate] -> {"val": 0.4038929540009899, "yes": 1096}
INFO  | 2026/05/25 02:57:35.004554 | [scheduler] -> "New learning rate = 1e-05"
INFO  | 2026/05/25 02:57:35.004605 | [Submit] -> "Submitting EPOCH 91"
INFO  | 2026/05/25 02:58:43.847588 | [Train] -> "Training EPOCH 92"
INFO  | 2026/05/25 03:08:05.148645 | [Train] -> "Finished training EPOCH 92 with loss 1.028605528579641, saving"
INFO  | 2026/05/25 03:08:05.312398 | [Validate] -> "Validating for EPOCH 92"
INFO  | 2026/05/25 03:09:03.377901 | [Validate] -> {"val": 0.395709988952593, "yes": 1169}
INFO  | 2026/05/25 03:09:03.378585 | [scheduler] -> "New learning rate = 1e-05"
INFO  | 2026/05/25 03:09:03.378634 | [Submit] -> "Submitting EPOCH 92"
INFO  | 2026/05/25 03:10:10.890162 | [Train] -> "Training EPOCH 93"
INFO  | 2026/05/25 03:19:32.761735 | [Train] -> "Finished training EPOCH 93 with loss 1.01755118060658, saving"
INFO  | 2026/05/25 03:19:32.935060 | [Validate] -> "Validating for EPOCH 93"
INFO  | 2026/05/25 03:20:31.238323 | [Validate] -> {"val": 0.39392215008954057, "yes": 1195}
INFO  | 2026/05/25 03:20:31.239008 | [scheduler] -> "New learning rate = 1e-05"
INFO  | 2026/05/25 03:20:31.239063 | [Submit] -> "Submitting EPOCH 93"
INFO  | 2026/05/25 03:21:38.732377 | [Train] -> "Training EPOCH 94"
INFO  | 2026/05/25 03:31:00.504803 | [Train] -> "Finished training EPOCH 94 with loss 0.9975548574089549, saving"
INFO  | 2026/05/25 03:31:00.682303 | [Validate] -> "Validating for EPOCH 94"
INFO  | 2026/05/25 03:31:58.746179 | [Validate] -> {"val": 0.39431743230528504, "yes": 1144}
INFO  | 2026/05/25 03:31:58.746874 | [scheduler] -> "New learning rate = 1e-05"
INFO  | 2026/05/25 03:31:58.746920 | [Submit] -> "Submitting EPOCH 94"
INFO  | 2026/05/25 03:33:06.843825 | [Train] -> "Training EPOCH 95"
INFO  | 2026/05/25 03:42:28.153169 | [Train] -> "Finished training EPOCH 95 with loss 0.9816850944045391, saving"
INFO  | 2026/05/25 03:42:28.321840 | [Validate] -> "Validating for EPOCH 95"
INFO  | 2026/05/25 03:43:26.410419 | [Validate] -> {"val": 0.4092378013689099, "yes": 1154}
INFO  | 2026/05/25 03:43:26.411086 | [scheduler] -> "New learning rate = 1e-05"
INFO  | 2026/05/25 03:43:26.411138 | [Submit] -> "Submitting EPOCH 95"
INFO  | 2026/05/25 03:44:33.959396 | [Train] -> "Training EPOCH 96"
INFO  | 2026/05/25 03:53:56.258100 | [Train] -> "Finished training EPOCH 96 with loss 0.9677870679959542, saving"
INFO  | 2026/05/25 03:53:56.432605 | [Validate] -> "Validating for EPOCH 96"
INFO  | 2026/05/25 03:54:54.545864 | [Validate] -> {"val": 0.43253087342240426, "yes": 1008}
INFO  | 2026/05/25 03:54:54.546508 | [scheduler] -> "New learning rate = 1e-05"
INFO  | 2026/05/25 03:54:54.546561 | [Submit] -> "Submitting EPOCH 96"
INFO  | 2026/05/25 03:56:02.541568 | [Train] -> "Training EPOCH 97"
INFO  | 2026/05/25 04:05:24.556426 | [Train] -> "Finished training EPOCH 97 with loss 0.9544589060408468, saving"
INFO  | 2026/05/25 04:05:24.728249 | [Validate] -> "Validating for EPOCH 97"
INFO  | 2026/05/25 04:06:22.861075 | [Validate] -> {"val": 0.39312000213233567, "yes": 1166}
INFO  | 2026/05/25 04:06:22.861766 | [scheduler] -> "New learning rate = 1e-05"
INFO  | 2026/05/25 04:06:22.861811 | [Submit] -> "Submitting EPOCH 97"
INFO  | 2026/05/25 04:07:31.000065 | [Train] -> "Training EPOCH 98"
INFO  | 2026/05/25 04:16:52.595824 | [Train] -> "Finished training EPOCH 98 with loss 0.9409256481146084, saving"
INFO  | 2026/05/25 04:16:52.765872 | [Validate] -> "Validating for EPOCH 98"
INFO  | 2026/05/25 04:17:50.876636 | [Validate] -> {"val": 0.5902372261950077, "yes": 715}
INFO  | 2026/05/25 04:17:50.877332 | [scheduler] -> "New learning rate = 1e-05"
INFO  | 2026/05/25 04:17:50.877376 | [Submit] -> "Submitting EPOCH 98"
INFO  | 2026/05/25 04:18:59.565036 | [Train] -> "Training EPOCH 99"
INFO  | 2026/05/25 04:28:21.246365 | [Train] -> "Finished training EPOCH 99 with loss 0.9321237123877038, saving"
INFO  | 2026/05/25 04:28:21.414218 | [Validate] -> "Validating for EPOCH 99"
INFO  | 2026/05/25 04:29:19.431518 | [Validate] -> {"val": 0.39835200964949513, "yes": 1167}
INFO  | 2026/05/25 04:29:19.432175 | [scheduler] -> "New learning rate = 1e-05"
INFO  | 2026/05/25 04:29:19.432226 | [Submit] -> "Submitting EPOCH 99"
INFO  | 2026/05/25 12:39:01.843239 | [Train] -> "Training EPOCH 0"
INFO  | 2026/05/25 12:47:53.938121 | [Train] -> "Finished training EPOCH 0 with loss 0.9080548293758428, saving"
INFO  | 2026/05/25 12:47:54.113998 | [Validate] -> "Validating for EPOCH 0"
INFO  | 2026/05/25 12:48:49.178365 | [Validate] -> {"val": 0.8468520890864788, "yes": 922}
INFO  | 2026/05/25 12:48:49.178815 | [scheduler] -> "New learning rate = 0.0001"
INFO  | 2026/05/25 12:48:49.178862 | [Submit] -> "Submitting EPOCH 0"
INFO  | 2026/05/25 12:49:52.856573 | [Train] -> "Training EPOCH 1"
INFO  | 2026/05/25 12:58:44.140100 | [Train] -> "Finished training EPOCH 1 with loss 0.8724508475040504, saving"
INFO  | 2026/05/25 12:58:44.307175 | [Validate] -> "Validating for EPOCH 1"
INFO  | 2026/05/25 12:59:39.095905 | [Validate] -> {"val": 0.8164011431360969, "yes": 941}
INFO  | 2026/05/25 12:59:39.097412 | [scheduler] -> "New learning rate = 0.0001"
INFO  | 2026/05/25 12:59:39.097468 | [Submit] -> "Submitting EPOCH 1"
INFO  | 2026/05/25 13:00:41.602908 | [Train] -> "Training EPOCH 2"
INFO  | 2026/05/25 13:09:32.557340 | [Train] -> "Finished training EPOCH 2 with loss 0.857650752752759, saving"
INFO  | 2026/05/25 13:09:32.720199 | [Validate] -> "Validating for EPOCH 2"
INFO  | 2026/05/25 13:10:27.458355 | [Validate] -> {"val": 0.8014399713782064, "yes": 933}
INFO  | 2026/05/25 13:10:27.459841 | [scheduler] -> "New learning rate = 0.0001"
INFO  | 2026/05/25 13:10:27.459902 | [Submit] -> "Submitting EPOCH 2"
INFO  | 2026/05/25 13:11:30.597829 | [Train] -> "Training EPOCH 3"
INFO  | 2026/05/25 13:20:21.649183 | [Train] -> "Finished training EPOCH 3 with loss 0.8453315215014474, saving"
INFO  | 2026/05/25 13:20:21.816540 | [Validate] -> "Validating for EPOCH 3"
INFO  | 2026/05/25 13:21:16.575814 | [Validate] -> {"val": 0.7955239100983759, "yes": 995}
INFO  | 2026/05/25 13:21:16.577031 | [scheduler] -> "New learning rate = 0.0001"
INFO  | 2026/05/25 13:21:16.577079 | [Submit] -> "Submitting EPOCH 3"
INFO  | 2026/05/25 13:22:20.681140 | [Train] -> "Training EPOCH 4"
INFO  | 2026/05/25 13:31:11.700749 | [Train] -> "Finished training EPOCH 4 with loss 0.8322789999758052, saving"
INFO  | 2026/05/25 13:31:11.860935 | [Validate] -> "Validating for EPOCH 4"
INFO  | 2026/05/25 13:32:06.658088 | [Validate] -> {"val": 0.7935056142719087, "yes": 1034}
INFO  | 2026/05/25 13:32:06.659797 | [scheduler] -> "New learning rate = 0.0001"
INFO  | 2026/05/25 13:32:06.659850 | [Submit] -> "Submitting EPOCH 4"
INFO  | 2026/05/25 13:33:09.565099 | [Train] -> "Training EPOCH 5"
INFO  | 2026/05/25 13:42:00.624289 | [Train] -> "Finished training EPOCH 5 with loss 0.8210025111042516, saving"
INFO  | 2026/05/25 13:42:00.791869 | [Validate] -> "Validating for EPOCH 5"
INFO  | 2026/05/25 13:42:55.536125 | [Validate] -> {"val": 0.8005213820236107, "yes": 1011}
INFO  | 2026/05/25 13:42:55.537476 | [scheduler] -> "New learning rate = 0.0001"
INFO  | 2026/05/25 13:42:55.537528 | [Submit] -> "Submitting EPOCH 5"
INFO  | 2026/05/25 13:43:58.523513 | [Train] -> "Training EPOCH 6"
INFO  | 2026/05/25 13:52:49.864294 | [Train] -> "Finished training EPOCH 6 with loss 0.8149012016156876, saving"
INFO  | 2026/05/25 13:52:50.031528 | [Validate] -> "Validating for EPOCH 6"
INFO  | 2026/05/25 13:53:44.755429 | [Validate] -> {"val": 0.7820176908871616, "yes": 1051}
INFO  | 2026/05/25 13:53:44.756776 | [scheduler] -> "New learning rate = 0.0001"
INFO  | 2026/05/25 13:53:44.756825 | [Submit] -> "Submitting EPOCH 6"
INFO  | 2026/05/25 13:54:48.560248 | [Train] -> "Training EPOCH 7"
INFO  | 2026/05/25 14:03:39.545240 | [Train] -> "Finished training EPOCH 7 with loss 0.8050105926706801, saving"
INFO  | 2026/05/25 14:03:39.709408 | [Validate] -> "Validating for EPOCH 7"
INFO  | 2026/05/25 14:04:34.474283 | [Validate] -> {"val": 0.7775986282530679, "yes": 1065}
INFO  | 2026/05/25 14:04:34.474978 | [scheduler] -> "New learning rate = 0.0001"
INFO  | 2026/05/25 14:04:34.475032 | [Submit] -> "Submitting EPOCH 7"
INFO  | 2026/05/25 14:05:37.705648 | [Train] -> "Training EPOCH 8"
INFO  | 2026/05/25 14:14:28.691691 | [Train] -> "Finished training EPOCH 8 with loss 0.7956585670337406, saving"
INFO  | 2026/05/25 14:14:28.857389 | [Validate] -> "Validating for EPOCH 8"
INFO  | 2026/05/25 14:15:23.675806 | [Validate] -> {"val": 0.7856041608042934, "yes": 1031}
INFO  | 2026/05/25 14:15:23.677274 | [scheduler] -> "New learning rate = 0.0001"
INFO  | 2026/05/25 14:15:23.677318 | [Submit] -> "Submitting EPOCH 8"
INFO  | 2026/05/25 14:16:27.270585 | [Train] -> "Training EPOCH 9"
INFO  | 2026/05/25 14:25:18.348702 | [Train] -> "Finished training EPOCH 9 with loss 0.7903083831429741, saving"
INFO  | 2026/05/25 14:25:18.508013 | [Validate] -> "Validating for EPOCH 9"
INFO  | 2026/05/25 14:26:13.245453 | [Validate] -> {"val": 0.7875882995490655, "yes": 1068}
INFO  | 2026/05/25 14:26:13.246622 | [scheduler] -> "New learning rate = 0.0001"
INFO  | 2026/05/25 14:26:13.246671 | [Submit] -> "Submitting EPOCH 9"
INFO  | 2026/05/25 14:27:17.106820 | [Train] -> "Training EPOCH 10"
INFO  | 2026/05/25 14:36:11.824987 | [Train] -> "Finished training EPOCH 10 with loss 0.7821759718051383, saving"
INFO  | 2026/05/25 14:36:11.993187 | [Validate] -> "Validating for EPOCH 10"
INFO  | 2026/05/25 14:37:06.657433 | [Validate] -> {"val": 0.7787691884211501, "yes": 1083}
INFO  | 2026/05/25 14:37:06.658132 | [scheduler] -> "New learning rate = 0.0001"
INFO  | 2026/05/25 14:37:06.658178 | [Submit] -> "Submitting EPOCH 10"
INFO  | 2026/05/25 14:38:09.798619 | [Train] -> "Training EPOCH 11"
INFO  | 2026/05/25 14:47:00.785331 | [Train] -> "Finished training EPOCH 11 with loss 0.7741389962393124, saving"
INFO  | 2026/05/25 14:47:00.954804 | [Validate] -> "Validating for EPOCH 11"
INFO  | 2026/05/25 14:47:55.703728 | [Validate] -> {"val": 0.7895828623833728, "yes": 1062}
INFO  | 2026/05/25 14:47:55.705506 | [scheduler] -> "New learning rate = 1e-05"
INFO  | 2026/05/25 14:47:55.705555 | [Submit] -> "Submitting EPOCH 11"
INFO  | 2026/05/25 14:48:59.267754 | [Train] -> "Training EPOCH 12"
INFO  | 2026/05/25 14:57:50.210935 | [Train] -> "Finished training EPOCH 12 with loss 0.7608016781899346, saving"
INFO  | 2026/05/25 14:57:50.377705 | [Validate] -> "Validating for EPOCH 12"
INFO  | 2026/05/25 14:58:45.112504 | [Validate] -> {"val": 0.7835486038646574, "yes": 1115}
INFO  | 2026/05/25 14:58:45.114002 | [scheduler] -> "New learning rate = 1e-05"
INFO  | 2026/05/25 14:58:45.114054 | [Submit] -> "Submitting EPOCH 12"
INFO  | 2026/05/25 14:59:48.645778 | [Train] -> "Training EPOCH 13"
INFO  | 2026/05/25 15:08:39.477239 | [Train] -> "Finished training EPOCH 13 with loss 0.7603676149613472, saving"
INFO  | 2026/05/25 15:08:39.645546 | [Validate] -> "Validating for EPOCH 13"
INFO  | 2026/05/25 15:09:34.387777 | [Validate] -> {"val": 0.7702504296882033, "yes": 1103}
INFO  | 2026/05/25 15:09:34.389238 | [scheduler] -> "New learning rate = 1e-05"
INFO  | 2026/05/25 15:09:34.389297 | [Submit] -> "Submitting EPOCH 13"
INFO  | 2026/05/25 15:10:37.405366 | [Train] -> "Training EPOCH 14"
INFO  | 2026/05/25 15:19:28.309475 | [Train] -> "Finished training EPOCH 14 with loss 0.751556241095847, saving"
INFO  | 2026/05/25 15:19:28.476803 | [Validate] -> "Validating for EPOCH 14"
INFO  | 2026/05/25 15:20:23.233957 | [Validate] -> {"val": 0.7958451325231416, "yes": 1168}
INFO  | 2026/05/25 15:20:23.235092 | [scheduler] -> "New learning rate = 1e-05"
INFO  | 2026/05/25 15:20:23.235142 | [Submit] -> "Submitting EPOCH 14"
INFO  | 2026/05/25 15:21:26.921765 | [Train] -> "Training EPOCH 15"
INFO  | 2026/05/25 15:30:18.931444 | [Train] -> "Finished training EPOCH 15 with loss 0.753323552796544, saving"
INFO  | 2026/05/25 15:30:19.100225 | [Validate] -> "Validating for EPOCH 15"
INFO  | 2026/05/25 15:31:13.952731 | [Validate] -> {"val": 0.77655463576834, "yes": 1121}
INFO  | 2026/05/25 15:31:13.953753 | [scheduler] -> "New learning rate = 1e-05"
INFO  | 2026/05/25 15:31:13.953805 | [Submit] -> "Submitting EPOCH 15"
INFO  | 2026/05/25 15:32:17.720450 | [Train] -> "Training EPOCH 16"
INFO  | 2026/05/25 15:41:09.461028 | [Train] -> "Finished training EPOCH 16 with loss 0.7506642535036048, saving"
INFO  | 2026/05/25 15:41:09.637650 | [Validate] -> "Validating for EPOCH 16"
INFO  | 2026/05/25 15:42:04.631246 | [Validate] -> {"val": 0.7744884394642588, "yes": 1107}
INFO  | 2026/05/25 15:42:04.632744 | [scheduler] -> "New learning rate = 1e-05"
INFO  | 2026/05/25 15:42:04.632798 | [Submit] -> "Submitting EPOCH 16"
INFO  | 2026/05/25 15:43:08.992223 | [Train] -> "Training EPOCH 17"
INFO  | 2026/05/25 15:52:06.214778 | [Train] -> "Finished training EPOCH 17 with loss 0.7510637122015245, saving"
INFO  | 2026/05/25 15:52:06.392396 | [Validate] -> "Validating for EPOCH 17"
INFO  | 2026/05/25 15:53:01.718880 | [Validate] -> {"val": 0.7739198081146869, "yes": 1137}
INFO  | 2026/05/25 15:53:01.720026 | [scheduler] -> "New learning rate = 1e-05"
INFO  | 2026/05/25 15:53:01.720080 | [Submit] -> "Submitting EPOCH 17"
INFO  | 2026/05/25 15:54:05.168331 | [Train] -> "Training EPOCH 18"
INFO  | 2026/05/25 16:02:55.826615 | [Train] -> "Finished training EPOCH 18 with loss 0.7473908391939761, saving"
INFO  | 2026/05/25 16:02:55.997103 | [Validate] -> "Validating for EPOCH 18"
INFO  | 2026/05/25 16:03:50.730711 | [Validate] -> {"val": 0.780164377679018, "yes": 1103}
INFO  | 2026/05/25 16:03:50.732058 | [scheduler] -> "New learning rate = 1e-05"
INFO  | 2026/05/25 16:03:50.732101 | [Submit] -> "Submitting EPOCH 18"
INFO  | 2026/05/25 16:04:53.038760 | [Train] -> "Training EPOCH 19"
INFO  | 2026/05/25 16:13:44.047102 | [Train] -> "Finished training EPOCH 19 with loss 0.7480132773388422, saving"
INFO  | 2026/05/25 16:13:44.217376 | [Validate] -> "Validating for EPOCH 19"
INFO  | 2026/05/25 16:14:38.941244 | [Validate] -> {"val": 0.7908509724698718, "yes": 1084}
INFO  | 2026/05/25 16:14:38.942460 | [scheduler] -> "New learning rate = 1e-05"
INFO  | 2026/05/25 16:14:38.942503 | [Submit] -> "Submitting EPOCH 19"
INFO  | 2026/05/25 16:15:46.570445 | [Train] -> "Training EPOCH 20"
INFO  | 2026/05/25 16:24:37.497252 | [Train] -> "Finished training EPOCH 20 with loss 0.7464225106754678, saving"
INFO  | 2026/05/25 16:24:37.667103 | [Validate] -> "Validating for EPOCH 20"
INFO  | 2026/05/25 16:25:32.451172 | [Validate] -> {"val": 0.780104851774435, "yes": 1115}
INFO  | 2026/05/25 16:25:32.452395 | [scheduler] -> "New learning rate = 1e-05"
INFO  | 2026/05/25 16:25:32.452448 | [Submit] -> "Submitting EPOCH 20"
INFO  | 2026/05/25 16:26:36.022782 | [Train] -> "Training EPOCH 21"
INFO  | 2026/05/25 16:35:27.162587 | [Train] -> "Finished training EPOCH 21 with loss 0.7433257695921904, saving"
INFO  | 2026/05/25 16:35:27.332433 | [Validate] -> "Validating for EPOCH 21"
INFO  | 2026/05/25 16:36:22.048396 | [Validate] -> {"val": 0.7739751251038657, "yes": 1147}
INFO  | 2026/05/25 16:36:22.049857 | [scheduler] -> "New learning rate = 1e-05"
INFO  | 2026/05/25 16:36:22.049907 | [Submit] -> "Submitting EPOCH 21"
INFO  | 2026/05/25 16:37:24.519628 | [Train] -> "Training EPOCH 22"
INFO  | 2026/05/25 16:46:15.694020 | [Train] -> "Finished training EPOCH 22 with loss 0.7438035869084331, saving"
INFO  | 2026/05/25 16:46:15.865044 | [Validate] -> "Validating for EPOCH 22"
INFO  | 2026/05/25 16:47:10.615342 | [Validate] -> {"val": 0.7783731158152061, "yes": 1104}
INFO  | 2026/05/25 16:47:10.616570 | [scheduler] -> "New learning rate = 1e-05"
INFO  | 2026/05/25 16:47:10.616623 | [Submit] -> "Submitting EPOCH 22"
INFO  | 2026/05/25 16:48:15.166545 | [Train] -> "Training EPOCH 23"
INFO  | 2026/05/25 16:57:08.230502 | [Train] -> "Finished training EPOCH 23 with loss 0.7443137226797087, saving"
INFO  | 2026/05/25 16:57:08.402627 | [Validate] -> "Validating for EPOCH 23"
INFO  | 2026/05/25 16:58:03.793916 | [Validate] -> {"val": 0.7791264628963201, "yes": 1162}
INFO  | 2026/05/25 16:58:03.795008 | [scheduler] -> "New learning rate = 1e-05"
INFO  | 2026/05/25 16:58:03.795068 | [Submit] -> "Submitting EPOCH 23"
INFO  | 2026/05/25 16:59:07.770784 | [Train] -> "Training EPOCH 24"
INFO  | 2026/05/25 17:08:07.056205 | [Train] -> "Finished training EPOCH 24 with loss 0.7448737224214202, saving"
INFO  | 2026/05/25 17:08:07.238921 | [Validate] -> "Validating for EPOCH 24"
INFO  | 2026/05/25 17:09:03.783741 | [Validate] -> {"val": 0.7780548623740803, "yes": 1136}
INFO  | 2026/05/25 17:09:03.785342 | [scheduler] -> "New learning rate = 1e-05"
INFO  | 2026/05/25 17:09:03.785397 | [Submit] -> "Submitting EPOCH 24"
INFO  | 2026/05/25 17:10:08.664019 | [Train] -> "Training EPOCH 25"
INFO  | 2026/05/25 17:19:08.206408 | [Train] -> "Finished training EPOCH 25 with loss 0.7419503732995175, saving"
INFO  | 2026/05/25 17:19:08.423241 | [Validate] -> "Validating for EPOCH 25"
INFO  | 2026/05/25 17:20:06.936727 | [Validate] -> {"val": 0.7740004075582012, "yes": 1171}
INFO  | 2026/05/25 17:20:06.937748 | [scheduler] -> "New learning rate = 1e-05"
INFO  | 2026/05/25 17:20:06.937792 | [Submit] -> "Submitting EPOCH 25"
INFO  | 2026/05/25 17:21:12.812377 | [Train] -> "Training EPOCH 26"
INFO  | 2026/05/25 17:30:09.000364 | [Train] -> "Finished training EPOCH 26 with loss 0.7441056150959309, saving"
INFO  | 2026/05/25 17:30:09.204533 | [Validate] -> "Validating for EPOCH 26"
INFO  | 2026/05/25 17:31:06.964895 | [Validate] -> {"val": 0.779153238925396, "yes": 1148}
INFO  | 2026/05/25 17:31:06.967104 | [scheduler] -> "New learning rate = 1e-05"
INFO  | 2026/05/25 17:31:06.967193 | [Submit] -> "Submitting EPOCH 26"
INFO  | 2026/05/25 17:32:11.321130 | [Train] -> "Training EPOCH 27"
INFO  | 2026/05/25 17:41:05.985254 | [Train] -> "Finished training EPOCH 27 with loss 0.7462980862723168, saving"
INFO  | 2026/05/25 17:41:06.158766 | [Validate] -> "Validating for EPOCH 27"
INFO  | 2026/05/25 17:42:02.402485 | [Validate] -> {"val": 0.7832920345722206, "yes": 1157}
INFO  | 2026/05/25 17:42:02.403463 | [scheduler] -> "New learning rate = 1e-05"
INFO  | 2026/05/25 17:42:02.403532 | [Submit] -> "Submitting EPOCH 27"
INFO  | 2026/05/25 17:43:07.854890 | [Train] -> "Training EPOCH 28"
INFO  | 2026/05/25 17:52:02.748816 | [Train] -> "Finished training EPOCH 28 with loss 0.7424678879110834, saving"
INFO  | 2026/05/25 17:52:02.944237 | [Validate] -> "Validating for EPOCH 28"
INFO  | 2026/05/25 17:52:57.856325 | [Validate] -> {"val": 0.7744651952689744, "yes": 1158}
INFO  | 2026/05/25 17:52:57.857613 | [scheduler] -> "New learning rate = 1e-05"
INFO  | 2026/05/25 17:52:57.857661 | [Submit] -> "Submitting EPOCH 28"
INFO  | 2026/05/25 17:54:02.883988 | [Train] -> "Training EPOCH 29"
INFO  | 2026/05/25 18:02:59.989990 | [Train] -> "Finished training EPOCH 29 with loss 0.7377976427204483, saving"
INFO  | 2026/05/25 18:03:00.163733 | [Validate] -> "Validating for EPOCH 29"
INFO  | 2026/05/25 18:03:55.907903 | [Validate] -> {"val": 0.7738218207292081, "yes": 1124}
INFO  | 2026/05/25 18:03:55.910449 | [scheduler] -> "New learning rate = 1e-05"
INFO  | 2026/05/25 18:03:55.910492 | [Submit] -> "Submitting EPOCH 29"
INFO  | 2026/05/25 18:04:59.837235 | [Train] -> "Training EPOCH 30"
INFO  | 2026/05/25 18:13:59.311790 | [Train] -> "Finished training EPOCH 30 with loss 0.7397436090952444, saving"
INFO  | 2026/05/25 18:13:59.490671 | [Validate] -> "Validating for EPOCH 30"
INFO  | 2026/05/25 18:14:56.262743 | [Validate] -> {"val": 0.7853586512118772, "yes": 1146}
INFO  | 2026/05/25 18:14:56.264358 | [scheduler] -> "New learning rate = 1e-05"
INFO  | 2026/05/25 18:14:56.264422 | [Submit] -> "Submitting EPOCH 30"
INFO  | 2026/05/25 18:16:02.368113 | [Train] -> "Training EPOCH 31"
INFO  | 2026/05/25 18:25:04.315325 | [Train] -> "Finished training EPOCH 31 with loss 0.7353407654049094, saving"
INFO  | 2026/05/25 18:25:04.524238 | [Validate] -> "Validating for EPOCH 31"
INFO  | 2026/05/25 18:26:01.584901 | [Validate] -> {"val": 0.7709688373604979, "yes": 1119}
INFO  | 2026/05/25 18:26:01.586537 | [scheduler] -> "New learning rate = 1e-05"
INFO  | 2026/05/25 18:26:01.586593 | [Submit] -> "Submitting EPOCH 31"
INFO  | 2026/05/25 18:27:07.010771 | [Train] -> "Training EPOCH 32"
INFO  | 2026/05/25 18:36:04.269490 | [Train] -> "Finished training EPOCH 32 with loss 0.7357338764684429, saving"
INFO  | 2026/05/25 18:36:04.440003 | [Validate] -> "Validating for EPOCH 32"
INFO  | 2026/05/25 18:37:02.012914 | [Validate] -> {"val": 0.7774719104591006, "yes": 1152}
INFO  | 2026/05/25 18:37:02.013679 | [scheduler] -> "New learning rate = 1e-05"
INFO  | 2026/05/25 18:37:02.013749 | [Submit] -> "Submitting EPOCH 32"
INFO  | 2026/05/25 18:38:08.132839 | [Train] -> "Training EPOCH 33"
INFO  | 2026/05/25 18:47:22.657508 | [Train] -> "Finished training EPOCH 33 with loss 0.7375975489030759, saving"
INFO  | 2026/05/25 18:47:22.834294 | [Validate] -> "Validating for EPOCH 33"
INFO  | 2026/05/25 18:48:21.895173 | [Validate] -> {"val": 0.7758409391902791, "yes": 1163}
INFO  | 2026/05/25 18:48:21.895850 | [scheduler] -> "New learning rate = 1e-05"
INFO  | 2026/05/25 18:48:21.895906 | [Submit] -> "Submitting EPOCH 33"
INFO  | 2026/05/25 18:49:29.189207 | [Train] -> "Training EPOCH 34"
INFO  | 2026/05/25 18:58:39.450038 | [Train] -> "Finished training EPOCH 34 with loss 0.7325893863710253, saving"
INFO  | 2026/05/25 18:58:39.649130 | [Validate] -> "Validating for EPOCH 34"
INFO  | 2026/05/25 18:59:36.780057 | [Validate] -> {"val": 0.7717254898811886, "yes": 1155}
INFO  | 2026/05/25 18:59:36.781658 | [scheduler] -> "New learning rate = 1e-05"
INFO  | 2026/05/25 18:59:36.781712 | [Submit] -> "Submitting EPOCH 34"
INFO  | 2026/05/25 19:00:42.945808 | [Train] -> "Training EPOCH 35"
INFO  | 2026/05/25 19:09:36.854564 | [Train] -> "Finished training EPOCH 35 with loss 0.7320272254566438, saving"
INFO  | 2026/05/25 19:09:37.031909 | [Validate] -> "Validating for EPOCH 35"
INFO  | 2026/05/25 19:10:33.999981 | [Validate] -> {"val": 0.7749737634963948, "yes": 1146}
INFO  | 2026/05/25 19:10:34.001747 | [scheduler] -> "New learning rate = 1e-05"
INFO  | 2026/05/25 19:10:34.001802 | [Submit] -> "Submitting EPOCH 35"
INFO  | 2026/05/25 19:11:39.853458 | [Train] -> "Training EPOCH 36"
INFO  | 2026/05/25 19:20:35.391535 | [Train] -> "Finished training EPOCH 36 with loss 0.7304185782782896, saving"
INFO  | 2026/05/25 19:20:35.598667 | [Validate] -> "Validating for EPOCH 36"
INFO  | 2026/05/25 19:21:32.570059 | [Validate] -> {"val": 0.784284939928841, "yes": 1149}
INFO  | 2026/05/25 19:21:32.571211 | [scheduler] -> "New learning rate = 1e-05"
INFO  | 2026/05/25 19:21:32.571274 | [Submit] -> "Submitting EPOCH 36"
INFO  | 2026/05/25 19:22:38.047679 | [Train] -> "Training EPOCH 37"
INFO  | 2026/05/25 19:31:34.559981 | [Train] -> "Finished training EPOCH 37 with loss 0.7276690570417971, saving"
INFO  | 2026/05/25 19:31:34.742099 | [Validate] -> "Validating for EPOCH 37"
INFO  | 2026/05/25 19:33:18.569358 | [Validate] -> {"val": 0.7890330917664568, "yes": 1127}
INFO  | 2026/05/25 19:33:18.654657 | [scheduler] -> "New learning rate = 1e-05"
INFO  | 2026/05/25 19:33:18.654762 | [Submit] -> "Submitting EPOCH 37"
INFO  | 2026/05/25 19:35:01.218947 | [Train] -> "Training EPOCH 38"
INFO  | 2026/05/25 19:44:23.967319 | [Train] -> "Finished training EPOCH 38 with loss 0.7319946728288867, saving"
INFO  | 2026/05/25 19:44:24.237152 | [Validate] -> "Validating for EPOCH 38"
INFO  | 2026/05/25 19:45:20.871367 | [Validate] -> {"val": 0.7917562976576501, "yes": 1149}
INFO  | 2026/05/25 19:45:20.873450 | [scheduler] -> "New learning rate = 1e-05"
INFO  | 2026/05/25 19:45:20.873499 | [Submit] -> "Submitting EPOCH 38"
INFO  | 2026/05/25 19:46:25.894361 | [Train] -> "Training EPOCH 39"
INFO  | 2026/05/25 19:55:17.824070 | [Train] -> "Finished training EPOCH 39 with loss 0.7319510114505301, saving"
INFO  | 2026/05/25 19:55:17.997756 | [Validate] -> "Validating for EPOCH 39"
INFO  | 2026/05/25 19:56:14.592390 | [Validate] -> {"val": 0.7719963214919779, "yes": 1135}
INFO  | 2026/05/25 19:56:14.593494 | [scheduler] -> "New learning rate = 1e-05"
INFO  | 2026/05/25 19:56:14.593557 | [Submit] -> "Submitting EPOCH 39"
INFO  | 2026/05/25 19:57:19.765062 | [Train] -> "Training EPOCH 40"
INFO  | 2026/05/25 20:07:55.871363 | [Train] -> "Finished training EPOCH 40 with loss 0.7291761806730881, saving"
INFO  | 2026/05/25 20:07:56.214459 | [Validate] -> "Validating for EPOCH 40"
INFO  | 2026/05/25 20:09:15.940858 | [Validate] -> {"val": 0.7815944134154702, "yes": 1145}
INFO  | 2026/05/25 20:09:15.960800 | [scheduler] -> "New learning rate = 1e-05"
INFO  | 2026/05/25 20:09:15.961303 | [Submit] -> "Submitting EPOCH 40"
INFO  | 2026/05/25 20:10:26.447419 | [Train] -> "Training EPOCH 41"
INFO  | 2026/05/25 20:19:43.649834 | [Train] -> "Finished training EPOCH 41 with loss 0.7270052072197589, saving"
INFO  | 2026/05/25 20:19:43.947679 | [Validate] -> "Validating for EPOCH 41"
INFO  | 2026/05/25 20:20:45.466719 | [Validate] -> {"val": 0.7815699133852299, "yes": 1154}
INFO  | 2026/05/25 20:20:45.469322 | [scheduler] -> "New learning rate = 1e-05"
INFO  | 2026/05/25 20:20:45.469371 | [Submit] -> "Submitting EPOCH 41"
INFO  | 2026/05/25 20:21:53.426337 | [Train] -> "Training EPOCH 42"
INFO  | 2026/05/25 20:30:47.675862 | [Train] -> "Finished training EPOCH 42 with loss 0.7325237407857413, saving"
INFO  | 2026/05/25 20:30:47.857235 | [Validate] -> "Validating for EPOCH 42"
INFO  | 2026/05/25 20:31:44.311528 | [Validate] -> {"val": 0.788250443022577, "yes": 1137}
INFO  | 2026/05/25 20:31:44.312999 | [scheduler] -> "New learning rate = 1e-05"
INFO  | 2026/05/25 20:31:44.313049 | [Submit] -> "Submitting EPOCH 42"
INFO  | 2026/05/25 20:32:49.448696 | [Train] -> "Training EPOCH 43"
INFO  | 2026/05/25 20:41:50.240561 | [Train] -> "Finished training EPOCH 43 with loss 0.7302378946386571, saving"
INFO  | 2026/05/25 20:41:50.576778 | [Validate] -> "Validating for EPOCH 43"
INFO  | 2026/05/25 20:42:57.019590 | [Validate] -> {"val": 0.7966330063058601, "yes": 1114}
INFO  | 2026/05/25 20:42:57.022424 | [scheduler] -> "New learning rate = 1e-05"
INFO  | 2026/05/25 20:42:57.022509 | [Submit] -> "Submitting EPOCH 43"
INFO  | 2026/05/25 20:44:05.634183 | [Train] -> "Training EPOCH 44"
INFO  | 2026/05/25 20:53:01.483791 | [Train] -> "Finished training EPOCH 44 with loss 0.7289674599943723, saving"
INFO  | 2026/05/25 20:53:01.657614 | [Validate] -> "Validating for EPOCH 44"
INFO  | 2026/05/25 20:53:58.242517 | [Validate] -> {"val": 0.7830323365531102, "yes": 1161}
INFO  | 2026/05/25 20:53:58.243364 | [scheduler] -> "New learning rate = 1e-05"
INFO  | 2026/05/25 20:53:58.243407 | [Submit] -> "Submitting EPOCH 44"
INFO  | 2026/05/25 20:55:03.772179 | [Train] -> "Training EPOCH 45"
INFO  | 2026/05/25 21:03:55.441728 | [Train] -> "Finished training EPOCH 45 with loss 0.7244834634902435, saving"
INFO  | 2026/05/25 21:03:55.611906 | [Validate] -> "Validating for EPOCH 45"
INFO  | 2026/05/25 21:04:52.026907 | [Validate] -> {"val": 0.7772532250901882, "yes": 1170}
INFO  | 2026/05/25 21:04:52.027842 | [scheduler] -> "New learning rate = 1e-05"
INFO  | 2026/05/25 21:04:52.027894 | [Submit] -> "Submitting EPOCH 45"
INFO  | 2026/05/25 21:05:56.481564 | [Train] -> "Training EPOCH 46"
INFO  | 2026/05/25 21:14:49.392037 | [Train] -> "Finished training EPOCH 46 with loss 0.724818086682709, saving"
INFO  | 2026/05/25 21:14:49.598817 | [Validate] -> "Validating for EPOCH 46"
INFO  | 2026/05/25 21:15:46.599223 | [Validate] -> {"val": 0.786380386824463, "yes": 1178}
INFO  | 2026/05/25 21:15:46.600113 | [scheduler] -> "New learning rate = 1e-05"
INFO  | 2026/05/25 21:15:46.600161 | [Submit] -> "Submitting EPOCH 46"
INFO  | 2026/05/25 21:16:51.220006 | [Train] -> "Training EPOCH 47"
INFO  | 2026/05/25 21:25:45.534767 | [Train] -> "Finished training EPOCH 47 with loss 0.7304739707422048, saving"
INFO  | 2026/05/25 21:25:45.712659 | [Validate] -> "Validating for EPOCH 47"
INFO  | 2026/05/25 21:26:42.691832 | [Validate] -> {"val": 0.7873373844230511, "yes": 1149}
INFO  | 2026/05/25 21:26:42.692908 | [scheduler] -> "New learning rate = 1e-05"
INFO  | 2026/05/25 21:26:42.692960 | [Submit] -> "Submitting EPOCH 47"
INFO  | 2026/05/25 21:27:48.149221 | [Train] -> "Training EPOCH 48"
INFO  | 2026/05/25 21:36:41.265640 | [Train] -> "Finished training EPOCH 48 with loss 0.7237937743226514, saving"
INFO  | 2026/05/25 21:36:41.447551 | [Validate] -> "Validating for EPOCH 48"
INFO  | 2026/05/25 21:37:38.477114 | [Validate] -> {"val": 0.786872891050616, "yes": 1120}
INFO  | 2026/05/25 21:37:38.478863 | [scheduler] -> "New learning rate = 1e-05"
INFO  | 2026/05/25 21:37:38.478914 | [Submit] -> "Submitting EPOCH 48"
INFO  | 2026/05/25 21:38:43.305609 | [Train] -> "Training EPOCH 49"
INFO  | 2026/05/25 21:47:37.966690 | [Train] -> "Finished training EPOCH 49 with loss 0.7253082978770983, saving"
INFO  | 2026/05/25 21:47:38.140333 | [Validate] -> "Validating for EPOCH 49"
INFO  | 2026/05/25 21:48:35.120763 | [Validate] -> {"val": 0.7722209870104159, "yes": 1147}
INFO  | 2026/05/25 21:48:35.122352 | [scheduler] -> "New learning rate = 1e-05"
INFO  | 2026/05/25 21:48:35.122424 | [Submit] -> "Submitting EPOCH 49"
INFO  | 2026/05/25 21:49:40.790201 | [Train] -> "Training EPOCH 50"
INFO  | 2026/05/25 21:58:35.547950 | [Train] -> "Finished training EPOCH 50 with loss 0.723412980370256, saving"
INFO  | 2026/05/25 21:58:35.724128 | [Validate] -> "Validating for EPOCH 50"
INFO  | 2026/05/25 21:59:32.575897 | [Validate] -> {"val": 0.7807338341197844, "yes": 1139}
INFO  | 2026/05/25 21:59:32.576878 | [scheduler] -> "New learning rate = 1e-05"
INFO  | 2026/05/25 21:59:32.576925 | [Submit] -> "Submitting EPOCH 50"
INFO  | 2026/05/25 22:00:37.707045 | [Train] -> "Training EPOCH 51"
INFO  | 2026/05/25 22:09:34.477553 | [Train] -> "Finished training EPOCH 51 with loss 0.724629415500112, saving"
INFO  | 2026/05/25 22:09:34.653310 | [Validate] -> "Validating for EPOCH 51"
INFO  | 2026/05/25 22:10:31.636851 | [Validate] -> {"val": 0.8080320894200993, "yes": 1183}
INFO  | 2026/05/25 22:10:31.638628 | [scheduler] -> "New learning rate = 1e-05"
INFO  | 2026/05/25 22:10:31.638674 | [Submit] -> "Submitting EPOCH 51"
INFO  | 2026/05/25 22:11:37.428130 | [Train] -> "Training EPOCH 52"
INFO  | 2026/05/25 22:20:33.210556 | [Train] -> "Finished training EPOCH 52 with loss 0.7216280204890597, saving"
INFO  | 2026/05/25 22:20:33.390824 | [Validate] -> "Validating for EPOCH 52"
INFO  | 2026/05/25 22:21:30.522778 | [Validate] -> {"val": 0.7830689186775762, "yes": 1102}
INFO  | 2026/05/25 22:21:30.524335 | [scheduler] -> "New learning rate = 1e-05"
INFO  | 2026/05/25 22:21:30.524387 | [Submit] -> "Submitting EPOCH 52"
INFO  | 2026/05/25 22:22:35.718917 | [Train] -> "Training EPOCH 53"
INFO  | 2026/05/25 22:31:31.489823 | [Train] -> "Finished training EPOCH 53 with loss 0.7203639028146538, saving"
INFO  | 2026/05/25 22:31:31.665047 | [Validate] -> "Validating for EPOCH 53"
INFO  | 2026/05/25 22:32:28.526889 | [Validate] -> {"val": 0.7941570528934421, "yes": 1138}
INFO  | 2026/05/25 22:32:28.527932 | [scheduler] -> "New learning rate = 1e-05"
INFO  | 2026/05/25 22:32:28.527979 | [Submit] -> "Submitting EPOCH 53"
INFO  | 2026/05/25 22:33:34.305757 | [Train] -> "Training EPOCH 54"
INFO  | 2026/05/25 22:42:29.050509 | [Train] -> "Finished training EPOCH 54 with loss 0.7256241086301064, saving"
INFO  | 2026/05/25 22:42:29.240025 | [Validate] -> "Validating for EPOCH 54"
INFO  | 2026/05/25 22:43:26.094534 | [Validate] -> {"val": 0.8063603755967478, "yes": 1127}
INFO  | 2026/05/25 22:43:26.095608 | [scheduler] -> "New learning rate = 1e-05"
INFO  | 2026/05/25 22:43:26.095655 | [Submit] -> "Submitting EPOCH 54"
INFO  | 2026/05/25 22:44:31.528873 | [Train] -> "Training EPOCH 55"
INFO  | 2026/05/25 22:53:26.392371 | [Train] -> "Finished training EPOCH 55 with loss 0.7215400830106443, saving"
INFO  | 2026/05/25 22:53:26.560665 | [Validate] -> "Validating for EPOCH 55"
INFO  | 2026/05/25 22:54:23.414196 | [Validate] -> {"val": 0.7939059378138851, "yes": 1165}
INFO  | 2026/05/25 22:54:23.415917 | [scheduler] -> "New learning rate = 1e-05"
INFO  | 2026/05/25 22:54:23.415984 | [Submit] -> "Submitting EPOCH 55"
INFO  | 2026/05/25 22:55:28.325382 | [Train] -> "Training EPOCH 56"
INFO  | 2026/05/25 23:04:23.687630 | [Train] -> "Finished training EPOCH 56 with loss 0.720141941738441, saving"
INFO  | 2026/05/25 23:04:23.870913 | [Validate] -> "Validating for EPOCH 56"
INFO  | 2026/05/25 23:05:21.078230 | [Validate] -> {"val": 0.7877158446968765, "yes": 1119}
INFO  | 2026/05/25 23:05:21.079183 | [scheduler] -> "New learning rate = 1e-05"
INFO  | 2026/05/25 23:05:21.079237 | [Submit] -> "Submitting EPOCH 56"
INFO  | 2026/05/25 23:06:27.266208 | [Train] -> "Training EPOCH 57"
INFO  | 2026/05/25 23:15:22.272266 | [Train] -> "Finished training EPOCH 57 with loss 0.7188145158625325, saving"
INFO  | 2026/05/25 23:15:22.464603 | [Validate] -> "Validating for EPOCH 57"
INFO  | 2026/05/25 23:16:19.617574 | [Validate] -> {"val": 0.7875531322914711, "yes": 1156}
INFO  | 2026/05/25 23:16:19.620410 | [scheduler] -> "New learning rate = 1e-05"
INFO  | 2026/05/25 23:16:19.620484 | [Submit] -> "Submitting EPOCH 57"
INFO  | 2026/05/25 23:17:25.394999 | [Train] -> "Training EPOCH 58"
INFO  | 2026/05/25 23:26:21.420409 | [Train] -> "Finished training EPOCH 58 with loss 0.7173774404426849, saving"
INFO  | 2026/05/25 23:26:21.592964 | [Validate] -> "Validating for EPOCH 58"
INFO  | 2026/05/25 23:27:18.633046 | [Validate] -> {"val": 0.7817925419052356, "yes": 1172}
INFO  | 2026/05/25 23:27:18.634552 | [scheduler] -> "New learning rate = 1e-05"
INFO  | 2026/05/25 23:27:18.634621 | [Submit] -> "Submitting EPOCH 58"
INFO  | 2026/05/25 23:28:24.043659 | [Train] -> "Training EPOCH 59"
INFO  | 2026/05/25 23:37:19.020754 | [Train] -> "Finished training EPOCH 59 with loss 0.718446453374416, saving"
INFO  | 2026/05/25 23:37:19.206784 | [Validate] -> "Validating for EPOCH 59"
INFO  | 2026/05/25 23:38:16.120221 | [Validate] -> {"val": 0.7876263116031821, "yes": 1140}
INFO  | 2026/05/25 23:38:16.121713 | [scheduler] -> "New learning rate = 1e-05"
INFO  | 2026/05/25 23:38:16.121767 | [Submit] -> "Submitting EPOCH 59"
INFO  | 2026/05/25 23:39:22.633369 | [Train] -> "Training EPOCH 60"
INFO  | 2026/05/25 23:48:17.607971 | [Train] -> "Finished training EPOCH 60 with loss 0.7144830692803495, saving"
INFO  | 2026/05/25 23:48:17.797078 | [Validate] -> "Validating for EPOCH 60"
INFO  | 2026/05/25 23:49:14.662899 | [Validate] -> {"val": 0.7891466327641895, "yes": 1162}
INFO  | 2026/05/25 23:49:14.663855 | [scheduler] -> "New learning rate = 1e-05"
INFO  | 2026/05/25 23:49:14.663901 | [Submit] -> "Submitting EPOCH 60"
INFO  | 2026/05/25 23:50:19.810041 | [Train] -> "Training EPOCH 61"
INFO  | 2026/05/25 23:59:13.886927 | [Train] -> "Finished training EPOCH 61 with loss 0.7188518233434602, saving"
INFO  | 2026/05/25 23:59:14.070751 | [Validate] -> "Validating for EPOCH 61"
INFO  | 2026/05/26 00:00:11.056542 | [Validate] -> {"val": 0.7910488674219156, "yes": 1167}
INFO  | 2026/05/26 00:00:11.057416 | [scheduler] -> "New learning rate = 1e-05"
INFO  | 2026/05/26 00:00:11.057470 | [Submit] -> "Submitting EPOCH 61"
INFO  | 2026/05/26 00:01:16.581874 | [Train] -> "Training EPOCH 62"
INFO  | 2026/05/26 00:10:10.825102 | [Train] -> "Finished training EPOCH 62 with loss 0.712670736014843, saving"
INFO  | 2026/05/26 00:10:11.007542 | [Validate] -> "Validating for EPOCH 62"
INFO  | 2026/05/26 00:11:07.958527 | [Validate] -> {"val": 0.7957195127605099, "yes": 1183}
INFO  | 2026/05/26 00:11:07.959564 | [scheduler] -> "New learning rate = 1e-05"
INFO  | 2026/05/26 00:11:07.959625 | [Submit] -> "Submitting EPOCH 62"
INFO  | 2026/05/26 00:12:13.739829 | [Train] -> "Training EPOCH 63"
INFO  | 2026/05/26 00:21:09.929163 | [Train] -> "Finished training EPOCH 63 with loss 0.7153603747552139, saving"
INFO  | 2026/05/26 00:21:10.108151 | [Validate] -> "Validating for EPOCH 63"
INFO  | 2026/05/26 00:22:06.957230 | [Validate] -> {"val": 0.7827868908643723, "yes": 1109}
INFO  | 2026/05/26 00:22:06.958340 | [scheduler] -> "New learning rate = 1e-05"
INFO  | 2026/05/26 00:22:06.958404 | [Submit] -> "Submitting EPOCH 63"
INFO  | 2026/05/26 00:23:12.612636 | [Train] -> "Training EPOCH 64"
INFO  | 2026/05/26 00:32:07.205408 | [Train] -> "Finished training EPOCH 64 with loss 0.7146720056580664, saving"
INFO  | 2026/05/26 00:32:07.385381 | [Validate] -> "Validating for EPOCH 64"
INFO  | 2026/05/26 00:33:04.311514 | [Validate] -> {"val": 0.7853801672603459, "yes": 1149}
INFO  | 2026/05/26 00:33:04.313244 | [scheduler] -> "New learning rate = 1e-05"
INFO  | 2026/05/26 00:33:04.313295 | [Submit] -> "Submitting EPOCH 64"
INFO  | 2026/05/26 00:34:10.132529 | [Train] -> "Training EPOCH 65"
INFO  | 2026/05/26 00:43:04.756079 | [Train] -> "Finished training EPOCH 65 with loss 0.7111792750656605, saving"
INFO  | 2026/05/26 00:43:04.925812 | [Validate] -> "Validating for EPOCH 65"
INFO  | 2026/05/26 00:44:01.818847 | [Validate] -> {"val": 0.7749698793681221, "yes": 1205}
INFO  | 2026/05/26 00:44:01.820586 | [scheduler] -> "New learning rate = 1e-05"
INFO  | 2026/05/26 00:44:01.820637 | [Submit] -> "Submitting EPOCH 65"
INFO  | 2026/05/26 00:45:09.561601 | [Train] -> "Training EPOCH 66"
INFO  | 2026/05/26 00:54:03.985280 | [Train] -> "Finished training EPOCH 66 with loss 0.7106944544964743, saving"
INFO  | 2026/05/26 00:54:04.164451 | [Validate] -> "Validating for EPOCH 66"
INFO  | 2026/05/26 00:55:01.286148 | [Validate] -> {"val": 0.7962335143197902, "yes": 1177}
INFO  | 2026/05/26 00:55:01.288083 | [scheduler] -> "New learning rate = 1e-05"
INFO  | 2026/05/26 00:55:01.288135 | [Submit] -> "Submitting EPOCH 66"
INFO  | 2026/05/26 00:56:06.004378 | [Train] -> "Training EPOCH 67"
INFO  | 2026/05/26 01:05:00.441252 | [Train] -> "Finished training EPOCH 67 with loss 0.7109833119119879, saving"
INFO  | 2026/05/26 01:05:00.618983 | [Validate] -> "Validating for EPOCH 67"
INFO  | 2026/05/26 01:05:57.614606 | [Validate] -> {"val": 0.783668419479548, "yes": 1126}
INFO  | 2026/05/26 01:05:57.616319 | [scheduler] -> "New learning rate = 1e-05"
INFO  | 2026/05/26 01:05:57.616370 | [Submit] -> "Submitting EPOCH 67"
INFO  | 2026/05/26 01:07:03.906215 | [Train] -> "Training EPOCH 68"
INFO  | 2026/05/26 01:15:59.806584 | [Train] -> "Finished training EPOCH 68 with loss 0.7082588326137139, saving"
INFO  | 2026/05/26 01:15:59.980591 | [Validate] -> "Validating for EPOCH 68"
INFO  | 2026/05/26 01:16:57.310692 | [Validate] -> {"val": 0.7795400449484909, "yes": 1171}
INFO  | 2026/05/26 01:16:57.312208 | [scheduler] -> "New learning rate = 1e-05"
INFO  | 2026/05/26 01:16:57.312264 | [Submit] -> "Submitting EPOCH 68"
INFO  | 2026/05/26 01:18:03.556607 | [Train] -> "Training EPOCH 69"
INFO  | 2026/05/26 01:27:01.335641 | [Train] -> "Finished training EPOCH 69 with loss 0.7076634995834535, saving"
INFO  | 2026/05/26 01:27:01.510908 | [Validate] -> "Validating for EPOCH 69"
INFO  | 2026/05/26 01:27:58.633166 | [Validate] -> {"val": 0.7922904764881878, "yes": 1159}
INFO  | 2026/05/26 01:27:58.634791 | [scheduler] -> "New learning rate = 1e-05"
INFO  | 2026/05/26 01:27:58.634837 | [Submit] -> "Submitting EPOCH 69"
INFO  | 2026/05/26 01:29:04.634303 | [Train] -> "Training EPOCH 70"
INFO  | 2026/05/26 01:38:00.466107 | [Train] -> "Finished training EPOCH 70 with loss 0.7090395579366705, saving"
INFO  | 2026/05/26 01:38:00.649249 | [Validate] -> "Validating for EPOCH 70"
INFO  | 2026/05/26 01:38:57.809810 | [Validate] -> {"val": 0.787617024753461, "yes": 1172}
INFO  | 2026/05/26 01:38:57.811489 | [scheduler] -> "New learning rate = 1e-05"
INFO  | 2026/05/26 01:38:57.811534 | [Submit] -> "Submitting EPOCH 70"
INFO  | 2026/05/26 01:40:04.080518 | [Train] -> "Training EPOCH 71"
INFO  | 2026/05/26 01:49:01.451998 | [Train] -> "Finished training EPOCH 71 with loss 0.7081904191052029, saving"
INFO  | 2026/05/26 01:49:01.643755 | [Validate] -> "Validating for EPOCH 71"
INFO  | 2026/05/26 01:49:59.782684 | [Validate] -> {"val": 0.7706261354128865, "yes": 1165}
INFO  | 2026/05/26 01:49:59.784175 | [scheduler] -> "New learning rate = 1e-05"
INFO  | 2026/05/26 01:49:59.784225 | [Submit] -> "Submitting EPOCH 71"
INFO  | 2026/05/26 01:51:06.976194 | [Train] -> "Training EPOCH 72"
INFO  | 2026/05/26 02:00:01.281316 | [Train] -> "Finished training EPOCH 72 with loss 0.7110002100890641, saving"
INFO  | 2026/05/26 02:00:01.470350 | [Validate] -> "Validating for EPOCH 72"
INFO  | 2026/05/26 02:00:58.441332 | [Validate] -> {"val": 0.7918526527033453, "yes": 1171}
INFO  | 2026/05/26 02:00:58.442862 | [scheduler] -> "New learning rate = 1e-05"
INFO  | 2026/05/26 02:00:58.442909 | [Submit] -> "Submitting EPOCH 72"
INFO  | 2026/05/26 02:02:04.411035 | [Train] -> "Training EPOCH 73"
INFO  | 2026/05/26 02:11:00.507981 | [Train] -> "Finished training EPOCH 73 with loss 0.7079356259881929, saving"
INFO  | 2026/05/26 02:11:00.693331 | [Validate] -> "Validating for EPOCH 73"
INFO  | 2026/05/26 02:11:58.090424 | [Validate] -> {"val": 0.7909701098071779, "yes": 1117}
INFO  | 2026/05/26 02:11:58.091259 | [scheduler] -> "New learning rate = 1e-05"
INFO  | 2026/05/26 02:11:58.091321 | [Submit] -> "Submitting EPOCH 73"
INFO  | 2026/05/26 02:13:03.631476 | [Train] -> "Training EPOCH 74"
INFO  | 2026/05/26 02:22:02.424684 | [Train] -> "Finished training EPOCH 74 with loss 0.7100447917348953, saving"
INFO  | 2026/05/26 02:22:02.619758 | [Validate] -> "Validating for EPOCH 74"
INFO  | 2026/05/26 02:22:59.760194 | [Validate] -> {"val": 0.7910513590512204, "yes": 1166}
INFO  | 2026/05/26 02:22:59.762292 | [scheduler] -> "New learning rate = 1e-05"
INFO  | 2026/05/26 02:22:59.762341 | [Submit] -> "Submitting EPOCH 74"
INFO  | 2026/05/26 02:24:05.676623 | [Train] -> "Training EPOCH 75"
INFO  | 2026/05/26 02:33:01.447429 | [Train] -> "Finished training EPOCH 75 with loss 0.7083799295192462, saving"
INFO  | 2026/05/26 02:33:01.619981 | [Validate] -> "Validating for EPOCH 75"
INFO  | 2026/05/26 02:33:58.650527 | [Validate] -> {"val": 0.7831798764733585, "yes": 1195}
INFO  | 2026/05/26 02:33:58.652242 | [scheduler] -> "New learning rate = 1e-05"
INFO  | 2026/05/26 02:33:58.652301 | [Submit] -> "Submitting EPOCH 75"
INFO  | 2026/05/26 02:35:05.284270 | [Train] -> "Training EPOCH 76"
INFO  | 2026/05/26 02:44:01.021722 | [Train] -> "Finished training EPOCH 76 with loss 0.7028655328637388, saving"
INFO  | 2026/05/26 02:44:01.194061 | [Validate] -> "Validating for EPOCH 76"
INFO  | 2026/05/26 02:44:58.191771 | [Validate] -> {"val": 0.7846698270961158, "yes": 1158}
INFO  | 2026/05/26 02:44:58.192936 | [scheduler] -> "New learning rate = 1e-05"
INFO  | 2026/05/26 02:44:58.193018 | [Submit] -> "Submitting EPOCH 76"
INFO  | 2026/05/26 02:46:03.599686 | [Train] -> "Training EPOCH 77"
INFO  | 2026/05/26 02:55:00.750266 | [Train] -> "Finished training EPOCH 77 with loss 0.7041821686721785, saving"
INFO  | 2026/05/26 02:55:00.930950 | [Validate] -> "Validating for EPOCH 77"
INFO  | 2026/05/26 02:55:58.017053 | [Validate] -> {"val": 0.8016980351504431, "yes": 1150}
INFO  | 2026/05/26 02:55:58.018789 | [scheduler] -> "New learning rate = 1e-05"
INFO  | 2026/05/26 02:55:58.018842 | [Submit] -> "Submitting EPOCH 77"
INFO  | 2026/05/26 02:57:03.914434 | [Train] -> "Training EPOCH 78"
INFO  | 2026/05/26 03:05:59.550247 | [Train] -> "Finished training EPOCH 78 with loss 0.7039127018806977, saving"
INFO  | 2026/05/26 03:05:59.729480 | [Validate] -> "Validating for EPOCH 78"
INFO  | 2026/05/26 03:06:56.677653 | [Validate] -> {"val": 0.7863854801447945, "yes": 1144}
INFO  | 2026/05/26 03:06:56.679051 | [scheduler] -> "New learning rate = 1e-05"
INFO  | 2026/05/26 03:06:56.679105 | [Submit] -> "Submitting EPOCH 78"
INFO  | 2026/05/26 03:08:03.221266 | [Train] -> "Training EPOCH 79"
INFO  | 2026/05/26 03:16:59.929383 | [Train] -> "Finished training EPOCH 79 with loss 0.7058810328487225, saving"
INFO  | 2026/05/26 03:17:00.119750 | [Validate] -> "Validating for EPOCH 79"
INFO  | 2026/05/26 03:17:57.254173 | [Validate] -> {"val": 0.8049262378065809, "yes": 1135}
INFO  | 2026/05/26 03:17:57.255132 | [scheduler] -> "New learning rate = 1e-05"
INFO  | 2026/05/26 03:17:57.255191 | [Submit] -> "Submitting EPOCH 79"
INFO  | 2026/05/26 03:19:02.808312 | [Train] -> "Training EPOCH 80"
INFO  | 2026/05/26 03:27:59.856338 | [Train] -> "Finished training EPOCH 80 with loss 0.708451356592397, saving"
INFO  | 2026/05/26 03:28:00.059775 | [Validate] -> "Validating for EPOCH 80"
INFO  | 2026/05/26 03:28:57.127031 | [Validate] -> {"val": 0.7952724184493439, "yes": 1206}
INFO  | 2026/05/26 03:28:57.128680 | [scheduler] -> "New learning rate = 1e-05"
INFO  | 2026/05/26 03:28:57.128727 | [Submit] -> "Submitting EPOCH 80"
INFO  | 2026/05/26 03:30:03.498756 | [Train] -> "Training EPOCH 81"
INFO  | 2026/05/26 03:39:00.074473 | [Train] -> "Finished training EPOCH 81 with loss 0.7028158551578179, saving"
INFO  | 2026/05/26 03:39:00.252521 | [Validate] -> "Validating for EPOCH 81"
INFO  | 2026/05/26 03:39:57.262572 | [Validate] -> {"val": 0.7904175755258754, "yes": 1189}
INFO  | 2026/05/26 03:39:57.263659 | [scheduler] -> "New learning rate = 1e-05"
INFO  | 2026/05/26 03:39:57.263707 | [Submit] -> "Submitting EPOCH 81"
INFO  | 2026/05/26 03:41:03.355367 | [Train] -> "Training EPOCH 82"
INFO  | 2026/05/26 03:50:02.887323 | [Train] -> "Finished training EPOCH 82 with loss 0.7022460284256519, saving"
INFO  | 2026/05/26 03:50:03.071204 | [Validate] -> "Validating for EPOCH 82"
INFO  | 2026/05/26 03:51:01.295151 | [Validate] -> {"val": 0.7770148738087387, "yes": 1205}
INFO  | 2026/05/26 03:51:01.297570 | [scheduler] -> "New learning rate = 1e-05"
INFO  | 2026/05/26 03:51:01.297626 | [Submit] -> "Submitting EPOCH 82"
INFO  | 2026/05/26 03:52:06.087512 | [Train] -> "Training EPOCH 83"
INFO  | 2026/05/26 04:01:01.357640 | [Train] -> "Finished training EPOCH 83 with loss 0.7025082662831748, saving"
INFO  | 2026/05/26 04:01:01.531451 | [Validate] -> "Validating for EPOCH 83"
INFO  | 2026/05/26 04:01:58.610398 | [Validate] -> {"val": 0.7875272726676469, "yes": 1182}
INFO  | 2026/05/26 04:01:58.611976 | [scheduler] -> "New learning rate = 1e-05"
INFO  | 2026/05/26 04:01:58.612024 | [Submit] -> "Submitting EPOCH 83"
INFO  | 2026/05/26 04:03:04.274370 | [Train] -> "Training EPOCH 84"
INFO  | 2026/05/26 04:12:01.116136 | [Train] -> "Finished training EPOCH 84 with loss 0.7015880337676367, saving"
INFO  | 2026/05/26 04:12:01.286929 | [Validate] -> "Validating for EPOCH 84"
INFO  | 2026/05/26 04:12:58.220328 | [Validate] -> {"val": 0.7925035813883949, "yes": 1182}
INFO  | 2026/05/26 04:12:58.222029 | [scheduler] -> "New learning rate = 1e-05"
INFO  | 2026/05/26 04:12:58.222075 | [Submit] -> "Submitting EPOCH 84"
INFO  | 2026/05/26 04:14:04.079148 | [Train] -> "Training EPOCH 85"
INFO  | 2026/05/26 04:23:00.788577 | [Train] -> "Finished training EPOCH 85 with loss 0.6982377526476393, saving"
INFO  | 2026/05/26 04:23:00.966720 | [Validate] -> "Validating for EPOCH 85"
INFO  | 2026/05/26 04:23:58.132386 | [Validate] -> {"val": 0.8091571299347081, "yes": 1133}
INFO  | 2026/05/26 04:23:58.134363 | [scheduler] -> "New learning rate = 1e-05"
INFO  | 2026/05/26 04:23:58.134415 | [Submit] -> "Submitting EPOCH 85"
INFO  | 2026/05/26 04:25:03.592704 | [Train] -> "Training EPOCH 86"
INFO  | 2026/05/26 04:33:58.975125 | [Train] -> "Finished training EPOCH 86 with loss 0.6997461732655894, saving"
INFO  | 2026/05/26 04:33:59.213751 | [Validate] -> "Validating for EPOCH 86"
INFO  | 2026/05/26 04:34:56.289539 | [Validate] -> {"val": 0.8006125616148082, "yes": 1188}
INFO  | 2026/05/26 04:34:56.291520 | [scheduler] -> "New learning rate = 1e-05"
INFO  | 2026/05/26 04:34:56.291566 | [Submit] -> "Submitting EPOCH 86"
INFO  | 2026/05/26 04:36:02.202145 | [Train] -> "Training EPOCH 87"
INFO  | 2026/05/26 04:44:57.969854 | [Train] -> "Finished training EPOCH 87 with loss 0.6996204865095917, saving"
INFO  | 2026/05/26 04:44:58.144984 | [Validate] -> "Validating for EPOCH 87"
INFO  | 2026/05/26 04:45:55.242901 | [Validate] -> {"val": 0.7969555220609115, "yes": 1197}
INFO  | 2026/05/26 04:45:55.245127 | [scheduler] -> "New learning rate = 1e-05"
INFO  | 2026/05/26 04:45:55.245183 | [Submit] -> "Submitting EPOCH 87"
INFO  | 2026/05/26 04:47:01.671417 | [Train] -> "Training EPOCH 88"
INFO  | 2026/05/26 04:56:00.007185 | [Train] -> "Finished training EPOCH 88 with loss 0.6965754836569967, saving"
INFO  | 2026/05/26 04:56:00.196177 | [Validate] -> "Validating for EPOCH 88"
INFO  | 2026/05/26 04:56:57.272147 | [Validate] -> {"val": 0.80170221448979, "yes": 1111}
INFO  | 2026/05/26 04:56:57.274902 | [scheduler] -> "New learning rate = 1e-05"
INFO  | 2026/05/26 04:56:57.274954 | [Submit] -> "Submitting EPOCH 88"
INFO  | 2026/05/26 04:58:04.284316 | [Train] -> "Training EPOCH 89"
INFO  | 2026/05/26 05:07:01.607374 | [Train] -> "Finished training EPOCH 89 with loss 0.6959308586754392, saving"
INFO  | 2026/05/26 05:07:01.790941 | [Validate] -> "Validating for EPOCH 89"
INFO  | 2026/05/26 05:07:58.901349 | [Validate] -> {"val": 0.7909309167148234, "yes": 1152}
INFO  | 2026/05/26 05:07:58.902247 | [scheduler] -> "New learning rate = 1e-05"
INFO  | 2026/05/26 05:07:58.902303 | [Submit] -> "Submitting EPOCH 89"
INFO  | 2026/05/26 05:09:04.192226 | [Train] -> "Training EPOCH 90"
INFO  | 2026/05/26 05:18:04.441637 | [Train] -> "Finished training EPOCH 90 with loss 0.6997622179282285, saving"
INFO  | 2026/05/26 05:18:04.626582 | [Validate] -> "Validating for EPOCH 90"
INFO  | 2026/05/26 05:19:01.820262 | [Validate] -> {"val": 0.8005542901875916, "yes": 1139}
INFO  | 2026/05/26 05:19:01.823592 | [scheduler] -> "New learning rate = 1e-05"
INFO  | 2026/05/26 05:19:01.823667 | [Submit] -> "Submitting EPOCH 90"
INFO  | 2026/05/26 05:20:08.106721 | [Train] -> "Training EPOCH 91"
INFO  | 2026/05/26 05:29:05.846534 | [Train] -> "Finished training EPOCH 91 with loss 0.7016538916944677, saving"
INFO  | 2026/05/26 05:29:06.017326 | [Validate] -> "Validating for EPOCH 91"
INFO  | 2026/05/26 05:30:03.045275 | [Validate] -> {"val": 0.7715453756346878, "yes": 1184}
INFO  | 2026/05/26 05:30:03.046293 | [scheduler] -> "New learning rate = 1e-05"
INFO  | 2026/05/26 05:30:03.046348 | [Submit] -> "Submitting EPOCH 91"
INFO  | 2026/05/26 05:31:09.421395 | [Train] -> "Training EPOCH 92"
INFO  | 2026/05/26 05:40:06.556571 | [Train] -> "Finished training EPOCH 92 with loss 0.6941222465357145, saving"
INFO  | 2026/05/26 05:40:06.743698 | [Validate] -> "Validating for EPOCH 92"
INFO  | 2026/05/26 05:41:03.717121 | [Validate] -> {"val": 0.7996512966921427, "yes": 1176}
INFO  | 2026/05/26 05:41:03.718140 | [scheduler] -> "New learning rate = 1e-05"
INFO  | 2026/05/26 05:41:03.718189 | [Submit] -> "Submitting EPOCH 92"
INFO  | 2026/05/26 05:42:10.374174 | [Train] -> "Training EPOCH 93"
INFO  | 2026/05/26 05:51:10.149975 | [Train] -> "Finished training EPOCH 93 with loss 0.6936138418531574, saving"
INFO  | 2026/05/26 05:51:10.341267 | [Validate] -> "Validating for EPOCH 93"
INFO  | 2026/05/26 05:52:07.623069 | [Validate] -> {"val": 0.7986251706996864, "yes": 1162}
INFO  | 2026/05/26 05:52:07.625820 | [scheduler] -> "New learning rate = 1e-05"
INFO  | 2026/05/26 05:52:07.625875 | [Submit] -> "Submitting EPOCH 93"
INFO  | 2026/05/26 05:53:12.722453 | [Train] -> "Training EPOCH 94"
INFO  | 2026/05/26 06:02:10.148428 | [Train] -> "Finished training EPOCH 94 with loss 0.6993268053149032, saving"
INFO  | 2026/05/26 06:02:10.331805 | [Validate] -> "Validating for EPOCH 94"
INFO  | 2026/05/26 06:03:07.228435 | [Validate] -> {"val": 0.7931397907645997, "yes": 1198}
INFO  | 2026/05/26 06:03:07.229969 | [scheduler] -> "New learning rate = 1e-05"
INFO  | 2026/05/26 06:03:07.230022 | [Submit] -> "Submitting EPOCH 94"
INFO  | 2026/05/26 06:04:13.389679 | [Train] -> "Training EPOCH 95"
INFO  | 2026/05/26 06:13:11.126303 | [Train] -> "Finished training EPOCH 95 with loss 0.6914142583980831, saving"
INFO  | 2026/05/26 06:13:11.321017 | [Validate] -> "Validating for EPOCH 95"
INFO  | 2026/05/26 06:14:08.364632 | [Validate] -> {"val": 0.7856102824017179, "yes": 1233}
INFO  | 2026/05/26 06:14:08.366095 | [scheduler] -> "New learning rate = 1e-05"
INFO  | 2026/05/26 06:14:08.366138 | [Submit] -> "Submitting EPOCH 95"
INFO  | 2026/05/26 06:15:14.483808 | [Train] -> "Training EPOCH 96"
INFO  | 2026/05/26 06:24:09.133644 | [Train] -> "Finished training EPOCH 96 with loss 0.6964481538039629, saving"
INFO  | 2026/05/26 06:24:09.317843 | [Validate] -> "Validating for EPOCH 96"
INFO  | 2026/05/26 06:25:06.469838 | [Validate] -> {"val": 0.7888165155744863, "yes": 1120}
INFO  | 2026/05/26 06:25:06.471559 | [scheduler] -> "New learning rate = 1e-05"
INFO  | 2026/05/26 06:25:06.471620 | [Submit] -> "Submitting EPOCH 96"
INFO  | 2026/05/26 06:26:12.343968 | [Train] -> "Training EPOCH 97"
INFO  | 2026/05/26 06:35:07.180763 | [Train] -> "Finished training EPOCH 97 with loss 0.6922478297294228, saving"
INFO  | 2026/05/26 06:35:07.352697 | [Validate] -> "Validating for EPOCH 97"
INFO  | 2026/05/26 06:36:04.450871 | [Validate] -> {"val": 0.7880089052199283, "yes": 1204}
INFO  | 2026/05/26 06:36:04.452343 | [scheduler] -> "New learning rate = 1e-05"
INFO  | 2026/05/26 06:36:04.452400 | [Submit] -> "Submitting EPOCH 97"
INFO  | 2026/05/26 06:37:10.499680 | [Train] -> "Training EPOCH 98"
INFO  | 2026/05/26 06:46:07.788200 | [Train] -> "Finished training EPOCH 98 with loss 0.6910630780796817, saving"
INFO  | 2026/05/26 06:46:07.962615 | [Validate] -> "Validating for EPOCH 98"
INFO  | 2026/05/26 06:47:05.049767 | [Validate] -> {"val": 0.8135034245420691, "yes": 1182}
INFO  | 2026/05/26 06:47:05.051679 | [scheduler] -> "New learning rate = 1e-05"
INFO  | 2026/05/26 06:47:05.051746 | [Submit] -> "Submitting EPOCH 98"
INFO  | 2026/05/26 06:48:11.539718 | [Train] -> "Training EPOCH 99"
INFO  | 2026/05/26 06:57:09.864156 | [Train] -> "Finished training EPOCH 99 with loss 0.6931517078301271, saving"
INFO  | 2026/05/26 06:57:10.041799 | [Validate] -> "Validating for EPOCH 99"
INFO  | 2026/05/26 06:58:07.344754 | [Validate] -> {"val": 0.784178984494892, "yes": 1175}
INFO  | 2026/05/26 06:58:07.346482 | [scheduler] -> "New learning rate = 1e-05"
INFO  | 2026/05/26 06:58:07.346530 | [Submit] -> "Submitting EPOCH 99"
INFO  | 2026/05/26 10:00:58.346499 | [Train] -> "Training EPOCH 100"
INFO  | 2026/05/26 10:10:00.652544 | [Train] -> "Finished training EPOCH 100 with loss 0.7127152495899576, saving"
INFO  | 2026/05/26 10:10:00.848089 | [Validate] -> "Validating for EPOCH 100"
INFO  | 2026/05/26 10:10:59.630714 | [Validate] -> {"val": 0.8209259422766672, "yes": 1162}
INFO  | 2026/05/26 10:10:59.633854 | [scheduler] -> "New learning rate = 0.0001"
INFO  | 2026/05/26 10:10:59.633913 | [Submit] -> "Submitting EPOCH 100"
INFO  | 2026/05/26 10:12:05.922456 | [Train] -> "Training EPOCH 101"
INFO  | 2026/05/26 10:21:01.332854 | [Train] -> "Finished training EPOCH 101 with loss 0.7186024860035645, saving"
INFO  | 2026/05/26 10:21:01.504254 | [Validate] -> "Validating for EPOCH 101"
INFO  | 2026/05/26 10:21:58.004706 | [Validate] -> {"val": 0.7981350194994126, "yes": 1147}
INFO  | 2026/05/26 10:21:58.005393 | [scheduler] -> "New learning rate = 0.0001"
INFO  | 2026/05/26 10:21:58.005439 | [Submit] -> "Submitting EPOCH 101"
INFO  | 2026/05/26 10:23:08.202224 | [Train] -> "Training EPOCH 102"
INFO  | 2026/05/26 10:32:06.323235 | [Train] -> "Finished training EPOCH 102 with loss 0.7087362889509534, saving"
INFO  | 2026/05/26 10:32:06.612985 | [Validate] -> "Validating for EPOCH 102"
INFO  | 2026/05/26 10:33:03.111544 | [Validate] -> {"val": 0.7952497197464593, "yes": 1094}
INFO  | 2026/05/26 10:33:03.113277 | [scheduler] -> "New learning rate = 0.0001"
INFO  | 2026/05/26 10:33:03.113320 | [Submit] -> "Submitting EPOCH 102"
INFO  | 2026/05/26 10:34:07.671298 | [Train] -> "Training EPOCH 103"
INFO  | 2026/05/26 10:43:08.964084 | [Train] -> "Finished training EPOCH 103 with loss 0.7082868094137141, saving"
INFO  | 2026/05/26 10:43:09.175068 | [Validate] -> "Validating for EPOCH 103"
INFO  | 2026/05/26 10:44:06.392677 | [Validate] -> {"val": 0.822606961083257, "yes": 1154}
INFO  | 2026/05/26 10:44:06.394725 | [scheduler] -> "New learning rate = 0.0001"
INFO  | 2026/05/26 10:44:06.394774 | [Submit] -> "Submitting EPOCH 103"
INFO  | 2026/05/26 10:45:12.643862 | [Train] -> "Training EPOCH 104"
INFO  | 2026/05/26 10:54:15.663049 | [Train] -> "Finished training EPOCH 104 with loss 0.7065452193459049, saving"
INFO  | 2026/05/26 10:54:15.947944 | [Validate] -> "Validating for EPOCH 104"
INFO  | 2026/05/26 10:55:12.500278 | [Validate] -> {"val": 0.7877036907150533, "yes": 1203}
INFO  | 2026/05/26 10:55:12.501054 | [scheduler] -> "New learning rate = 0.0001"
INFO  | 2026/05/26 10:55:12.501108 | [Submit] -> "Submitting EPOCH 104"
INFO  | 2026/05/26 10:56:17.454257 | [Train] -> "Training EPOCH 105"
INFO  | 2026/05/26 11:05:08.760062 | [Train] -> "Finished training EPOCH 105 with loss 0.6981765596301795, saving"
INFO  | 2026/05/26 11:05:08.977966 | [Validate] -> "Validating for EPOCH 105"
INFO  | 2026/05/26 11:06:05.457095 | [Validate] -> {"val": 0.7879886664046124, "yes": 1239}
INFO  | 2026/05/26 11:06:05.458510 | [scheduler] -> "New learning rate = 0.0001"
INFO  | 2026/05/26 11:06:05.458557 | [Submit] -> "Submitting EPOCH 105"
INFO  | 2026/05/26 11:07:10.405300 | [Train] -> "Training EPOCH 106"
INFO  | 2026/05/26 11:16:01.939882 | [Train] -> "Finished training EPOCH 106 with loss 0.6953248881031332, saving"
INFO  | 2026/05/26 11:16:02.110754 | [Validate] -> "Validating for EPOCH 106"
INFO  | 2026/05/26 11:16:58.923832 | [Validate] -> {"val": 0.7893486063676904, "yes": 1184}
INFO  | 2026/05/26 11:16:58.925140 | [scheduler] -> "New learning rate = 0.0001"
INFO  | 2026/05/26 11:16:58.925193 | [Submit] -> "Submitting EPOCH 106"
INFO  | 2026/05/26 11:18:05.376177 | [Train] -> "Training EPOCH 107"
INFO  | 2026/05/26 11:26:57.729369 | [Train] -> "Finished training EPOCH 107 with loss 0.6988977138034381, saving"
INFO  | 2026/05/26 11:26:57.908180 | [Validate] -> "Validating for EPOCH 107"
INFO  | 2026/05/26 11:27:54.708167 | [Validate] -> {"val": 0.7927692223526134, "yes": 1143}
INFO  | 2026/05/26 11:27:54.709620 | [scheduler] -> "New learning rate = 0.0001"
INFO  | 2026/05/26 11:27:54.709676 | [Submit] -> "Submitting EPOCH 107"
INFO  | 2026/05/26 11:28:59.592001 | [Train] -> "Training EPOCH 108"
INFO  | 2026/05/26 11:37:51.926312 | [Train] -> "Finished training EPOCH 108 with loss 0.6917523022692277, saving"
INFO  | 2026/05/26 11:37:52.100011 | [Validate] -> "Validating for EPOCH 108"
INFO  | 2026/05/26 11:38:48.811776 | [Validate] -> {"val": 0.8183533928787372, "yes": 1181}
INFO  | 2026/05/26 11:38:48.812790 | [scheduler] -> "New learning rate = 1e-05"
INFO  | 2026/05/26 11:38:48.812848 | [Submit] -> "Submitting EPOCH 108"
INFO  | 2026/05/26 11:39:54.513096 | [Train] -> "Training EPOCH 109"
INFO  | 2026/05/26 11:48:47.280737 | [Train] -> "Finished training EPOCH 109 with loss 0.6785587422777472, saving"
INFO  | 2026/05/26 11:48:47.464337 | [Validate] -> "Validating for EPOCH 109"
INFO  | 2026/05/26 11:49:44.345627 | [Validate] -> {"val": 0.796362868875847, "yes": 1172}
INFO  | 2026/05/26 11:49:44.347170 | [scheduler] -> "New learning rate = 1e-05"
INFO  | 2026/05/26 11:49:44.347223 | [Submit] -> "Submitting EPOCH 109"
INFO  | 2026/05/26 11:50:50.486204 | [Train] -> "Training EPOCH 110"
INFO  | 2026/05/26 11:59:43.771074 | [Train] -> "Finished training EPOCH 110 with loss 0.6696405824615446, saving"
INFO  | 2026/05/26 11:59:43.961155 | [Validate] -> "Validating for EPOCH 110"
INFO  | 2026/05/26 12:00:40.832147 | [Validate] -> {"val": 0.793461278759735, "yes": 1192}
INFO  | 2026/05/26 12:00:40.833510 | [scheduler] -> "New learning rate = 1e-05"
INFO  | 2026/05/26 12:00:40.833555 | [Submit] -> "Submitting EPOCH 110"
INFO  | 2026/05/26 12:01:46.471598 | [Train] -> "Training EPOCH 111"
INFO  | 2026/05/26 12:10:39.844423 | [Train] -> "Finished training EPOCH 111 with loss 0.6635122905977429, saving"
INFO  | 2026/05/26 12:10:40.036059 | [Validate] -> "Validating for EPOCH 111"
INFO  | 2026/05/26 12:11:36.958662 | [Validate] -> {"val": 0.7766787831928105, "yes": 1180}
INFO  | 2026/05/26 12:11:36.960113 | [scheduler] -> "New learning rate = 1e-05"
INFO  | 2026/05/26 12:11:36.960177 | [Submit] -> "Submitting EPOCH 111"
INFO  | 2026/05/26 12:12:42.523770 | [Train] -> "Training EPOCH 112"
INFO  | 2026/05/26 12:21:42.369806 | [Train] -> "Finished training EPOCH 112 with loss 0.6620212951309036, saving"
INFO  | 2026/05/26 12:21:42.566629 | [Validate] -> "Validating for EPOCH 112"
INFO  | 2026/05/26 12:22:41.236856 | [Validate] -> {"val": 0.8023449834153347, "yes": 1232}
INFO  | 2026/05/26 12:22:41.239352 | [scheduler] -> "New learning rate = 1e-05"
INFO  | 2026/05/26 12:22:41.239446 | [Submit] -> "Submitting EPOCH 112"
INFO  | 2026/05/26 12:23:50.933705 | [Train] -> "Training EPOCH 113"
INFO  | 2026/05/26 12:33:10.480239 | [Train] -> "Finished training EPOCH 113 with loss 0.6606593868780605, saving"
INFO  | 2026/05/26 12:33:10.668105 | [Validate] -> "Validating for EPOCH 113"
INFO  | 2026/05/26 12:34:08.590347 | [Validate] -> {"val": 0.8000590950897096, "yes": 1221}
INFO  | 2026/05/26 12:34:08.590899 | [scheduler] -> "New learning rate = 1e-05"
INFO  | 2026/05/26 12:34:08.590977 | [Submit] -> "Submitting EPOCH 113"
INFO  | 2026/05/26 12:35:17.094821 | [Train] -> "Training EPOCH 114"
INFO  | 2026/05/26 12:44:36.402672 | [Train] -> "Finished training EPOCH 114 with loss 0.6605937238213276, saving"
INFO  | 2026/05/26 12:44:36.616882 | [Validate] -> "Validating for EPOCH 114"
INFO  | 2026/05/26 12:45:35.251434 | [Validate] -> {"val": 0.7779719054440356, "yes": 1235}
INFO  | 2026/05/26 12:45:35.252242 | [scheduler] -> "New learning rate = 1e-05"
INFO  | 2026/05/26 12:45:35.252301 | [Submit] -> "Submitting EPOCH 114"
INFO  | 2026/05/26 12:46:42.346152 | [Train] -> "Training EPOCH 115"
INFO  | 2026/05/26 12:56:04.394465 | [Train] -> "Finished training EPOCH 115 with loss 0.6575133101323286, saving"
INFO  | 2026/05/26 12:56:04.611804 | [Validate] -> "Validating for EPOCH 115"
INFO  | 2026/05/26 12:57:03.016984 | [Validate] -> {"val": 0.7879707608331569, "yes": 1220}
INFO  | 2026/05/26 12:57:03.019526 | [scheduler] -> "New learning rate = 1e-05"
INFO  | 2026/05/26 12:57:03.019803 | [Submit] -> "Submitting EPOCH 115"
INFO  | 2026/05/26 12:58:11.028782 | [Train] -> "Training EPOCH 116"
INFO  | 2026/05/26 13:00:13.900903 | [Train] -> "Training EPOCH 116"
INFO  | 2026/05/26 13:07:07.423864 | [Train] -> "Training EPOCH 116"
INFO  | 2026/05/26 13:07:31.279297 | [Train] -> "Finished training EPOCH 116 with loss 0.6635782638946995, saving"
INFO  | 2026/05/26 13:07:31.466450 | [Validate] -> "Validating for EPOCH 116"
INFO  | 2026/05/26 13:08:29.839589 | [Validate] -> {"val": 0.7909284087297973, "yes": 1172}
INFO  | 2026/05/26 13:08:29.840366 | [scheduler] -> "New learning rate = 1e-05"
INFO  | 2026/05/26 13:08:29.840409 | [Submit] -> "Submitting EPOCH 116"
INFO  | 2026/05/26 13:09:34.882642 | [Train] -> "Training EPOCH 117"
INFO  | 2026/05/26 13:18:50.658815 | [Train] -> "Finished training EPOCH 117 with loss 0.6574984302004092, saving"
INFO  | 2026/05/26 13:18:50.831784 | [Validate] -> "Validating for EPOCH 117"
INFO  | 2026/05/26 13:19:48.819057 | [Validate] -> {"val": 0.792275203541406, "yes": 1147}
INFO  | 2026/05/26 13:19:48.819823 | [scheduler] -> "New learning rate = 1e-05"
INFO  | 2026/05/26 13:19:48.819869 | [Submit] -> "Submitting EPOCH 117"
INFO  | 2026/05/26 13:20:56.067829 | [Train] -> "Training EPOCH 118"
INFO  | 2026/05/26 13:30:18.158754 | [Train] -> "Finished training EPOCH 118 with loss 0.6544945533814388, saving"
INFO  | 2026/05/26 13:30:18.375763 | [Validate] -> "Validating for EPOCH 118"
INFO  | 2026/05/26 13:31:17.571162 | [Validate] -> {"val": 0.7836100024670168, "yes": 1266}
INFO  | 2026/05/26 13:31:17.572620 | [scheduler] -> "New learning rate = 1e-05"
INFO  | 2026/05/26 13:31:17.572665 | [Submit] -> "Submitting EPOCH 118"
INFO  | 2026/05/26 13:32:24.246698 | [Train] -> "Training EPOCH 119"
INFO  | 2026/05/26 13:40:16.564992 | [Train] -> "Training EPOCH 119"
INFO  | 2026/05/26 13:41:38.467242 | [Train] -> "Finished training EPOCH 119 with loss 0.6499405245593541, saving"
INFO  | 2026/05/26 13:41:38.662172 | [Validate] -> "Validating for EPOCH 119"
INFO  | 2026/05/26 13:42:04.677389 | [Train] -> "Training EPOCH 120"
INFO  | 2026/05/26 13:42:26.786987 | [Train] -> "Training EPOCH 120"
INFO  | 2026/05/26 13:42:36.328381 | [Validate] -> {"val": 0.7708831049356439, "yes": 1230}
INFO  | 2026/05/26 13:42:36.329353 | [scheduler] -> "New learning rate = 1e-05"
INFO  | 2026/05/26 13:42:36.329397 | [Submit] -> "Submitting EPOCH 119"
INFO  | 2026/05/26 13:43:13.911014 | [Train] -> "Training EPOCH 120"
INFO  | 2026/05/26 13:43:27.718912 | [Train] -> "Training EPOCH 120"
INFO  | 2026/05/26 13:43:36.283735 | [Train] -> "Training EPOCH 120"
INFO  | 2026/05/26 13:43:45.429346 | [Train] -> "Training EPOCH 120"
INFO  | 2026/05/26 13:44:09.371342 | [Train] -> "Training EPOCH 120"
INFO  | 2026/05/26 13:44:38.018681 | [Train] -> "Training EPOCH 120"
INFO  | 2026/05/26 13:53:07.116165 | [Train] -> "Finished training EPOCH 120 with loss 0.6523073522219491, saving"
INFO  | 2026/05/26 13:53:07.368469 | [Validate] -> "Validating for EPOCH 120"
INFO  | 2026/05/26 13:54:04.760541 | [Validate] -> {"val": 0.8150627580744066, "yes": 1199}
INFO  | 2026/05/26 13:54:04.761575 | [scheduler] -> "New learning rate = 1e-05"
INFO  | 2026/05/26 13:54:04.761627 | [Submit] -> "Submitting EPOCH 120"
INFO  | 2026/05/26 13:55:10.772163 | [Train] -> "Training EPOCH 121"
INFO  | 2026/05/26 16:18:00.571302 | [Train] -> "Training EPOCH 121"
INFO  | 2026/05/26 16:19:00.623476 | [Train] -> "Training EPOCH 0"
INFO  | 2026/05/26 16:19:26.243117 | [Train] -> "Training EPOCH 0"
INFO  | 2026/05/26 16:19:46.681676 | [Train] -> "Training EPOCH 0"
INFO  | 2026/05/26 16:27:38.509959 | [Train] -> "Finished training EPOCH 0 with loss 0.0024372552147982323, saving"
INFO  | 2026/05/26 16:27:38.708433 | [Validate] -> "Validating for EPOCH 0"
INFO  | 2026/05/26 16:29:03.200144 | [Validate] -> {"val": 0.0022636039993390008, "yes": 1904}
INFO  | 2026/05/26 16:29:03.201490 | [Submit] -> "Submitting EPOCH 0"
INFO  | 2026/05/26 16:30:09.163535 | [scheduler] -> "New learning rate = 0.0001"
INFO  | 2026/05/26 16:30:09.164151 | [Train] -> "Training EPOCH 1"
INFO  | 2026/05/26 16:38:00.393962 | [Train] -> "Finished training EPOCH 1 with loss 0.002278190460694356, saving"
INFO  | 2026/05/26 16:38:00.572427 | [Validate] -> "Validating for EPOCH 1"
INFO  | 2026/05/26 16:39:24.817340 | [Validate] -> {"val": 0.002088015075779092, "yes": 1900}
INFO  | 2026/05/26 16:39:24.819666 | [Submit] -> "Submitting EPOCH 1"
INFO  | 2026/05/26 16:40:30.891773 | [scheduler] -> "New learning rate = 0.0001"
INFO  | 2026/05/26 16:40:30.892431 | [Train] -> "Training EPOCH 2"
INFO  | 2026/05/26 16:48:22.473582 | [Train] -> "Finished training EPOCH 2 with loss 0.0021790739958322492, saving"
INFO  | 2026/05/26 16:48:22.655165 | [Validate] -> "Validating for EPOCH 2"
INFO  | 2026/05/26 16:49:46.888515 | [Validate] -> {"val": 0.0020603862738129844, "yes": 1930}
INFO  | 2026/05/26 16:49:46.890927 | [Submit] -> "Submitting EPOCH 2"
INFO  | 2026/05/26 16:50:52.925974 | [scheduler] -> "New learning rate = 0.0001"
INFO  | 2026/05/26 16:50:52.927633 | [Train] -> "Training EPOCH 3"
INFO  | 2026/05/26 16:58:46.074867 | [Train] -> "Finished training EPOCH 3 with loss 0.0021281853344326264, saving"
INFO  | 2026/05/26 16:58:46.252641 | [Validate] -> "Validating for EPOCH 3"
INFO  | 2026/05/26 17:00:11.374659 | [Validate] -> {"val": 0.002056737223113508, "yes": 1951}
INFO  | 2026/05/26 17:00:11.376464 | [Submit] -> "Submitting EPOCH 3"
INFO  | 2026/05/26 17:01:17.053381 | [scheduler] -> "New learning rate = 0.0001"
INFO  | 2026/05/26 17:01:17.053993 | [Train] -> "Training EPOCH 4"
INFO  | 2026/05/26 17:09:08.298357 | [Train] -> "Finished training EPOCH 4 with loss 0.0020812047933405292, saving"
INFO  | 2026/05/26 17:09:08.468450 | [Validate] -> "Validating for EPOCH 4"
INFO  | 2026/05/26 17:10:32.864702 | [Validate] -> {"val": 0.0020489583678914474, "yes": 1952}
INFO  | 2026/05/26 17:10:32.866035 | [Submit] -> "Submitting EPOCH 4"
INFO  | 2026/05/26 17:11:39.184199 | [scheduler] -> "New learning rate = 0.0001"
INFO  | 2026/05/26 17:11:39.184931 | [Train] -> "Training EPOCH 5"
INFO  | 2026/05/26 17:19:32.963346 | [Train] -> "Finished training EPOCH 5 with loss 0.0020570430890845593, saving"
INFO  | 2026/05/26 17:19:33.147604 | [Validate] -> "Validating for EPOCH 5"
INFO  | 2026/05/26 17:20:57.463412 | [Validate] -> {"val": 0.0020480916078498878, "yes": 2031}
INFO  | 2026/05/26 17:20:57.464357 | [Submit] -> "Submitting EPOCH 5"
INFO  | 2026/05/26 17:22:03.236258 | [scheduler] -> "New learning rate = 0.0001"
INFO  | 2026/05/26 17:22:03.236846 | [Train] -> "Training EPOCH 6"
INFO  | 2026/05/26 17:29:56.709894 | [Train] -> "Finished training EPOCH 6 with loss 0.002026971912437998, saving"
INFO  | 2026/05/26 17:29:56.887471 | [Validate] -> "Validating for EPOCH 6"
INFO  | 2026/05/26 17:31:20.985161 | [Validate] -> {"val": 0.0020621769604182443, "yes": 2045}
INFO  | 2026/05/26 17:31:20.986554 | [Submit] -> "Submitting EPOCH 6"
INFO  | 2026/05/26 17:32:26.653549 | [scheduler] -> "New learning rate = 0.0001"
INFO  | 2026/05/26 17:32:26.654174 | [Train] -> "Training EPOCH 7"
INFO  | 2026/05/26 17:40:21.882727 | [Train] -> "Finished training EPOCH 7 with loss 0.002004415842028468, saving"
INFO  | 2026/05/26 17:40:22.153243 | [Validate] -> "Validating for EPOCH 7"
INFO  | 2026/05/26 17:41:56.397270 | [Validate] -> {"val": 0.0020927968843627537, "yes": 1997}
INFO  | 2026/05/26 17:41:56.416358 | [Submit] -> "Submitting EPOCH 7"
INFO  | 2026/05/26 17:43:19.187891 | [scheduler] -> "New learning rate = 0.0001"
INFO  | 2026/05/26 17:43:19.189232 | [Train] -> "Training EPOCH 8"
INFO  | 2026/05/26 17:51:27.554395 | [Train] -> "Finished training EPOCH 8 with loss 0.0019850856591541195, saving"
INFO  | 2026/05/26 17:51:27.785471 | [Validate] -> "Validating for EPOCH 8"
INFO  | 2026/05/26 17:52:55.045318 | [Validate] -> {"val": 0.0020939566511092274, "yes": 1966}
INFO  | 2026/05/26 17:52:55.047881 | [Submit] -> "Submitting EPOCH 8"
INFO  | 2026/05/26 17:54:05.312867 | [scheduler] -> "New learning rate = 0.0001"
INFO  | 2026/05/26 17:54:05.313500 | [Train] -> "Training EPOCH 9"
INFO  | 2026/05/26 18:02:11.644437 | [Train] -> "Finished training EPOCH 9 with loss 0.001964278398023634, saving"
INFO  | 2026/05/26 18:02:11.835318 | [Validate] -> "Validating for EPOCH 9"
INFO  | 2026/05/26 18:03:38.147007 | [Validate] -> {"val": 0.0021083193223603303, "yes": 1976}
INFO  | 2026/05/26 18:03:38.148808 | [Submit] -> "Submitting EPOCH 9"
INFO  | 2026/05/26 18:04:43.587263 | [scheduler] -> "New learning rate = 1e-05"
INFO  | 2026/05/26 18:04:43.587975 | [Train] -> "Training EPOCH 10"
INFO  | 2026/05/26 18:12:36.826630 | [Train] -> "Finished training EPOCH 10 with loss 0.0019494055183908998, saving"
INFO  | 2026/05/26 18:12:37.018711 | [Validate] -> "Validating for EPOCH 10"
INFO  | 2026/05/26 18:14:01.629570 | [Validate] -> {"val": 0.00208939762050313, "yes": 2042}
INFO  | 2026/05/26 18:14:01.632644 | [Submit] -> "Submitting EPOCH 10"
INFO  | 2026/05/26 18:15:07.466219 | [scheduler] -> "New learning rate = 1e-05"
INFO  | 2026/05/26 18:15:07.466848 | [Train] -> "Training EPOCH 11"
INFO  | 2026/05/26 18:23:00.036876 | [Train] -> "Finished training EPOCH 11 with loss 0.001942858265022344, saving"
INFO  | 2026/05/26 18:23:00.221964 | [Validate] -> "Validating for EPOCH 11"
INFO  | 2026/05/26 18:24:24.641657 | [Validate] -> {"val": 0.0021057891607660865, "yes": 2053}
INFO  | 2026/05/26 18:24:24.642530 | [Submit] -> "Submitting EPOCH 11"
INFO  | 2026/05/26 18:25:29.731378 | [scheduler] -> "New learning rate = 1e-05"
INFO  | 2026/05/26 18:25:29.731976 | [Train] -> "Training EPOCH 12"
INFO  | 2026/05/26 18:33:20.217892 | [Train] -> "Finished training EPOCH 12 with loss 0.0019337879052832492, saving"
INFO  | 2026/05/26 18:33:20.392643 | [Validate] -> "Validating for EPOCH 12"
INFO  | 2026/05/26 18:34:44.517505 | [Validate] -> {"val": 0.002097217369568128, "yes": 2042}
INFO  | 2026/05/26 18:34:44.519406 | [Submit] -> "Submitting EPOCH 12"
INFO  | 2026/05/26 18:35:50.115570 | [scheduler] -> "New learning rate = 1e-05"
INFO  | 2026/05/26 18:35:50.116203 | [Train] -> "Training EPOCH 13"
INFO  | 2026/05/26 18:43:41.171327 | [Train] -> "Finished training EPOCH 13 with loss 0.0019278166597677146, saving"
INFO  | 2026/05/26 18:43:41.362903 | [Validate] -> "Validating for EPOCH 13"
INFO  | 2026/05/26 18:45:05.668676 | [Validate] -> {"val": 0.002098453480484327, "yes": 2050}
INFO  | 2026/05/26 18:45:05.671628 | [Submit] -> "Submitting EPOCH 13"
INFO  | 2026/05/26 18:46:12.182569 | [scheduler] -> "New learning rate = 1e-05"
INFO  | 2026/05/26 18:46:12.183181 | [Train] -> "Training EPOCH 14"
INFO  | 2026/05/26 18:54:03.606717 | [Train] -> "Finished training EPOCH 14 with loss 0.001926165166009229, saving"
INFO  | 2026/05/26 18:54:03.995695 | [Validate] -> "Validating for EPOCH 14"
INFO  | 2026/05/26 18:55:28.137910 | [Validate] -> {"val": 0.0021090736742291143, "yes": 2040}
INFO  | 2026/05/26 18:55:28.139638 | [Submit] -> "Submitting EPOCH 14"
INFO  | 2026/05/26 18:56:35.044378 | [scheduler] -> "New learning rate = 1e-05"
INFO  | 2026/05/26 18:56:35.044980 | [Train] -> "Training EPOCH 15"
INFO  | 2026/05/26 19:04:23.248394 | [Train] -> "Finished training EPOCH 15 with loss 0.0019238280721380146, saving"
INFO  | 2026/05/26 19:04:23.436168 | [Validate] -> "Validating for EPOCH 15"
INFO  | 2026/05/26 19:05:47.271156 | [Validate] -> {"val": 0.0020838365724261546, "yes": 2061}
INFO  | 2026/05/26 19:05:47.272888 | [Submit] -> "Submitting EPOCH 15"
INFO  | 2026/05/26 19:06:52.025326 | [scheduler] -> "New learning rate = 1e-05"
INFO  | 2026/05/26 19:06:52.025911 | [Train] -> "Training EPOCH 16"
INFO  | 2026/05/26 19:14:40.517036 | [Train] -> "Finished training EPOCH 16 with loss 0.0019266621467172867, saving"
INFO  | 2026/05/26 19:14:40.696477 | [Validate] -> "Validating for EPOCH 16"
INFO  | 2026/05/26 19:16:05.546609 | [Validate] -> {"val": 0.0020870242086286537, "yes": 2047}
INFO  | 2026/05/26 19:16:05.549027 | [Submit] -> "Submitting EPOCH 16"
INFO  | 2026/05/26 19:17:11.656120 | [scheduler] -> "New learning rate = 1e-05"
INFO  | 2026/05/26 19:17:11.656682 | [Train] -> "Training EPOCH 17"
INFO  | 2026/05/26 19:25:00.917782 | [Train] -> "Finished training EPOCH 17 with loss 0.0019293964010695245, saving"
INFO  | 2026/05/26 19:25:01.097239 | [Validate] -> "Validating for EPOCH 17"
INFO  | 2026/05/26 19:26:25.438966 | [Validate] -> {"val": 0.0020957529477316204, "yes": 2024}
INFO  | 2026/05/26 19:26:25.439907 | [Submit] -> "Submitting EPOCH 17"
INFO  | 2026/05/26 19:27:31.408051 | [scheduler] -> "New learning rate = 1e-05"
INFO  | 2026/05/26 19:27:31.408485 | [Train] -> "Training EPOCH 18"
INFO  | 2026/05/26 19:35:20.121642 | [Train] -> "Finished training EPOCH 18 with loss 0.0019151793597730288, saving"
INFO  | 2026/05/26 19:35:20.308293 | [Validate] -> "Validating for EPOCH 18"
INFO  | 2026/05/26 19:36:44.495171 | [Validate] -> {"val": 0.002107735308612085, "yes": 2015}
INFO  | 2026/05/26 19:36:44.496631 | [Submit] -> "Submitting EPOCH 18"
INFO  | 2026/05/26 19:37:49.445794 | [scheduler] -> "New learning rate = 1e-05"
INFO  | 2026/05/26 19:37:49.446370 | [Train] -> "Training EPOCH 19"
INFO  | 2026/05/26 19:45:38.453316 | [Train] -> "Finished training EPOCH 19 with loss 0.0019239273224377024, saving"
INFO  | 2026/05/26 19:45:38.642822 | [Validate] -> "Validating for EPOCH 19"
INFO  | 2026/05/26 19:47:02.733604 | [Validate] -> {"val": 0.002089952707370516, "yes": 2076}
INFO  | 2026/05/26 19:47:02.735290 | [Submit] -> "Submitting EPOCH 19"
INFO  | 2026/05/26 19:48:08.259060 | [scheduler] -> "New learning rate = 1e-05"
INFO  | 2026/05/26 19:48:08.260289 | [Train] -> "Training EPOCH 20"
INFO  | 2026/05/26 19:55:58.409107 | [Train] -> "Finished training EPOCH 20 with loss 0.0019107277928691972, saving"
INFO  | 2026/05/26 19:55:58.603122 | [Validate] -> "Validating for EPOCH 20"
INFO  | 2026/05/26 19:57:22.605921 | [Validate] -> {"val": 0.0020999630604248607, "yes": 2023}
INFO  | 2026/05/26 19:57:22.607879 | [Submit] -> "Submitting EPOCH 20"
INFO  | 2026/05/26 19:58:28.899353 | [scheduler] -> "New learning rate = 1e-05"
INFO  | 2026/05/26 19:58:28.899945 | [Train] -> "Training EPOCH 21"
INFO  | 2026/05/26 20:06:18.440432 | [Train] -> "Finished training EPOCH 21 with loss 0.0019056186307006954, saving"
INFO  | 2026/05/26 20:06:18.623498 | [Validate] -> "Validating for EPOCH 21"
INFO  | 2026/05/26 20:07:42.697257 | [Validate] -> {"val": 0.002089431208438581, "yes": 2020}
INFO  | 2026/05/26 20:07:42.698761 | [Submit] -> "Submitting EPOCH 21"
INFO  | 2026/05/26 20:08:48.728495 | [scheduler] -> "New learning rate = 1e-05"
INFO  | 2026/05/26 20:08:48.729713 | [Train] -> "Training EPOCH 22"
INFO  | 2026/05/26 20:16:38.974028 | [Train] -> "Finished training EPOCH 22 with loss 0.0019068393814217915, saving"
INFO  | 2026/05/26 20:16:39.159863 | [Validate] -> "Validating for EPOCH 22"
INFO  | 2026/05/26 20:18:04.014531 | [Validate] -> {"val": 0.0020955585769538735, "yes": 2005}
INFO  | 2026/05/26 20:18:04.017563 | [Submit] -> "Submitting EPOCH 22"
INFO  | 2026/05/26 20:19:10.514288 | [scheduler] -> "New learning rate = 1e-05"
INFO  | 2026/05/26 20:19:10.514862 | [Train] -> "Training EPOCH 23"
INFO  | 2026/05/26 20:27:32.307051 | [Train] -> "Finished training EPOCH 23 with loss 0.001915538832008537, saving"
INFO  | 2026/05/26 20:27:32.517140 | [Validate] -> "Validating for EPOCH 23"
INFO  | 2026/05/26 20:28:58.353454 | [Validate] -> {"val": 0.00209976432639916, "yes": 2042}
INFO  | 2026/05/26 20:28:58.354939 | [Submit] -> "Submitting EPOCH 23"
INFO  | 2026/05/26 20:30:03.958813 | [scheduler] -> "New learning rate = 1e-05"
INFO  | 2026/05/26 20:30:03.959470 | [Train] -> "Training EPOCH 24"
INFO  | 2026/05/26 20:38:29.541421 | [Train] -> "Finished training EPOCH 24 with loss 0.0019024204678914722, saving"
INFO  | 2026/05/26 20:38:29.765084 | [Validate] -> "Validating for EPOCH 24"
INFO  | 2026/05/26 20:39:55.843409 | [Validate] -> {"val": 0.0021047073757028216, "yes": 2032}
INFO  | 2026/05/26 20:39:55.846008 | [Submit] -> "Submitting EPOCH 24"
INFO  | 2026/05/26 20:41:00.553603 | [scheduler] -> "New learning rate = 1e-05"
INFO  | 2026/05/26 20:41:00.554323 | [Train] -> "Training EPOCH 25"
INFO  | 2026/05/26 20:49:11.614453 | [Train] -> "Finished training EPOCH 25 with loss 0.001899447016935865, saving"
INFO  | 2026/05/26 20:49:11.816117 | [Validate] -> "Validating for EPOCH 25"
INFO  | 2026/05/26 20:50:36.857153 | [Validate] -> {"val": 0.0021068022053314477, "yes": 2056}
INFO  | 2026/05/26 20:50:36.860244 | [Submit] -> "Submitting EPOCH 25"
INFO  | 2026/05/26 20:51:43.177149 | [scheduler] -> "New learning rate = 1e-05"
INFO  | 2026/05/26 20:51:43.177707 | [Train] -> "Training EPOCH 26"
INFO  | 2026/05/26 21:00:14.880870 | [Train] -> "Finished training EPOCH 26 with loss 0.001897609157225181, saving"
INFO  | 2026/05/26 21:00:15.132912 | [Validate] -> "Validating for EPOCH 26"
INFO  | 2026/05/26 21:01:39.621071 | [Validate] -> {"val": 0.0021211804433246577, "yes": 2077}
INFO  | 2026/05/26 21:01:39.622449 | [Submit] -> "Submitting EPOCH 26"
INFO  | 2026/05/26 21:02:47.957835 | [scheduler] -> "New learning rate = 1e-05"
INFO  | 2026/05/26 21:02:47.958411 | [Train] -> "Training EPOCH 27"
INFO  | 2026/05/26 21:11:02.605056 | [Train] -> "Finished training EPOCH 27 with loss 0.00189489133186737, saving"
INFO  | 2026/05/26 21:11:02.829218 | [Validate] -> "Validating for EPOCH 27"
INFO  | 2026/05/26 21:12:27.002421 | [Validate] -> {"val": 0.0021068641606604593, "yes": 2004}
INFO  | 2026/05/26 21:12:27.004158 | [Submit] -> "Submitting EPOCH 27"
INFO  | 2026/05/26 21:13:33.187869 | [scheduler] -> "New learning rate = 1e-05"
INFO  | 2026/05/26 21:13:33.188543 | [Train] -> "Training EPOCH 28"
INFO  | 2026/05/26 21:21:50.724994 | [Train] -> "Finished training EPOCH 28 with loss 0.0018891540469857067, saving"
INFO  | 2026/05/26 21:21:50.973632 | [Validate] -> "Validating for EPOCH 28"
INFO  | 2026/05/26 21:23:14.716412 | [Validate] -> {"val": 0.0021341708645703093, "yes": 2076}
INFO  | 2026/05/26 21:23:14.717809 | [Submit] -> "Submitting EPOCH 28"
INFO  | 2026/05/26 21:24:19.603984 | [scheduler] -> "New learning rate = 1e-05"
INFO  | 2026/05/26 21:24:19.604483 | [Train] -> "Training EPOCH 29"
INFO  | 2026/05/26 21:32:22.622733 | [Train] -> "Finished training EPOCH 29 with loss 0.0018904067352530185, saving"
INFO  | 2026/05/26 21:32:23.440249 | [Validate] -> "Validating for EPOCH 29"
INFO  | 2026/05/26 21:33:47.948341 | [Validate] -> {"val": 0.002125733395037377, "yes": 2054}
INFO  | 2026/05/26 21:33:47.950475 | [Submit] -> "Submitting EPOCH 29"
INFO  | 2026/05/26 21:34:54.322073 | [scheduler] -> "New learning rate = 1e-05"
INFO  | 2026/05/26 21:34:54.322725 | [Train] -> "Training EPOCH 30"
INFO  | 2026/05/26 21:42:54.112442 | [Train] -> "Finished training EPOCH 30 with loss 0.0018914117038284785, saving"
INFO  | 2026/05/26 21:42:54.325130 | [Validate] -> "Validating for EPOCH 30"
INFO  | 2026/05/26 21:44:20.274263 | [Validate] -> {"val": 0.002131754359187082, "yes": 1997}
INFO  | 2026/05/26 21:44:20.280368 | [Submit] -> "Submitting EPOCH 30"
INFO  | 2026/05/26 21:45:25.991512 | [scheduler] -> "New learning rate = 1e-05"
INFO  | 2026/05/26 21:45:25.991996 | [Train] -> "Training EPOCH 31"
INFO  | 2026/05/26 21:53:22.886106 | [Train] -> "Finished training EPOCH 31 with loss 0.0018744641037315502, saving"
INFO  | 2026/05/26 21:53:23.070208 | [Validate] -> "Validating for EPOCH 31"
INFO  | 2026/05/26 21:54:47.615791 | [Validate] -> {"val": 0.0021368122961575864, "yes": 2022}
INFO  | 2026/05/26 21:54:47.617553 | [Submit] -> "Submitting EPOCH 31"
INFO  | 2026/05/26 21:55:54.250174 | [scheduler] -> "New learning rate = 1e-05"
INFO  | 2026/05/26 21:55:54.250765 | [Train] -> "Training EPOCH 32"
INFO  | 2026/05/26 22:03:54.155711 | [Train] -> "Finished training EPOCH 32 with loss 0.001889852075250036, saving"
INFO  | 2026/05/26 22:03:54.360988 | [Validate] -> "Validating for EPOCH 32"
INFO  | 2026/05/26 22:05:19.345435 | [Validate] -> {"val": 0.0021396286449385645, "yes": 2068}
INFO  | 2026/05/26 22:05:19.347232 | [Submit] -> "Submitting EPOCH 32"
INFO  | 2026/05/26 22:06:25.044240 | [scheduler] -> "New learning rate = 1e-05"
INFO  | 2026/05/26 22:06:25.044819 | [Train] -> "Training EPOCH 33"
INFO  | 2026/05/26 22:14:24.834454 | [Train] -> "Finished training EPOCH 33 with loss 0.0018750997740743433, saving"
INFO  | 2026/05/26 22:14:25.016579 | [Validate] -> "Validating for EPOCH 33"
INFO  | 2026/05/26 22:15:50.947557 | [Validate] -> {"val": 0.0021460884275489494, "yes": 2072}
INFO  | 2026/05/26 22:15:50.949107 | [Submit] -> "Submitting EPOCH 33"
INFO  | 2026/05/26 22:16:58.589437 | [scheduler] -> "New learning rate = 1e-05"
INFO  | 2026/05/26 22:16:58.589987 | [Train] -> "Training EPOCH 34"
INFO  | 2026/05/26 22:24:58.507582 | [Train] -> "Finished training EPOCH 34 with loss 0.00187315199041095, saving"
INFO  | 2026/05/26 22:24:58.698772 | [Validate] -> "Validating for EPOCH 34"
INFO  | 2026/05/26 22:26:24.101227 | [Validate] -> {"val": 0.002125394005371734, "yes": 2052}
INFO  | 2026/05/26 22:26:24.103303 | [Submit] -> "Submitting EPOCH 34"
INFO  | 2026/05/26 22:27:31.122895 | [scheduler] -> "New learning rate = 1e-05"
INFO  | 2026/05/26 22:27:31.123613 | [Train] -> "Training EPOCH 35"
INFO  | 2026/05/26 22:35:34.390659 | [Train] -> "Finished training EPOCH 35 with loss 0.001873131174444746, saving"
INFO  | 2026/05/26 22:35:34.590763 | [Validate] -> "Validating for EPOCH 35"
INFO  | 2026/05/26 22:36:58.886177 | [Validate] -> {"val": 0.0021356538573156793, "yes": 2033}
INFO  | 2026/05/26 22:36:58.887652 | [Submit] -> "Submitting EPOCH 35"
INFO  | 2026/05/26 22:38:04.676251 | [scheduler] -> "New learning rate = 1e-05"
INFO  | 2026/05/26 22:38:04.676882 | [Train] -> "Training EPOCH 36"
INFO  | 2026/05/26 22:46:04.776009 | [Train] -> "Finished training EPOCH 36 with loss 0.0018832820543447783, saving"
INFO  | 2026/05/26 22:46:05.025252 | [Validate] -> "Validating for EPOCH 36"
INFO  | 2026/05/26 22:47:30.477447 | [Validate] -> {"val": 0.0021486799912879156, "yes": 2004}
INFO  | 2026/05/26 22:47:30.478607 | [Submit] -> "Submitting EPOCH 36"
INFO  | 2026/05/26 22:48:37.939740 | [scheduler] -> "New learning rate = 1e-05"
INFO  | 2026/05/26 22:48:37.940301 | [Train] -> "Training EPOCH 37"
INFO  | 2026/05/26 22:56:36.833174 | [Train] -> "Finished training EPOCH 37 with loss 0.0018706359162149121, saving"
INFO  | 2026/05/26 22:56:37.037023 | [Validate] -> "Validating for EPOCH 37"
INFO  | 2026/05/26 22:58:02.235477 | [Validate] -> {"val": 0.00215377852205271, "yes": 2023}
INFO  | 2026/05/26 22:58:02.237426 | [Submit] -> "Submitting EPOCH 37"
INFO  | 2026/05/26 22:59:08.759490 | [scheduler] -> "New learning rate = 1e-05"
INFO  | 2026/05/26 22:59:08.760193 | [Train] -> "Training EPOCH 38"
INFO  | 2026/05/26 23:07:05.318672 | [Train] -> "Finished training EPOCH 38 with loss 0.001870993570485544, saving"
INFO  | 2026/05/26 23:07:05.502500 | [Validate] -> "Validating for EPOCH 38"
INFO  | 2026/05/26 23:08:31.153700 | [Validate] -> {"val": 0.002157367470338846, "yes": 2018}
INFO  | 2026/05/26 23:08:31.156901 | [Submit] -> "Submitting EPOCH 38"
INFO  | 2026/05/26 23:09:36.840610 | [scheduler] -> "New learning rate = 1e-05"
INFO  | 2026/05/26 23:09:36.841910 | [Train] -> "Training EPOCH 39"
INFO  | 2026/05/26 23:17:34.201465 | [Train] -> "Finished training EPOCH 39 with loss 0.0018823007463312177, saving"
INFO  | 2026/05/26 23:17:34.394616 | [Validate] -> "Validating for EPOCH 39"
INFO  | 2026/05/26 23:18:59.759052 | [Validate] -> {"val": 0.0021403800049928008, "yes": 2101}
INFO  | 2026/05/26 23:18:59.759812 | [Submit] -> "Submitting EPOCH 39"
INFO  | 2026/05/26 23:20:05.970228 | [scheduler] -> "New learning rate = 1e-05"
INFO  | 2026/05/26 23:20:05.971033 | [Train] -> "Training EPOCH 40"
INFO  | 2026/05/26 23:28:06.234643 | [Train] -> "Finished training EPOCH 40 with loss 0.0018663041063691735, saving"
INFO  | 2026/05/26 23:28:06.439216 | [Validate] -> "Validating for EPOCH 40"
INFO  | 2026/05/26 23:29:31.301472 | [Validate] -> {"val": 0.0021358545276767517, "yes": 2043}
INFO  | 2026/05/26 23:29:31.303193 | [Submit] -> "Submitting EPOCH 40"
INFO  | 2026/05/26 23:30:38.756073 | [scheduler] -> "New learning rate = 1e-05"
INFO  | 2026/05/26 23:30:38.756693 | [Train] -> "Training EPOCH 41"
INFO  | 2026/05/26 23:38:35.013036 | [Train] -> "Finished training EPOCH 41 with loss 0.0018834260869713215, saving"
INFO  | 2026/05/26 23:38:35.229790 | [Validate] -> "Validating for EPOCH 41"
INFO  | 2026/05/26 23:39:59.695571 | [Validate] -> {"val": 0.0021545887609749495, "yes": 2040}
INFO  | 2026/05/26 23:39:59.697635 | [Submit] -> "Submitting EPOCH 41"
INFO  | 2026/05/26 23:41:06.207168 | [scheduler] -> "New learning rate = 1e-05"
INFO  | 2026/05/26 23:41:06.207846 | [Train] -> "Training EPOCH 42"
INFO  | 2026/05/26 23:49:02.132716 | [Train] -> "Finished training EPOCH 42 with loss 0.0018657176848936165, saving"
INFO  | 2026/05/26 23:49:02.314127 | [Validate] -> "Validating for EPOCH 42"
INFO  | 2026/05/26 23:50:26.440338 | [Validate] -> {"val": 0.002147782688299167, "yes": 2038}
INFO  | 2026/05/26 23:50:26.442777 | [Submit] -> "Submitting EPOCH 42"
INFO  | 2026/05/26 23:51:32.860527 | [scheduler] -> "New learning rate = 1e-05"
INFO  | 2026/05/26 23:51:32.861136 | [Train] -> "Training EPOCH 43"
INFO  | 2026/05/26 23:59:26.942293 | [Train] -> "Finished training EPOCH 43 with loss 0.0018683358932978756, saving"
INFO  | 2026/05/26 23:59:27.134113 | [Validate] -> "Validating for EPOCH 43"
INFO  | 2026/05/27 00:00:52.156284 | [Validate] -> {"val": 0.0021585336625596324, "yes": 2066}
INFO  | 2026/05/27 00:00:52.158642 | [Submit] -> "Submitting EPOCH 43"
INFO  | 2026/05/27 00:01:57.610884 | [scheduler] -> "New learning rate = 1e-05"
INFO  | 2026/05/27 00:01:57.611510 | [Train] -> "Training EPOCH 44"
INFO  | 2026/05/27 00:09:51.181832 | [Train] -> "Finished training EPOCH 44 with loss 0.0018559517881055463, saving"
INFO  | 2026/05/27 00:09:51.500091 | [Validate] -> "Validating for EPOCH 44"
INFO  | 2026/05/27 00:11:15.992541 | [Validate] -> {"val": 0.0021524650793824465, "yes": 2038}
INFO  | 2026/05/27 00:11:15.994152 | [Submit] -> "Submitting EPOCH 44"
INFO  | 2026/05/27 00:12:22.140437 | [scheduler] -> "New learning rate = 1e-05"
INFO  | 2026/05/27 00:12:22.140960 | [Train] -> "Training EPOCH 45"
INFO  | 2026/05/27 00:20:24.056643 | [Train] -> "Finished training EPOCH 45 with loss 0.0018531745130695241, saving"
INFO  | 2026/05/27 00:20:24.250316 | [Validate] -> "Validating for EPOCH 45"
INFO  | 2026/05/27 00:21:50.160946 | [Validate] -> {"val": 0.0021523505534406825, "yes": 1996}
INFO  | 2026/05/27 00:21:50.163236 | [Submit] -> "Submitting EPOCH 45"
INFO  | 2026/05/27 00:22:56.954973 | [scheduler] -> "New learning rate = 1e-05"
INFO  | 2026/05/27 00:22:56.955358 | [Train] -> "Training EPOCH 46"
INFO  | 2026/05/27 00:30:54.731030 | [Train] -> "Finished training EPOCH 46 with loss 0.0018532915507237255, saving"
INFO  | 2026/05/27 00:30:54.925287 | [Validate] -> "Validating for EPOCH 46"
INFO  | 2026/05/27 00:32:19.448781 | [Validate] -> {"val": 0.002175131867472881, "yes": 2041}
INFO  | 2026/05/27 00:32:19.451724 | [Submit] -> "Submitting EPOCH 46"
INFO  | 2026/05/27 00:33:28.127627 | [scheduler] -> "New learning rate = 1e-05"
INFO  | 2026/05/27 00:33:28.128214 | [Train] -> "Training EPOCH 47"
INFO  | 2026/05/27 00:41:23.412690 | [Train] -> "Finished training EPOCH 47 with loss 0.0018658639856242805, saving"
INFO  | 2026/05/27 00:41:23.596266 | [Validate] -> "Validating for EPOCH 47"
INFO  | 2026/05/27 00:42:49.432933 | [Validate] -> {"val": 0.002156872898922302, "yes": 2022}
INFO  | 2026/05/27 00:42:49.434742 | [Submit] -> "Submitting EPOCH 47"
INFO  | 2026/05/27 00:43:55.780548 | [scheduler] -> "New learning rate = 1e-05"
INFO  | 2026/05/27 00:43:55.781082 | [Train] -> "Training EPOCH 48"
INFO  | 2026/05/27 00:51:53.075435 | [Train] -> "Finished training EPOCH 48 with loss 0.001851008319320604, saving"
INFO  | 2026/05/27 00:51:53.268113 | [Validate] -> "Validating for EPOCH 48"
INFO  | 2026/05/27 00:53:19.088956 | [Validate] -> {"val": 0.00217261051913611, "yes": 2057}
INFO  | 2026/05/27 00:53:19.090381 | [Submit] -> "Submitting EPOCH 48"
INFO  | 2026/05/27 00:54:25.982618 | [scheduler] -> "New learning rate = 1e-05"
INFO  | 2026/05/27 00:54:25.983226 | [Train] -> "Training EPOCH 49"
INFO  | 2026/05/27 01:02:24.543341 | [Train] -> "Finished training EPOCH 49 with loss 0.0018535303978272641, saving"
INFO  | 2026/05/27 01:02:24.740077 | [Validate] -> "Validating for EPOCH 49"
INFO  | 2026/05/27 01:03:49.544167 | [Validate] -> {"val": 0.0021792917835037496, "yes": 2037}
INFO  | 2026/05/27 01:03:49.545861 | [Submit] -> "Submitting EPOCH 49"
INFO  | 2026/05/27 01:04:56.430366 | [scheduler] -> "New learning rate = 1e-05"
INFO  | 2026/05/27 01:04:56.431059 | [Train] -> "Training EPOCH 50"
INFO  | 2026/05/27 01:12:54.575366 | [Train] -> "Finished training EPOCH 50 with loss 0.001859851457313504, saving"
INFO  | 2026/05/27 01:12:54.781241 | [Validate] -> "Validating for EPOCH 50"
INFO  | 2026/05/27 01:14:19.834435 | [Validate] -> {"val": 0.002163339697290212, "yes": 1983}
INFO  | 2026/05/27 01:14:19.836048 | [Submit] -> "Submitting EPOCH 50"
INFO  | 2026/05/27 01:15:25.970111 | [scheduler] -> "New learning rate = 1e-05"
INFO  | 2026/05/27 01:15:25.970749 | [Train] -> "Training EPOCH 51"
INFO  | 2026/05/27 01:23:25.515744 | [Train] -> "Finished training EPOCH 51 with loss 0.0018553403970303821, saving"
INFO  | 2026/05/27 01:23:25.744203 | [Validate] -> "Validating for EPOCH 51"
INFO  | 2026/05/27 01:24:50.820950 | [Validate] -> {"val": 0.002172387414121172, "yes": 1995}
INFO  | 2026/05/27 01:24:50.822598 | [Submit] -> "Submitting EPOCH 51"
INFO  | 2026/05/27 01:25:57.528210 | [scheduler] -> "New learning rate = 1e-05"
INFO  | 2026/05/27 01:25:57.528996 | [Train] -> "Training EPOCH 52"
INFO  | 2026/05/27 01:33:57.251993 | [Train] -> "Finished training EPOCH 52 with loss 0.001844017055267149, saving"
INFO  | 2026/05/27 01:33:57.501570 | [Validate] -> "Validating for EPOCH 52"
INFO  | 2026/05/27 01:35:22.596628 | [Validate] -> {"val": 0.002146096877346958, "yes": 2022}
INFO  | 2026/05/27 01:35:22.599042 | [Submit] -> "Submitting EPOCH 52"
INFO  | 2026/05/27 01:36:29.179935 | [scheduler] -> "New learning rate = 1e-05"
INFO  | 2026/05/27 01:36:29.180476 | [Train] -> "Training EPOCH 53"
INFO  | 2026/05/27 01:44:29.420583 | [Train] -> "Finished training EPOCH 53 with loss 0.0018567331112787778, saving"
INFO  | 2026/05/27 01:44:29.608376 | [Validate] -> "Validating for EPOCH 53"
INFO  | 2026/05/27 01:45:56.088499 | [Validate] -> {"val": 0.002182397602662731, "yes": 2000}
INFO  | 2026/05/27 01:45:56.090786 | [Submit] -> "Submitting EPOCH 53"
INFO  | 2026/05/27 01:47:03.303004 | [scheduler] -> "New learning rate = 1e-05"
INFO  | 2026/05/27 01:47:03.303568 | [Train] -> "Training EPOCH 54"
INFO  | 2026/05/27 01:55:03.309744 | [Train] -> "Finished training EPOCH 54 with loss 0.0018431404090524183, saving"
INFO  | 2026/05/27 01:55:03.491564 | [Validate] -> "Validating for EPOCH 54"
INFO  | 2026/05/27 01:56:28.690154 | [Validate] -> {"val": 0.002183459689974349, "yes": 2029}
INFO  | 2026/05/27 01:56:28.693098 | [Submit] -> "Submitting EPOCH 54"
INFO  | 2026/05/27 01:57:35.064256 | [scheduler] -> "New learning rate = 1e-05"
INFO  | 2026/05/27 01:57:35.064992 | [Train] -> "Training EPOCH 55"
INFO  | 2026/05/27 02:05:36.618897 | [Train] -> "Finished training EPOCH 55 with loss 0.001849732580057975, saving"
INFO  | 2026/05/27 02:05:36.827101 | [Validate] -> "Validating for EPOCH 55"
INFO  | 2026/05/27 02:07:01.983580 | [Validate] -> {"val": 0.002182345695008164, "yes": 2026}
INFO  | 2026/05/27 02:07:01.985088 | [Submit] -> "Submitting EPOCH 55"
INFO  | 2026/05/27 02:08:08.333278 | [scheduler] -> "New learning rate = 1e-05"
INFO  | 2026/05/27 02:08:08.333790 | [Train] -> "Training EPOCH 56"
INFO  | 2026/05/27 02:16:05.700184 | [Train] -> "Finished training EPOCH 56 with loss 0.001850580941447611, saving"
INFO  | 2026/05/27 02:16:05.948188 | [Validate] -> "Validating for EPOCH 56"
INFO  | 2026/05/27 02:17:31.453470 | [Validate] -> {"val": 0.002180868940550406, "yes": 2062}
INFO  | 2026/05/27 02:17:31.454443 | [Submit] -> "Submitting EPOCH 56"
INFO  | 2026/05/27 02:18:38.564384 | [scheduler] -> "New learning rate = 1e-05"
INFO  | 2026/05/27 02:18:38.565131 | [Train] -> "Training EPOCH 57"
INFO  | 2026/05/27 02:26:38.247166 | [Train] -> "Finished training EPOCH 57 with loss 0.0018408284691957368, saving"
INFO  | 2026/05/27 02:26:38.455518 | [Validate] -> "Validating for EPOCH 57"
INFO  | 2026/05/27 02:28:03.612622 | [Validate] -> {"val": 0.002169294154661001, "yes": 2074}
INFO  | 2026/05/27 02:28:03.614402 | [Submit] -> "Submitting EPOCH 57"
INFO  | 2026/05/27 02:29:11.369416 | [scheduler] -> "New learning rate = 1e-05"
INFO  | 2026/05/27 02:29:11.370150 | [Train] -> "Training EPOCH 58"
INFO  | 2026/05/27 02:37:09.432101 | [Train] -> "Finished training EPOCH 58 with loss 0.001840977474098381, saving"
INFO  | 2026/05/27 02:37:09.642941 | [Validate] -> "Validating for EPOCH 58"
INFO  | 2026/05/27 02:38:34.610937 | [Validate] -> {"val": 0.0021816358485646265, "yes": 2014}
INFO  | 2026/05/27 02:38:34.611955 | [Submit] -> "Submitting EPOCH 58"
INFO  | 2026/05/27 02:39:42.357532 | [scheduler] -> "New learning rate = 1e-05"
INFO  | 2026/05/27 02:39:42.358169 | [Train] -> "Training EPOCH 59"
INFO  | 2026/05/27 02:47:43.624100 | [Train] -> "Finished training EPOCH 59 with loss 0.0018411906923506863, saving"
INFO  | 2026/05/27 02:47:43.956741 | [Validate] -> "Validating for EPOCH 59"
INFO  | 2026/05/27 02:49:08.951918 | [Validate] -> {"val": 0.0021826610769325227, "yes": 1970}
INFO  | 2026/05/27 02:49:08.953771 | [Submit] -> "Submitting EPOCH 59"
INFO  | 2026/05/27 02:50:16.159580 | [scheduler] -> "New learning rate = 1e-05"
INFO  | 2026/05/27 02:50:16.160278 | [Train] -> "Training EPOCH 60"
INFO  | 2026/05/27 02:58:16.291126 | [Train] -> "Finished training EPOCH 60 with loss 0.0018522059011078697, saving"
INFO  | 2026/05/27 02:58:16.512295 | [Validate] -> "Validating for EPOCH 60"
INFO  | 2026/05/27 02:59:41.362883 | [Validate] -> {"val": 0.002165791025448883, "yes": 2026}
INFO  | 2026/05/27 02:59:41.364342 | [Submit] -> "Submitting EPOCH 60"
INFO  | 2026/05/27 03:00:48.607306 | [scheduler] -> "New learning rate = 1e-05"
INFO  | 2026/05/27 03:00:48.608079 | [Train] -> "Training EPOCH 61"
INFO  | 2026/05/27 03:08:47.062562 | [Train] -> "Finished training EPOCH 61 with loss 0.0018399026032720005, saving"
INFO  | 2026/05/27 03:08:47.292065 | [Validate] -> "Validating for EPOCH 61"
INFO  | 2026/05/27 03:10:12.272395 | [Validate] -> {"val": 0.002180564902140082, "yes": 2047}
INFO  | 2026/05/27 03:10:12.273312 | [Submit] -> "Submitting EPOCH 61"
INFO  | 2026/05/27 03:11:19.405820 | [scheduler] -> "New learning rate = 1e-05"
INFO  | 2026/05/27 03:11:19.406782 | [Train] -> "Training EPOCH 62"
INFO  | 2026/05/27 03:19:19.719511 | [Train] -> "Finished training EPOCH 62 with loss 0.001824966872602736, saving"
INFO  | 2026/05/27 03:19:19.905292 | [Validate] -> "Validating for EPOCH 62"
INFO  | 2026/05/27 03:20:44.801182 | [Validate] -> {"val": 0.0021868366671950815, "yes": 2001}
INFO  | 2026/05/27 03:20:44.804369 | [Submit] -> "Submitting EPOCH 62"
INFO  | 2026/05/27 03:21:52.417541 | [scheduler] -> "New learning rate = 1e-05"
INFO  | 2026/05/27 03:21:52.418230 | [Train] -> "Training EPOCH 63"
INFO  | 2026/05/27 03:29:50.229955 | [Train] -> "Finished training EPOCH 63 with loss 0.0018399934569080694, saving"
INFO  | 2026/05/27 03:29:50.419214 | [Validate] -> "Validating for EPOCH 63"
INFO  | 2026/05/27 03:31:15.528307 | [Validate] -> {"val": 0.002179654886615111, "yes": 2061}
INFO  | 2026/05/27 03:31:15.530217 | [Submit] -> "Submitting EPOCH 63"
INFO  | 2026/05/27 03:32:23.861050 | [scheduler] -> "New learning rate = 1e-05"
INFO  | 2026/05/27 03:32:23.861656 | [Train] -> "Training EPOCH 64"
INFO  | 2026/05/27 03:40:22.187591 | [Train] -> "Finished training EPOCH 64 with loss 0.0018236586055573297, saving"
INFO  | 2026/05/27 03:40:22.373138 | [Validate] -> "Validating for EPOCH 64"
INFO  | 2026/05/27 03:41:47.696273 | [Validate] -> {"val": 0.002195835959820786, "yes": 2040}
INFO  | 2026/05/27 03:41:47.697560 | [Submit] -> "Submitting EPOCH 64"
INFO  | 2026/05/27 03:42:54.751566 | [scheduler] -> "New learning rate = 1e-05"
INFO  | 2026/05/27 03:42:54.752181 | [Train] -> "Training EPOCH 65"
INFO  | 2026/05/27 03:50:53.443291 | [Train] -> "Finished training EPOCH 65 with loss 0.001827400858946307, saving"
INFO  | 2026/05/27 03:50:53.630623 | [Validate] -> "Validating for EPOCH 65"
INFO  | 2026/05/27 03:52:19.322653 | [Validate] -> {"val": 0.002176741774577707, "yes": 2057}
INFO  | 2026/05/27 03:52:19.324200 | [Submit] -> "Submitting EPOCH 65"
INFO  | 2026/05/27 03:53:27.067052 | [scheduler] -> "New learning rate = 1e-05"
INFO  | 2026/05/27 03:53:27.067562 | [Train] -> "Training EPOCH 66"
INFO  | 2026/05/27 04:01:24.556655 | [Train] -> "Finished training EPOCH 66 with loss 0.0018306221279483926, saving"
INFO  | 2026/05/27 04:01:24.744997 | [Validate] -> "Validating for EPOCH 66"
INFO  | 2026/05/27 04:02:49.767743 | [Validate] -> {"val": 0.00218392199243427, "yes": 1997}
INFO  | 2026/05/27 04:02:49.769939 | [Submit] -> "Submitting EPOCH 66"
INFO  | 2026/05/27 04:03:57.621316 | [scheduler] -> "New learning rate = 1e-05"
INFO  | 2026/05/27 04:03:57.621969 | [Train] -> "Training EPOCH 67"
INFO  | 2026/05/27 04:11:54.785758 | [Train] -> "Finished training EPOCH 67 with loss 0.001827758095681238, saving"
INFO  | 2026/05/27 04:11:54.965195 | [Validate] -> "Validating for EPOCH 67"
INFO  | 2026/05/27 04:13:19.700906 | [Validate] -> {"val": 0.002188930915297025, "yes": 2041}
INFO  | 2026/05/27 04:13:19.704579 | [Submit] -> "Submitting EPOCH 67"
INFO  | 2026/05/27 04:14:27.334349 | [scheduler] -> "New learning rate = 1e-05"
INFO  | 2026/05/27 04:14:27.334931 | [Train] -> "Training EPOCH 68"
INFO  | 2026/05/27 04:22:27.582185 | [Train] -> "Finished training EPOCH 68 with loss 0.0018279043970284316, saving"
INFO  | 2026/05/27 04:22:27.781107 | [Validate] -> "Validating for EPOCH 68"
INFO  | 2026/05/27 04:23:53.408448 | [Validate] -> {"val": 0.002197969410613147, "yes": 2028}
INFO  | 2026/05/27 04:23:53.410219 | [Submit] -> "Submitting EPOCH 68"
INFO  | 2026/05/27 04:25:00.703779 | [scheduler] -> "New learning rate = 1e-05"
INFO  | 2026/05/27 04:25:00.704552 | [Train] -> "Training EPOCH 69"
INFO  | 2026/05/27 04:33:02.451459 | [Train] -> "Finished training EPOCH 69 with loss 0.0018224784689143045, saving"
INFO  | 2026/05/27 04:33:02.643049 | [Validate] -> "Validating for EPOCH 69"
INFO  | 2026/05/27 04:34:27.726118 | [Validate] -> {"val": 0.0021874450612813234, "yes": 2021}
INFO  | 2026/05/27 04:34:27.728097 | [Submit] -> "Submitting EPOCH 69"
INFO  | 2026/05/27 04:35:35.204523 | [scheduler] -> "New learning rate = 1e-05"
INFO  | 2026/05/27 04:35:35.205169 | [Train] -> "Training EPOCH 70"
INFO  | 2026/05/27 04:43:32.325648 | [Train] -> "Finished training EPOCH 70 with loss 0.001831808546050292, saving"
INFO  | 2026/05/27 04:43:32.512835 | [Validate] -> "Validating for EPOCH 70"
INFO  | 2026/05/27 04:44:58.119196 | [Validate] -> {"val": 0.0021911928607699148, "yes": 2067}
INFO  | 2026/05/27 04:44:58.121297 | [Submit] -> "Submitting EPOCH 70"
INFO  | 2026/05/27 04:46:05.043486 | [scheduler] -> "New learning rate = 1e-05"
INFO  | 2026/05/27 04:46:05.044032 | [Train] -> "Training EPOCH 71"
INFO  | 2026/05/27 04:54:05.323940 | [Train] -> "Finished training EPOCH 71 with loss 0.0018237706145048257, saving"
INFO  | 2026/05/27 04:54:05.520078 | [Validate] -> "Validating for EPOCH 71"
INFO  | 2026/05/27 04:55:30.609263 | [Validate] -> {"val": 0.0022001013368385747, "yes": 2016}
INFO  | 2026/05/27 04:55:30.612061 | [Submit] -> "Submitting EPOCH 71"
INFO  | 2026/05/27 04:56:39.619529 | [scheduler] -> "New learning rate = 1e-05"
INFO  | 2026/05/27 04:56:39.620434 | [Train] -> "Training EPOCH 72"
INFO  | 2026/05/27 05:04:43.311236 | [Train] -> "Finished training EPOCH 72 with loss 0.0018197826352086487, saving"
INFO  | 2026/05/27 05:04:43.516764 | [Validate] -> "Validating for EPOCH 72"
INFO  | 2026/05/27 05:06:08.531039 | [Validate] -> {"val": 0.0021896920466239205, "yes": 2034}
INFO  | 2026/05/27 05:06:08.532023 | [Submit] -> "Submitting EPOCH 72"
INFO  | 2026/05/27 05:07:16.660981 | [scheduler] -> "New learning rate = 1e-05"
INFO  | 2026/05/27 05:07:16.661654 | [Train] -> "Training EPOCH 73"
INFO  | 2026/05/27 05:15:18.722726 | [Train] -> "Finished training EPOCH 73 with loss 0.0018100823297867452, saving"
INFO  | 2026/05/27 05:15:18.935804 | [Validate] -> "Validating for EPOCH 73"
INFO  | 2026/05/27 05:16:44.553484 | [Validate] -> {"val": 0.002186801528465409, "yes": 1993}
INFO  | 2026/05/27 05:16:44.555058 | [Submit] -> "Submitting EPOCH 73"
INFO  | 2026/05/27 05:17:51.333031 | [scheduler] -> "New learning rate = 1e-05"
INFO  | 2026/05/27 05:17:51.333638 | [Train] -> "Training EPOCH 74"
INFO  | 2026/05/27 05:25:50.553388 | [Train] -> "Finished training EPOCH 74 with loss 0.0018148355531604884, saving"
INFO  | 2026/05/27 05:25:51.028113 | [Validate] -> "Validating for EPOCH 74"
INFO  | 2026/05/27 05:27:16.384940 | [Validate] -> {"val": 0.0022031216223779688, "yes": 2007}
INFO  | 2026/05/27 05:27:16.385944 | [Submit] -> "Submitting EPOCH 74"
INFO  | 2026/05/27 05:28:23.472744 | [scheduler] -> "New learning rate = 1e-05"
INFO  | 2026/05/27 05:28:23.473426 | [Train] -> "Training EPOCH 75"
INFO  | 2026/05/27 05:36:21.044125 | [Train] -> "Finished training EPOCH 75 with loss 0.0018030698627314742, saving"
INFO  | 2026/05/27 05:36:21.216980 | [Validate] -> "Validating for EPOCH 75"
INFO  | 2026/05/27 05:37:45.888537 | [Validate] -> {"val": 0.002214525904872612, "yes": 2006}
INFO  | 2026/05/27 05:37:45.889429 | [Submit] -> "Submitting EPOCH 75"
INFO  | 2026/05/27 05:38:53.488880 | [scheduler] -> "New learning rate = 1e-05"
INFO  | 2026/05/27 05:38:53.490153 | [Train] -> "Training EPOCH 76"
INFO  | 2026/05/27 05:46:50.212839 | [Train] -> "Finished training EPOCH 76 with loss 0.0018163361040457527, saving"
INFO  | 2026/05/27 05:46:50.402748 | [Validate] -> "Validating for EPOCH 76"
INFO  | 2026/05/27 05:48:14.845102 | [Validate] -> {"val": 0.0021872798302908004, "yes": 2025}
INFO  | 2026/05/27 05:48:14.846761 | [Submit] -> "Submitting EPOCH 76"
INFO  | 2026/05/27 05:49:24.228097 | [scheduler] -> "New learning rate = 1e-05"
INFO  | 2026/05/27 05:49:24.228637 | [Train] -> "Training EPOCH 77"
INFO  | 2026/05/27 05:57:23.972280 | [Train] -> "Finished training EPOCH 77 with loss 0.001808793216615892, saving"
INFO  | 2026/05/27 05:57:24.170658 | [Validate] -> "Validating for EPOCH 77"
INFO  | 2026/05/27 05:58:51.575888 | [Validate] -> {"val": 0.0021927869437244818, "yes": 2025}
INFO  | 2026/05/27 05:58:51.579043 | [Submit] -> "Submitting EPOCH 77"
INFO  | 2026/05/27 05:59:57.920710 | [scheduler] -> "New learning rate = 1e-05"
INFO  | 2026/05/27 05:59:57.921132 | [Train] -> "Training EPOCH 78"
INFO  | 2026/05/27 06:07:55.378981 | [Train] -> "Finished training EPOCH 78 with loss 0.0018049509982604568, saving"
INFO  | 2026/05/27 06:07:55.570827 | [Validate] -> "Validating for EPOCH 78"
INFO  | 2026/05/27 06:09:20.402056 | [Validate] -> {"val": 0.00219804145790688, "yes": 2060}
INFO  | 2026/05/27 06:09:20.403408 | [Submit] -> "Submitting EPOCH 78"
INFO  | 2026/05/27 06:10:26.776648 | [scheduler] -> "New learning rate = 1e-05"
INFO  | 2026/05/27 06:10:26.777159 | [Train] -> "Training EPOCH 79"
INFO  | 2026/05/27 06:18:27.079778 | [Train] -> "Finished training EPOCH 79 with loss 0.0018113510613909972, saving"
INFO  | 2026/05/27 06:18:27.270466 | [Validate] -> "Validating for EPOCH 79"
INFO  | 2026/05/27 06:19:52.599976 | [Validate] -> {"val": 0.0022082690533310133, "yes": 2027}
INFO  | 2026/05/27 06:19:52.601709 | [Submit] -> "Submitting EPOCH 79"
INFO  | 2026/05/27 06:20:58.750289 | [scheduler] -> "New learning rate = 1e-05"
INFO  | 2026/05/27 06:20:58.751117 | [Train] -> "Training EPOCH 80"
INFO  | 2026/05/27 06:28:57.704663 | [Train] -> "Finished training EPOCH 80 with loss 0.001799814398487525, saving"
INFO  | 2026/05/27 06:28:57.900559 | [Validate] -> "Validating for EPOCH 80"
INFO  | 2026/05/27 06:30:22.617896 | [Validate] -> {"val": 0.00221990717867346, "yes": 2021}
INFO  | 2026/05/27 06:30:22.618786 | [Submit] -> "Submitting EPOCH 80"
INFO  | 2026/05/27 06:31:28.589374 | [scheduler] -> "New learning rate = 1e-05"
INFO  | 2026/05/27 06:31:28.590060 | [Train] -> "Training EPOCH 81"
INFO  | 2026/05/27 06:39:27.563529 | [Train] -> "Finished training EPOCH 81 with loss 0.0017959469423783113, saving"
INFO  | 2026/05/27 06:39:27.761920 | [Validate] -> "Validating for EPOCH 81"
INFO  | 2026/05/27 06:40:52.857597 | [Validate] -> {"val": 0.0022107351968622614, "yes": 2000}
INFO  | 2026/05/27 06:40:52.859367 | [Submit] -> "Submitting EPOCH 81"
INFO  | 2026/05/27 06:41:59.471850 | [scheduler] -> "New learning rate = 1e-05"
INFO  | 2026/05/27 06:41:59.472515 | [Train] -> "Training EPOCH 82"
INFO  | 2026/05/27 06:49:57.960784 | [Train] -> "Finished training EPOCH 82 with loss 0.001809009935451538, saving"
INFO  | 2026/05/27 06:49:58.190713 | [Validate] -> "Validating for EPOCH 82"
INFO  | 2026/05/27 06:51:24.226339 | [Validate] -> {"val": 0.0021963474035908083, "yes": 1959}
INFO  | 2026/05/27 06:51:24.227928 | [Submit] -> "Submitting EPOCH 82"
INFO  | 2026/05/27 06:52:30.002459 | [scheduler] -> "New learning rate = 1e-05"
INFO  | 2026/05/27 06:52:30.003059 | [Train] -> "Training EPOCH 83"
INFO  | 2026/05/27 07:00:33.133436 | [Train] -> "Finished training EPOCH 83 with loss 0.001798599745318108, saving"
INFO  | 2026/05/27 07:00:33.324393 | [Validate] -> "Validating for EPOCH 83"
INFO  | 2026/05/27 07:01:56.018060 | [Validate] -> {"val": 0.0021921457643424387, "yes": 1992}
INFO  | 2026/05/27 07:01:56.019525 | [Submit] -> "Submitting EPOCH 83"
INFO  | 2026/05/27 07:02:59.904603 | [scheduler] -> "New learning rate = 1e-05"
INFO  | 2026/05/27 07:02:59.905377 | [Train] -> "Training EPOCH 84"
INFO  | 2026/05/27 07:11:03.055363 | [Train] -> "Finished training EPOCH 84 with loss 0.0017936620749591202, saving"
INFO  | 2026/05/27 07:11:03.281981 | [Validate] -> "Validating for EPOCH 84"
INFO  | 2026/05/27 07:12:25.966972 | [Validate] -> {"val": 0.002193283568610854, "yes": 2061}
INFO  | 2026/05/27 07:12:25.969283 | [Submit] -> "Submitting EPOCH 84"
INFO  | 2026/05/27 07:13:30.469649 | [scheduler] -> "New learning rate = 1e-05"
INFO  | 2026/05/27 07:13:30.470268 | [Train] -> "Training EPOCH 85"
INFO  | 2026/05/27 07:21:32.822928 | [Train] -> "Finished training EPOCH 85 with loss 0.0018066106309731292, saving"
INFO  | 2026/05/27 07:21:33.008468 | [Validate] -> "Validating for EPOCH 85"
INFO  | 2026/05/27 07:22:56.048260 | [Validate] -> {"val": 0.002197615941588802, "yes": 2000}
INFO  | 2026/05/27 07:22:56.049685 | [Submit] -> "Submitting EPOCH 85"
INFO  | 2026/05/27 07:24:00.277931 | [scheduler] -> "New learning rate = 1e-05"
INFO  | 2026/05/27 07:24:00.278590 | [Train] -> "Training EPOCH 86"
INFO  | 2026/05/27 07:32:02.383953 | [Train] -> "Finished training EPOCH 86 with loss 0.0017900567494892744, saving"
INFO  | 2026/05/27 07:32:02.600079 | [Validate] -> "Validating for EPOCH 86"
INFO  | 2026/05/27 07:33:25.548127 | [Validate] -> {"val": 0.0022172995999172537, "yes": 2046}
INFO  | 2026/05/27 07:33:25.550303 | [Submit] -> "Submitting EPOCH 86"
INFO  | 2026/05/27 07:34:31.603301 | [scheduler] -> "New learning rate = 1e-05"
INFO  | 2026/05/27 07:34:31.603952 | [Train] -> "Training EPOCH 87"
INFO  | 2026/05/27 07:42:31.189889 | [Train] -> "Finished training EPOCH 87 with loss 0.0017980235071368283, saving"
INFO  | 2026/05/27 07:42:31.411648 | [Validate] -> "Validating for EPOCH 87"
INFO  | 2026/05/27 07:43:54.752756 | [Validate] -> {"val": 0.0022176159399414034, "yes": 1992}
INFO  | 2026/05/27 07:43:54.756931 | [Submit] -> "Submitting EPOCH 87"
INFO  | 2026/05/27 07:44:58.852569 | [scheduler] -> "New learning rate = 1e-05"
INFO  | 2026/05/27 07:44:58.853140 | [Train] -> "Training EPOCH 88"
INFO  | 2026/05/27 07:52:59.613490 | [Train] -> "Finished training EPOCH 88 with loss 0.0017902577703171685, saving"
INFO  | 2026/05/27 07:52:59.841038 | [Validate] -> "Validating for EPOCH 88"
INFO  | 2026/05/27 07:54:23.083854 | [Validate] -> {"val": 0.0022240725098780847, "yes": 1974}
INFO  | 2026/05/27 07:54:23.085347 | [Submit] -> "Submitting EPOCH 88"
INFO  | 2026/05/27 07:55:26.986245 | [scheduler] -> "New learning rate = 1e-05"
INFO  | 2026/05/27 07:55:26.986838 | [Train] -> "Training EPOCH 89"
INFO  | 2026/05/27 08:03:30.098921 | [Train] -> "Finished training EPOCH 89 with loss 0.0018092990243978612, saving"
INFO  | 2026/05/27 08:03:30.520376 | [Validate] -> "Validating for EPOCH 89"
INFO  | 2026/05/27 08:04:53.290907 | [Validate] -> {"val": 0.0022037298560547264, "yes": 2021}
INFO  | 2026/05/27 08:04:53.293546 | [Submit] -> "Submitting EPOCH 89"
INFO  | 2026/05/27 08:05:58.842390 | [scheduler] -> "New learning rate = 1e-05"
INFO  | 2026/05/27 08:05:58.843109 | [Train] -> "Training EPOCH 90"
INFO  | 2026/05/27 08:14:00.816594 | [Train] -> "Finished training EPOCH 90 with loss 0.0017901352937463844, saving"
INFO  | 2026/05/27 08:14:01.025468 | [Validate] -> "Validating for EPOCH 90"
INFO  | 2026/05/27 08:15:24.305037 | [Validate] -> {"val": 0.002220291302957014, "yes": 1998}
INFO  | 2026/05/27 08:15:24.306982 | [Submit] -> "Submitting EPOCH 90"
INFO  | 2026/05/27 08:16:30.802901 | [scheduler] -> "New learning rate = 1e-05"
INFO  | 2026/05/27 08:16:30.803650 | [Train] -> "Training EPOCH 91"
INFO  | 2026/05/27 08:24:37.678120 | [Train] -> "Finished training EPOCH 91 with loss 0.0017760318004006862, saving"
INFO  | 2026/05/27 08:24:37.923176 | [Validate] -> "Validating for EPOCH 91"
INFO  | 2026/05/27 08:26:02.907968 | [Validate] -> {"val": 0.0022290373885351625, "yes": 1962}
INFO  | 2026/05/27 08:26:02.909344 | [Submit] -> "Submitting EPOCH 91"
INFO  | 2026/05/27 08:27:10.227806 | [scheduler] -> "New learning rate = 1e-05"
INFO  | 2026/05/27 08:27:10.228397 | [Train] -> "Training EPOCH 92"
INFO  | 2026/05/27 08:35:10.752629 | [Train] -> "Finished training EPOCH 92 with loss 0.0017929518019426556, saving"
INFO  | 2026/05/27 08:35:10.943350 | [Validate] -> "Validating for EPOCH 92"
INFO  | 2026/05/27 08:36:35.946843 | [Validate] -> {"val": 0.0022065078352847363, "yes": 2007}
INFO  | 2026/05/27 08:36:35.948569 | [Submit] -> "Submitting EPOCH 92"
INFO  | 2026/05/27 08:37:43.471989 | [scheduler] -> "New learning rate = 1e-05"
INFO  | 2026/05/27 08:37:43.472721 | [Train] -> "Training EPOCH 93"
INFO  | 2026/05/27 08:45:41.973749 | [Train] -> "Finished training EPOCH 93 with loss 0.0017904727365763574, saving"
INFO  | 2026/05/27 08:45:42.154076 | [Validate] -> "Validating for EPOCH 93"
INFO  | 2026/05/27 08:47:06.925137 | [Validate] -> {"val": 0.002229567197964359, "yes": 2022}
INFO  | 2026/05/27 08:47:06.925918 | [Submit] -> "Submitting EPOCH 93"
INFO  | 2026/05/27 08:48:13.486981 | [scheduler] -> "New learning rate = 1e-05"
INFO  | 2026/05/27 08:48:13.487601 | [Train] -> "Training EPOCH 94"
INFO  | 2026/05/27 08:56:14.754640 | [Train] -> "Finished training EPOCH 94 with loss 0.0017869114130880464, saving"
INFO  | 2026/05/27 08:56:14.932853 | [Validate] -> "Validating for EPOCH 94"
INFO  | 2026/05/27 08:57:40.675301 | [Validate] -> {"val": 0.0022054843478166056, "yes": 1991}
INFO  | 2026/05/27 08:57:40.677001 | [Submit] -> "Submitting EPOCH 94"
INFO  | 2026/05/27 08:58:49.088077 | [scheduler] -> "New learning rate = 1e-05"
INFO  | 2026/05/27 08:58:49.088755 | [Train] -> "Training EPOCH 95"
INFO  | 2026/05/27 09:06:47.693169 | [Train] -> "Finished training EPOCH 95 with loss 0.0017906413379856429, saving"
INFO  | 2026/05/27 09:06:47.885160 | [Validate] -> "Validating for EPOCH 95"
INFO  | 2026/05/27 09:08:13.032131 | [Validate] -> {"val": 0.0022306911790131614, "yes": 1984}
INFO  | 2026/05/27 09:08:13.032985 | [Submit] -> "Submitting EPOCH 95"
INFO  | 2026/05/27 09:09:19.961497 | [scheduler] -> "New learning rate = 1e-05"
INFO  | 2026/05/27 09:09:19.962142 | [Train] -> "Training EPOCH 96"
INFO  | 2026/05/27 09:17:20.873480 | [Train] -> "Finished training EPOCH 96 with loss 0.0017647629584884997, saving"
INFO  | 2026/05/27 09:17:21.061718 | [Validate] -> "Validating for EPOCH 96"
INFO  | 2026/05/27 09:18:47.376241 | [Validate] -> {"val": 0.002227543745860647, "yes": 2050}
INFO  | 2026/05/27 09:18:47.377456 | [Submit] -> "Submitting EPOCH 96"
INFO  | 2026/05/27 09:19:55.117298 | [scheduler] -> "New learning rate = 1e-05"
INFO  | 2026/05/27 09:19:55.117889 | [Train] -> "Training EPOCH 97"
INFO  | 2026/05/27 09:27:58.145038 | [Train] -> "Finished training EPOCH 97 with loss 0.0017758994923927748, saving"
INFO  | 2026/05/27 09:27:58.351269 | [Validate] -> "Validating for EPOCH 97"
INFO  | 2026/05/27 09:29:23.331839 | [Validate] -> {"val": 0.0022229282452784437, "yes": 2000}
INFO  | 2026/05/27 09:29:23.334515 | [Submit] -> "Submitting EPOCH 97"
INFO  | 2026/05/27 09:30:31.783980 | [scheduler] -> "New learning rate = 1e-05"
INFO  | 2026/05/27 09:30:31.784610 | [Train] -> "Training EPOCH 98"
INFO  | 2026/05/27 09:38:36.104867 | [Train] -> "Finished training EPOCH 98 with loss 0.0017726767419422528, saving"
INFO  | 2026/05/27 09:38:36.299056 | [Validate] -> "Validating for EPOCH 98"
INFO  | 2026/05/27 09:40:01.642080 | [Validate] -> {"val": 0.002231023821327971, "yes": 2014}
INFO  | 2026/05/27 09:40:01.643739 | [Submit] -> "Submitting EPOCH 98"
INFO  | 2026/05/27 09:41:08.571873 | [scheduler] -> "New learning rate = 1e-05"
INFO  | 2026/05/27 09:41:08.572422 | [Train] -> "Training EPOCH 99"
INFO  | 2026/05/27 09:49:20.801668 | [Train] -> "Finished training EPOCH 99 with loss 0.0017768087319963005, saving"
INFO  | 2026/05/27 09:49:21.001071 | [Validate] -> "Validating for EPOCH 99"
INFO  | 2026/05/27 09:50:44.865387 | [Validate] -> {"val": 0.0022259164542510704, "yes": 2020}
INFO  | 2026/05/27 09:50:44.867245 | [Submit] -> "Submitting EPOCH 99"
INFO  | 2026/05/27 09:51:51.750292 | [scheduler] -> "New learning rate = 1e-05"
INFO  | 2026/05/27 09:51:51.750988 | [Train] -> "Training EPOCH 100"
INFO  | 2026/05/27 09:59:53.788739 | [Train] -> "Finished training EPOCH 100 with loss 0.0017646188011778826, saving"
INFO  | 2026/05/27 09:59:54.013324 | [Validate] -> "Validating for EPOCH 100"
INFO  | 2026/05/27 10:01:21.460392 | [Validate] -> {"val": 0.002205079712185516, "yes": 2047}
INFO  | 2026/05/27 10:01:21.468097 | [Submit] -> "Submitting EPOCH 100"
INFO  | 2026/05/27 10:02:28.378025 | [scheduler] -> "New learning rate = 1e-05"
INFO  | 2026/05/27 10:02:28.378620 | [Train] -> "Training EPOCH 101"
INFO  | 2026/05/27 10:10:29.860363 | [Train] -> "Finished training EPOCH 101 with loss 0.001764479447431816, saving"
INFO  | 2026/05/27 10:10:30.040907 | [Validate] -> "Validating for EPOCH 101"
INFO  | 2026/05/27 10:11:54.979708 | [Validate] -> {"val": 0.0022245213211897143, "yes": 2032}
INFO  | 2026/05/27 10:11:54.982385 | [Submit] -> "Submitting EPOCH 101"
INFO  | 2026/05/27 10:13:04.621405 | [scheduler] -> "New learning rate = 1e-05"
INFO  | 2026/05/27 10:13:04.622032 | [Train] -> "Training EPOCH 102"
INFO  | 2026/05/27 10:21:37.565019 | [Train] -> "Finished training EPOCH 102 with loss 0.001782297597243523, saving"
INFO  | 2026/05/27 10:21:37.835682 | [Validate] -> "Validating for EPOCH 102"
INFO  | 2026/05/27 10:23:02.307077 | [Validate] -> {"val": 0.0022096414257586814, "yes": 2018}
INFO  | 2026/05/27 10:23:02.309341 | [Submit] -> "Submitting EPOCH 102"
INFO  | 2026/05/27 10:24:08.646313 | [scheduler] -> "New learning rate = 1e-05"
INFO  | 2026/05/27 10:24:08.647043 | [Train] -> "Training EPOCH 103"
INFO  | 2026/05/27 10:32:19.124524 | [Train] -> "Finished training EPOCH 103 with loss 0.0017718413472610796, saving"
INFO  | 2026/05/27 10:32:19.340762 | [Validate] -> "Validating for EPOCH 103"
INFO  | 2026/05/27 10:33:42.882438 | [Validate] -> {"val": 0.0022248950576901076, "yes": 2040}
INFO  | 2026/05/27 10:33:42.884087 | [Submit] -> "Submitting EPOCH 103"
INFO  | 2026/05/27 10:34:49.939915 | [scheduler] -> "New learning rate = 1e-05"
INFO  | 2026/05/27 10:34:49.940672 | [Train] -> "Training EPOCH 104"
INFO  | 2026/05/27 10:42:49.810830 | [Train] -> "Finished training EPOCH 104 with loss 0.0017641890815798646, saving"
INFO  | 2026/05/27 10:42:50.860985 | [Validate] -> "Validating for EPOCH 104"
INFO  | 2026/05/27 10:44:16.095903 | [Validate] -> {"val": 0.0022201719749678295, "yes": 2078}
INFO  | 2026/05/27 10:44:16.097421 | [Submit] -> "Submitting EPOCH 104"
INFO  | 2026/05/27 10:45:23.646456 | [scheduler] -> "New learning rate = 1e-05"
INFO  | 2026/05/27 10:45:23.647053 | [Train] -> "Training EPOCH 105"
INFO  | 2026/05/27 10:53:23.538591 | [Train] -> "Finished training EPOCH 105 with loss 0.0017633115960505568, saving"
INFO  | 2026/05/27 10:53:23.762966 | [Validate] -> "Validating for EPOCH 105"
INFO  | 2026/05/27 10:54:48.716353 | [Validate] -> {"val": 0.002216416305262016, "yes": 2014}
INFO  | 2026/05/27 10:54:48.718187 | [Submit] -> "Submitting EPOCH 105"
INFO  | 2026/05/27 10:55:56.875600 | [scheduler] -> "New learning rate = 1e-05"
INFO  | 2026/05/27 10:55:56.876341 | [Train] -> "Training EPOCH 106"
INFO  | 2026/05/27 11:03:55.607882 | [Train] -> "Finished training EPOCH 106 with loss 0.0017539136482016807, saving"
INFO  | 2026/05/27 11:03:55.797910 | [Validate] -> "Validating for EPOCH 106"
INFO  | 2026/05/27 11:05:21.008953 | [Validate] -> {"val": 0.002215245419837058, "yes": 2042}
INFO  | 2026/05/27 11:05:21.015090 | [Submit] -> "Submitting EPOCH 106"
INFO  | 2026/05/27 11:06:28.668666 | [scheduler] -> "New learning rate = 1e-05"
INFO  | 2026/05/27 11:06:28.669426 | [Train] -> "Training EPOCH 107"
INFO  | 2026/05/27 11:14:29.098075 | [Train] -> "Finished training EPOCH 107 with loss 0.0017620642349266118, saving"
INFO  | 2026/05/27 11:14:29.303546 | [Validate] -> "Validating for EPOCH 107"
INFO  | 2026/05/27 11:16:05.384885 | [Validate] -> {"val": 0.00221934276335158, "yes": 2047}
INFO  | 2026/05/27 11:16:05.392622 | [Submit] -> "Submitting EPOCH 107"
INFO  | 2026/05/27 11:17:20.246272 | [scheduler] -> "New learning rate = 1e-05"
INFO  | 2026/05/27 11:17:20.247380 | [Train] -> "Training EPOCH 108"
INFO  | 2026/05/27 11:25:28.344851 | [Train] -> "Finished training EPOCH 108 with loss 0.001750191279238734, saving"
INFO  | 2026/05/27 11:25:28.565687 | [Validate] -> "Validating for EPOCH 108"
INFO  | 2026/05/27 11:26:53.997901 | [Validate] -> {"val": 0.0022132272390800335, "yes": 2068}
INFO  | 2026/05/27 11:26:54.001041 | [Submit] -> "Submitting EPOCH 108"
INFO  | 2026/05/27 11:28:02.307904 | [scheduler] -> "New learning rate = 1e-05"
INFO  | 2026/05/27 11:28:02.308672 | [Train] -> "Training EPOCH 109"
INFO  | 2026/05/27 11:36:01.661344 | [Train] -> "Finished training EPOCH 109 with loss 0.0017564657877918877, saving"
INFO  | 2026/05/27 11:36:01.855368 | [Validate] -> "Validating for EPOCH 109"
INFO  | 2026/05/27 11:37:26.752836 | [Validate] -> {"val": 0.002205614685091098, "yes": 2028}
INFO  | 2026/05/27 11:37:26.753699 | [Submit] -> "Submitting EPOCH 109"
INFO  | 2026/05/27 11:38:33.792061 | [scheduler] -> "New learning rate = 1e-05"
INFO  | 2026/05/27 11:38:33.792643 | [Train] -> "Training EPOCH 110"
INFO  | 2026/05/27 11:46:31.558627 | [Train] -> "Finished training EPOCH 110 with loss 0.0017540663616032546, saving"
INFO  | 2026/05/27 11:46:31.747512 | [Validate] -> "Validating for EPOCH 110"
INFO  | 2026/05/27 11:47:56.411516 | [Validate] -> {"val": 0.00224302356354053, "yes": 2061}
INFO  | 2026/05/27 11:47:56.413208 | [Submit] -> "Submitting EPOCH 110"
INFO  | 2026/05/27 11:49:03.323147 | [scheduler] -> "New learning rate = 1e-05"
INFO  | 2026/05/27 11:49:03.323782 | [Train] -> "Training EPOCH 111"
INFO  | 2026/05/27 11:57:01.517423 | [Train] -> "Finished training EPOCH 111 with loss 0.001755463499416281, saving"
INFO  | 2026/05/27 11:57:01.697372 | [Validate] -> "Validating for EPOCH 111"
INFO  | 2026/05/27 11:58:27.139081 | [Validate] -> {"val": 0.0022192949190232253, "yes": 2051}
INFO  | 2026/05/27 11:58:27.139890 | [Submit] -> "Submitting EPOCH 111"
INFO  | 2026/05/27 11:59:34.337446 | [scheduler] -> "New learning rate = 1e-05"
INFO  | 2026/05/27 11:59:34.338060 | [Train] -> "Training EPOCH 112"
INFO  | 2026/05/27 12:07:30.902271 | [Train] -> "Finished training EPOCH 112 with loss 0.0017403301010430557, saving"
INFO  | 2026/05/27 12:07:31.098104 | [Validate] -> "Validating for EPOCH 112"
INFO  | 2026/05/27 12:08:55.641726 | [Validate] -> {"val": 0.002203032334364252, "yes": 2064}
INFO  | 2026/05/27 12:08:55.643178 | [Submit] -> "Submitting EPOCH 112"
INFO  | 2026/05/27 12:10:02.252826 | [scheduler] -> "New learning rate = 1e-05"
INFO  | 2026/05/27 12:10:02.253313 | [Train] -> "Training EPOCH 113"
INFO  | 2026/05/27 12:18:01.595528 | [Train] -> "Finished training EPOCH 113 with loss 0.0017429217435434067, saving"
INFO  | 2026/05/27 12:18:01.802424 | [Validate] -> "Validating for EPOCH 113"
INFO  | 2026/05/27 12:19:27.660395 | [Validate] -> {"val": 0.002235723392893073, "yes": 2021}
INFO  | 2026/05/27 12:19:27.661882 | [Submit] -> "Submitting EPOCH 113"
INFO  | 2026/05/27 12:20:35.745705 | [scheduler] -> "New learning rate = 1e-05"
INFO  | 2026/05/27 12:20:35.746421 | [Train] -> "Training EPOCH 114"
INFO  | 2026/05/27 12:28:38.091271 | [Train] -> "Finished training EPOCH 114 with loss 0.0017456882137869053, saving"
INFO  | 2026/05/27 12:28:38.342385 | [Validate] -> "Validating for EPOCH 114"
INFO  | 2026/05/27 12:30:03.451860 | [Validate] -> {"val": 0.0022052684757380672, "yes": 2085}
INFO  | 2026/05/27 12:30:03.453986 | [Submit] -> "Submitting EPOCH 114"
INFO  | 2026/05/27 12:31:10.346650 | [scheduler] -> "New learning rate = 1e-05"
INFO  | 2026/05/27 12:31:10.347084 | [Train] -> "Training EPOCH 115"
INFO  | 2026/05/27 12:39:07.798577 | [Train] -> "Finished training EPOCH 115 with loss 0.0017449408802610018, saving"
INFO  | 2026/05/27 12:39:08.023343 | [Validate] -> "Validating for EPOCH 115"
INFO  | 2026/05/27 12:40:33.468877 | [Validate] -> {"val": 0.0022211017481864937, "yes": 2057}
INFO  | 2026/05/27 12:40:33.470802 | [Submit] -> "Submitting EPOCH 115"
INFO  | 2026/05/27 12:41:40.472169 | [scheduler] -> "New learning rate = 1e-05"
INFO  | 2026/05/27 12:41:40.472931 | [Train] -> "Training EPOCH 116"
INFO  | 2026/05/27 12:49:40.690187 | [Train] -> "Finished training EPOCH 116 with loss 0.0017398008458734116, saving"
INFO  | 2026/05/27 12:49:40.887996 | [Validate] -> "Validating for EPOCH 116"
INFO  | 2026/05/27 12:51:05.692827 | [Validate] -> {"val": 0.002220656742327603, "yes": 2043}
INFO  | 2026/05/27 12:51:05.694587 | [Submit] -> "Submitting EPOCH 116"
INFO  | 2026/05/27 12:52:13.152812 | [scheduler] -> "New learning rate = 1e-05"
INFO  | 2026/05/27 12:52:13.153345 | [Train] -> "Training EPOCH 117"
INFO  | 2026/05/27 13:00:10.362337 | [Train] -> "Finished training EPOCH 117 with loss 0.001743868864148658, saving"
INFO  | 2026/05/27 13:00:10.560624 | [Validate] -> "Validating for EPOCH 117"
INFO  | 2026/05/27 13:01:35.736822 | [Validate] -> {"val": 0.0022394842883439324, "yes": 2015}
INFO  | 2026/05/27 13:01:35.738391 | [Submit] -> "Submitting EPOCH 117"
INFO  | 2026/05/27 13:02:42.335010 | [scheduler] -> "New learning rate = 1e-05"
INFO  | 2026/05/27 13:02:42.335801 | [Train] -> "Training EPOCH 118"
INFO  | 2026/05/27 13:10:40.991286 | [Train] -> "Finished training EPOCH 118 with loss 0.001740518628222131, saving"
INFO  | 2026/05/27 13:10:41.174908 | [Validate] -> "Validating for EPOCH 118"
INFO  | 2026/05/27 13:12:06.796798 | [Validate] -> {"val": 0.002217680519056875, "yes": 2034}
INFO  | 2026/05/27 13:12:06.799030 | [Submit] -> "Submitting EPOCH 118"
INFO  | 2026/05/27 13:13:13.338283 | [scheduler] -> "New learning rate = 1e-05"
INFO  | 2026/05/27 13:13:13.338879 | [Train] -> "Training EPOCH 119"
INFO  | 2026/05/27 13:21:16.086916 | [Train] -> "Finished training EPOCH 119 with loss 0.0017313396122968084, saving"
INFO  | 2026/05/27 13:21:16.992082 | [Validate] -> "Validating for EPOCH 119"
INFO  | 2026/05/27 13:22:42.067237 | [Validate] -> {"val": 0.002249212451800325, "yes": 2021}
INFO  | 2026/05/27 13:22:42.069579 | [Submit] -> "Submitting EPOCH 119"
INFO  | 2026/05/27 13:23:48.424565 | [scheduler] -> "New learning rate = 1e-05"
INFO  | 2026/05/27 13:23:48.425193 | [Train] -> "Training EPOCH 120"
INFO  | 2026/05/27 13:31:49.278294 | [Train] -> "Finished training EPOCH 120 with loss 0.0017337088920306588, saving"
INFO  | 2026/05/27 13:31:49.472253 | [Validate] -> "Validating for EPOCH 120"
INFO  | 2026/05/27 13:33:14.694176 | [Validate] -> {"val": 0.002251469832878874, "yes": 1988}
INFO  | 2026/05/27 13:33:14.697043 | [Submit] -> "Submitting EPOCH 120"
INFO  | 2026/05/27 13:34:22.300958 | [scheduler] -> "New learning rate = 1e-05"
INFO  | 2026/05/27 13:34:22.301749 | [Train] -> "Training EPOCH 121"
INFO  | 2026/05/27 13:42:20.824402 | [Train] -> "Finished training EPOCH 121 with loss 0.001725593284156893, saving"
INFO  | 2026/05/27 13:42:21.021603 | [Validate] -> "Validating for EPOCH 121"
INFO  | 2026/05/27 13:43:46.769286 | [Validate] -> {"val": 0.002251361852676234, "yes": 2025}
INFO  | 2026/05/27 13:43:46.770211 | [Submit] -> "Submitting EPOCH 121"
INFO  | 2026/05/27 13:44:53.750452 | [scheduler] -> "New learning rate = 1e-05"
INFO  | 2026/05/27 13:44:53.751070 | [Train] -> "Training EPOCH 122"
INFO  | 2026/05/27 13:52:51.091262 | [Train] -> "Finished training EPOCH 122 with loss 0.0017381204956216953, saving"
INFO  | 2026/05/27 13:52:51.276433 | [Validate] -> "Validating for EPOCH 122"
INFO  | 2026/05/27 13:54:16.487418 | [Validate] -> {"val": 0.0022045454707674867, "yes": 2085}
INFO  | 2026/05/27 13:54:16.489042 | [Submit] -> "Submitting EPOCH 122"
INFO  | 2026/05/27 13:55:22.737964 | [scheduler] -> "New learning rate = 1e-05"
INFO  | 2026/05/27 13:55:22.738598 | [Train] -> "Training EPOCH 123"
INFO  | 2026/05/27 14:03:19.889068 | [Train] -> "Finished training EPOCH 123 with loss 0.0017313963112006445, saving"
INFO  | 2026/05/27 14:03:20.076833 | [Validate] -> "Validating for EPOCH 123"
INFO  | 2026/05/27 14:04:46.150754 | [Validate] -> {"val": 0.0022371906825567347, "yes": 2058}
INFO  | 2026/05/27 14:04:46.233638 | [Submit] -> "Submitting EPOCH 123"
INFO  | 2026/05/27 14:05:53.449639 | [scheduler] -> "New learning rate = 1e-05"
INFO  | 2026/05/27 14:05:53.450389 | [Train] -> "Training EPOCH 124"
INFO  | 2026/05/27 14:12:10.501642 | [Train] -> "Training EPOCH 124"
INFO  | 2026/05/27 14:20:17.115927 | [Train] -> "Finished training EPOCH 124 with loss 0.0017695577252682332, saving"
INFO  | 2026/05/27 14:20:17.302674 | [Validate] -> "Validating for EPOCH 124"
INFO  | 2026/05/27 14:21:42.986380 | [Validate] -> {"val": 0.002344971391383212, "yes": 1953}
INFO  | 2026/05/27 14:21:42.987513 | [Submit] -> "Submitting EPOCH 124"
INFO  | 2026/05/27 14:22:48.177518 | [scheduler] -> "New learning rate = 0.0001"
INFO  | 2026/05/27 14:22:48.178145 | [Train] -> "Training EPOCH 125"
INFO  | 2026/05/27 14:30:49.221991 | [Train] -> "Finished training EPOCH 125 with loss 0.001787457706782433, saving"
INFO  | 2026/05/27 14:30:49.395953 | [Validate] -> "Validating for EPOCH 125"
INFO  | 2026/05/27 14:32:13.387443 | [Validate] -> {"val": 0.0022826728230473576, "yes": 1983}
INFO  | 2026/05/27 14:32:13.388314 | [Submit] -> "Submitting EPOCH 125"
INFO  | 2026/05/27 14:33:18.755991 | [scheduler] -> "New learning rate = 0.0001"
INFO  | 2026/05/27 14:33:18.756516 | [Train] -> "Training EPOCH 126"
INFO  | 2026/05/27 14:41:10.014703 | [Train] -> "Finished training EPOCH 126 with loss 0.001761960869145832, saving"
INFO  | 2026/05/27 14:41:10.193686 | [Validate] -> "Validating for EPOCH 126"
INFO  | 2026/05/27 14:42:34.043198 | [Validate] -> {"val": 0.002271851680805327, "yes": 2064}
INFO  | 2026/05/27 14:42:34.044489 | [Submit] -> "Submitting EPOCH 126"
INFO  | 2026/05/27 14:43:37.429165 | [scheduler] -> "New learning rate = 0.0001"
INFO  | 2026/05/27 14:43:37.429708 | [Train] -> "Training EPOCH 127"
INFO  | 2026/05/27 14:51:29.766972 | [Train] -> "Finished training EPOCH 127 with loss 0.0017837504169764431, saving"
INFO  | 2026/05/27 14:51:29.932858 | [Validate] -> "Validating for EPOCH 127"
INFO  | 2026/05/27 14:52:53.715041 | [Validate] -> {"val": 0.0022447701256084634, "yes": 1957}
INFO  | 2026/05/27 14:52:53.715772 | [Submit] -> "Submitting EPOCH 127"
INFO  | 2026/05/27 14:53:59.519343 | [scheduler] -> "New learning rate = 0.0001"
INFO  | 2026/05/27 14:53:59.520577 | [Train] -> "Training EPOCH 128"
INFO  | 2026/05/27 15:01:52.542646 | [Train] -> "Finished training EPOCH 128 with loss 0.0017395493657127998, saving"
INFO  | 2026/05/27 15:01:52.750794 | [Validate] -> "Validating for EPOCH 128"
INFO  | 2026/05/27 15:03:16.572347 | [Validate] -> {"val": 0.0022541584285770727, "yes": 2051}
INFO  | 2026/05/27 15:03:16.573637 | [Submit] -> "Submitting EPOCH 128"
INFO  | 2026/05/27 15:04:21.341791 | [scheduler] -> "New learning rate = 0.0001"
INFO  | 2026/05/27 15:04:21.342897 | [Train] -> "Training EPOCH 129"
INFO  | 2026/05/27 15:12:17.377263 | [Train] -> "Finished training EPOCH 129 with loss 0.0017700577877908714, saving"
INFO  | 2026/05/27 15:12:17.550537 | [Validate] -> "Validating for EPOCH 129"
INFO  | 2026/05/27 15:13:40.742914 | [Validate] -> {"val": 0.0022922424158909856, "yes": 1958}
INFO  | 2026/05/27 15:13:40.743565 | [Submit] -> "Submitting EPOCH 129"
INFO  | 2026/05/27 15:14:45.071447 | [scheduler] -> "New learning rate = 0.0001"
INFO  | 2026/05/27 15:14:45.072049 | [Train] -> "Training EPOCH 130"
INFO  | 2026/05/27 15:22:30.410402 | [Train] -> "Finished training EPOCH 130 with loss 0.0017495278099688158, saving"
INFO  | 2026/05/27 15:22:30.685546 | [Validate] -> "Validating for EPOCH 130"
INFO  | 2026/05/27 15:23:53.872315 | [Validate] -> {"val": 0.002219589030150822, "yes": 2005}
INFO  | 2026/05/27 15:23:53.872961 | [Submit] -> "Submitting EPOCH 130"
INFO  | 2026/05/27 15:24:58.234362 | [scheduler] -> "New learning rate = 0.0001"
INFO  | 2026/05/27 15:24:58.234943 | [Train] -> "Training EPOCH 131"
INFO  | 2026/05/27 15:32:43.432581 | [Train] -> "Finished training EPOCH 131 with loss 0.0017230509503271627, saving"
INFO  | 2026/05/27 15:32:43.598852 | [Validate] -> "Validating for EPOCH 131"
INFO  | 2026/05/27 15:34:06.793472 | [Validate] -> {"val": 0.0022475906520158725, "yes": 2058}
INFO  | 2026/05/27 15:34:06.794165 | [Submit] -> "Submitting EPOCH 131"
INFO  | 2026/05/27 15:35:11.211913 | [scheduler] -> "New learning rate = 0.0001"
INFO  | 2026/05/27 15:35:11.212479 | [Train] -> "Training EPOCH 132"
INFO  | 2026/05/27 15:42:58.359053 | [Train] -> "Finished training EPOCH 132 with loss 0.0017234369637691227, saving"
INFO  | 2026/05/27 15:42:58.529753 | [Validate] -> "Validating for EPOCH 132"
INFO  | 2026/05/27 15:44:21.620324 | [Validate] -> {"val": 0.0022553714148078902, "yes": 1972}
INFO  | 2026/05/27 15:44:21.621027 | [Submit] -> "Submitting EPOCH 132"
INFO  | 2026/05/27 15:45:25.412484 | [scheduler] -> "New learning rate = 0.0001"
INFO  | 2026/05/27 15:45:25.413047 | [Train] -> "Training EPOCH 133"
INFO  | 2026/05/27 15:53:11.419391 | [Train] -> "Finished training EPOCH 133 with loss 0.0017047145630224286, saving"
INFO  | 2026/05/27 15:53:11.592240 | [Validate] -> "Validating for EPOCH 133"
INFO  | 2026/05/27 15:54:34.674783 | [Validate] -> {"val": 0.0022708280600010427, "yes": 2013}
INFO  | 2026/05/27 15:54:34.678539 | [Submit] -> "Submitting EPOCH 133"
INFO  | 2026/05/27 15:55:40.574838 | [scheduler] -> "New learning rate = 0.0001"
INFO  | 2026/05/27 15:55:40.575455 | [Train] -> "Training EPOCH 134"
INFO  | 2026/05/27 16:03:25.887719 | [Train] -> "Finished training EPOCH 134 with loss 0.001691323964504055, saving"
INFO  | 2026/05/27 16:03:26.057256 | [Validate] -> "Validating for EPOCH 134"
INFO  | 2026/05/27 16:04:49.220928 | [Validate] -> {"val": 0.0022274722350418817, "yes": 2010}
INFO  | 2026/05/27 16:04:49.221598 | [Submit] -> "Submitting EPOCH 134"
INFO  | 2026/05/27 16:05:54.271076 | [scheduler] -> "New learning rate = 1e-05"
INFO  | 2026/05/27 16:05:54.271702 | [Train] -> "Training EPOCH 135"
INFO  | 2026/05/27 16:13:40.380123 | [Train] -> "Finished training EPOCH 135 with loss 0.0016507299964002846, saving"
INFO  | 2026/05/27 16:13:40.547962 | [Validate] -> "Validating for EPOCH 135"
INFO  | 2026/05/27 16:15:03.685551 | [Validate] -> {"val": 0.002235001493952654, "yes": 2078}
INFO  | 2026/05/27 16:15:03.686204 | [Submit] -> "Submitting EPOCH 135"
INFO  | 2026/05/27 16:16:08.757361 | [scheduler] -> "New learning rate = 1e-05"
INFO  | 2026/05/27 16:16:08.757939 | [Train] -> "Training EPOCH 136"
INFO  | 2026/05/27 16:23:54.118683 | [Train] -> "Finished training EPOCH 136 with loss 0.001640495871240128, saving"
INFO  | 2026/05/27 16:23:54.290064 | [Validate] -> "Validating for EPOCH 136"
INFO  | 2026/05/27 16:25:17.377853 | [Validate] -> {"val": 0.0022261411375988837, "yes": 2063}
INFO  | 2026/05/27 16:25:17.378522 | [Submit] -> "Submitting EPOCH 136"
INFO  | 2026/05/27 16:26:21.676950 | [scheduler] -> "New learning rate = 1e-05"
INFO  | 2026/05/27 16:26:21.677535 | [Train] -> "Training EPOCH 137"
INFO  | 2026/05/27 16:34:06.903025 | [Train] -> "Finished training EPOCH 137 with loss 0.0016276942038360252, saving"
INFO  | 2026/05/27 16:34:07.074108 | [Validate] -> "Validating for EPOCH 137"
INFO  | 2026/05/27 16:35:30.521714 | [Validate] -> {"val": 0.0022290092477538397, "yes": 2086}
INFO  | 2026/05/27 16:35:30.523161 | [Submit] -> "Submitting EPOCH 137"
INFO  | 2026/05/27 16:36:35.946398 | [scheduler] -> "New learning rate = 1e-05"
INFO  | 2026/05/27 16:36:35.946992 | [Train] -> "Training EPOCH 138"
INFO  | 2026/05/27 16:44:21.602119 | [Train] -> "Finished training EPOCH 138 with loss 0.001623562887721518, saving"
INFO  | 2026/05/27 16:44:21.767715 | [Validate] -> "Validating for EPOCH 138"
INFO  | 2026/05/27 16:45:44.894553 | [Validate] -> {"val": 0.0022592808084080517, "yes": 2042}
INFO  | 2026/05/27 16:45:44.895314 | [Submit] -> "Submitting EPOCH 138"
INFO  | 2026/05/27 16:46:50.120049 | [scheduler] -> "New learning rate = 1e-05"
INFO  | 2026/05/27 16:46:50.121271 | [Train] -> "Training EPOCH 139"
INFO  | 2026/05/27 16:54:35.651525 | [Train] -> "Finished training EPOCH 139 with loss 0.0016199907293032588, saving"
INFO  | 2026/05/27 16:54:35.823709 | [Validate] -> "Validating for EPOCH 139"
INFO  | 2026/05/27 16:55:59.004014 | [Validate] -> {"val": 0.0022434002860600866, "yes": 2028}
INFO  | 2026/05/27 16:55:59.005144 | [Submit] -> "Submitting EPOCH 139"
INFO  | 2026/05/27 16:57:02.971838 | [scheduler] -> "New learning rate = 1e-05"
INFO  | 2026/05/27 16:57:02.973372 | [Train] -> "Training EPOCH 140"
INFO  | 2026/05/27 17:04:48.188868 | [Train] -> "Finished training EPOCH 140 with loss 0.001612133719317174, saving"
INFO  | 2026/05/27 17:04:48.359244 | [Validate] -> "Validating for EPOCH 140"
INFO  | 2026/05/27 17:06:11.384355 | [Validate] -> {"val": 0.002247909155875975, "yes": 2019}
INFO  | 2026/05/27 17:06:11.385024 | [Submit] -> "Submitting EPOCH 140"
INFO  | 2026/05/27 17:07:15.873210 | [scheduler] -> "New learning rate = 1e-05"
INFO  | 2026/05/27 17:07:15.874758 | [Train] -> "Training EPOCH 141"
INFO  | 2026/05/27 17:15:01.169403 | [Train] -> "Finished training EPOCH 141 with loss 0.001609551708498314, saving"
INFO  | 2026/05/27 17:15:01.338532 | [Validate] -> "Validating for EPOCH 141"
INFO  | 2026/05/27 17:16:24.480392 | [Validate] -> {"val": 0.00226599308142647, "yes": 2101}
INFO  | 2026/05/27 17:16:24.481128 | [Submit] -> "Submitting EPOCH 141"
INFO  | 2026/05/27 17:17:29.699903 | [scheduler] -> "New learning rate = 1e-05"
INFO  | 2026/05/27 17:17:29.700568 | [Train] -> "Training EPOCH 142"
INFO  | 2026/05/27 17:25:14.933663 | [Train] -> "Finished training EPOCH 142 with loss 0.0016144301652737147, saving"
INFO  | 2026/05/27 17:25:15.103266 | [Validate] -> "Validating for EPOCH 142"
INFO  | 2026/05/27 17:26:38.450530 | [Validate] -> {"val": 0.0022554972057087282, "yes": 2044}
INFO  | 2026/05/27 17:26:38.451283 | [Submit] -> "Submitting EPOCH 142"
INFO  | 2026/05/27 17:27:43.022576 | [scheduler] -> "New learning rate = 1e-05"
INFO  | 2026/05/27 17:27:43.023152 | [Train] -> "Training EPOCH 143"
INFO  | 2026/05/27 17:35:28.214353 | [Train] -> "Finished training EPOCH 143 with loss 0.001599204428805868, saving"
INFO  | 2026/05/27 17:35:28.386445 | [Validate] -> "Validating for EPOCH 143"
INFO  | 2026/05/27 17:36:51.437110 | [Validate] -> {"val": 0.0022743452104488065, "yes": 2069}
INFO  | 2026/05/27 17:36:51.437842 | [Submit] -> "Submitting EPOCH 143"
INFO  | 2026/05/27 17:37:55.284328 | [scheduler] -> "New learning rate = 1e-05"
INFO  | 2026/05/27 17:37:55.284912 | [Train] -> "Training EPOCH 144"
INFO  | 2026/05/27 17:45:40.502592 | [Train] -> "Finished training EPOCH 144 with loss 0.0016216346899386948, saving"
INFO  | 2026/05/27 17:45:40.672147 | [Validate] -> "Validating for EPOCH 144"
INFO  | 2026/05/27 17:47:03.804036 | [Validate] -> {"val": 0.002276481363582587, "yes": 2108}
INFO  | 2026/05/27 17:47:03.804750 | [Submit] -> "Submitting EPOCH 144"
INFO  | 2026/05/27 17:48:08.754225 | [scheduler] -> "New learning rate = 1e-05"
INFO  | 2026/05/27 17:48:08.754846 | [Train] -> "Training EPOCH 145"
INFO  | 2026/05/27 17:55:54.131215 | [Train] -> "Finished training EPOCH 145 with loss 0.0015969097909134613, saving"
INFO  | 2026/05/27 17:55:54.374011 | [Validate] -> "Validating for EPOCH 145"
INFO  | 2026/05/27 17:57:17.503255 | [Validate] -> {"val": 0.0022622441304752843, "yes": 2059}
INFO  | 2026/05/27 17:57:17.504068 | [Submit] -> "Submitting EPOCH 145"
INFO  | 2026/05/27 17:58:21.980084 | [scheduler] -> "New learning rate = 1e-05"
INFO  | 2026/05/27 17:58:21.981643 | [Train] -> "Training EPOCH 146"
INFO  | 2026/05/27 18:06:07.223210 | [Train] -> "Finished training EPOCH 146 with loss 0.0015931659078187777, saving"
INFO  | 2026/05/27 18:06:07.396601 | [Validate] -> "Validating for EPOCH 146"
INFO  | 2026/05/27 18:07:30.990345 | [Validate] -> {"val": 0.002244761978481831, "yes": 2041}
INFO  | 2026/05/27 18:07:30.992292 | [Submit] -> "Submitting EPOCH 146"
INFO  | 2026/05/27 18:08:35.581259 | [scheduler] -> "New learning rate = 1e-05"
INFO  | 2026/05/27 18:08:35.581846 | [Train] -> "Training EPOCH 147"
INFO  | 2026/05/27 18:16:18.963654 | [Train] -> "Finished training EPOCH 147 with loss 0.0015900601021077983, saving"
INFO  | 2026/05/27 18:16:19.137694 | [Validate] -> "Validating for EPOCH 147"
INFO  | 2026/05/27 18:17:42.598562 | [Validate] -> {"val": 0.002274516611451386, "yes": 2026}
INFO  | 2026/05/27 18:17:42.599929 | [Submit] -> "Submitting EPOCH 147"
INFO  | 2026/05/27 18:18:47.028698 | [scheduler] -> "New learning rate = 1e-05"
INFO  | 2026/05/27 18:18:47.029314 | [Train] -> "Training EPOCH 148"
INFO  | 2026/05/27 18:26:32.705147 | [Train] -> "Finished training EPOCH 148 with loss 0.0015848666537231027, saving"
INFO  | 2026/05/27 18:26:32.877575 | [Validate] -> "Validating for EPOCH 148"
INFO  | 2026/05/27 18:27:55.926046 | [Validate] -> {"val": 0.0022688925400448064, "yes": 2068}
INFO  | 2026/05/27 18:27:55.926660 | [Submit] -> "Submitting EPOCH 148"
INFO  | 2026/05/27 18:29:01.074311 | [scheduler] -> "New learning rate = 1e-05"
INFO  | 2026/05/27 18:29:01.075688 | [Train] -> "Training EPOCH 149"
INFO  | 2026/05/27 18:36:46.185656 | [Train] -> "Finished training EPOCH 149 with loss 0.0015889554271819738, saving"
INFO  | 2026/05/27 18:36:46.360736 | [Validate] -> "Validating for EPOCH 149"
INFO  | 2026/05/27 18:38:09.502040 | [Validate] -> {"val": 0.00227599642219206, "yes": 2083}
INFO  | 2026/05/27 18:38:09.502773 | [Submit] -> "Submitting EPOCH 149"
INFO  | 2026/05/27 18:39:13.981547 | [scheduler] -> "New learning rate = 1e-05"
INFO  | 2026/05/29 01:09:31.001506 | [Train] -> "Training EPOCH 150"
INFO  | 2026/05/29 01:17:17.710927 | [Train] -> "Finished training EPOCH 150 with loss 0.001642996744024988, saving"
INFO  | 2026/05/29 01:17:17.888385 | [Validate] -> "Validating for EPOCH 150"
INFO  | 2026/05/29 01:18:41.413125 | [Validate] -> {"val": 0.002279466888488292, "yes": 2011}
INFO  | 2026/05/29 01:18:41.414189 | [Submit] -> "Submitting EPOCH 150"
INFO  | 2026/05/29 01:19:46.892683 | [scheduler] -> "New learning rate = 0.0001"
INFO  | 2026/05/29 01:19:46.893221 | [Train] -> "Training EPOCH 151"
INFO  | 2026/05/29 01:27:33.687346 | [Train] -> "Finished training EPOCH 151 with loss 0.001648915694508632, saving"
INFO  | 2026/05/29 01:27:33.854523 | [Validate] -> "Validating for EPOCH 151"
INFO  | 2026/05/29 01:28:57.126214 | [Validate] -> {"val": 0.0024069950999292752, "yes": 2080}
INFO  | 2026/05/29 01:28:57.127452 | [Submit] -> "Submitting EPOCH 151"
INFO  | 2026/05/29 01:30:02.782631 | [scheduler] -> "New learning rate = 0.0001"
INFO  | 2026/05/29 01:30:02.783221 | [Train] -> "Training EPOCH 152"
INFO  | 2026/05/29 01:37:48.572976 | [Train] -> "Finished training EPOCH 152 with loss 0.0016457945119293634, saving"
INFO  | 2026/05/29 01:37:48.744162 | [Validate] -> "Validating for EPOCH 152"
INFO  | 2026/05/29 01:39:11.918811 | [Validate] -> {"val": 0.002318485709618598, "yes": 2013}
INFO  | 2026/05/29 01:39:11.919835 | [Submit] -> "Submitting EPOCH 152"
INFO  | 2026/05/29 01:40:16.585489 | [scheduler] -> "New learning rate = 0.0001"
INFO  | 2026/05/29 01:40:16.586076 | [Train] -> "Training EPOCH 153"
INFO  | 2026/05/29 01:48:02.002783 | [Train] -> "Finished training EPOCH 153 with loss 0.001612718608970188, saving"
INFO  | 2026/05/29 01:48:02.184754 | [Validate] -> "Validating for EPOCH 153"
INFO  | 2026/05/29 01:49:25.539105 | [Validate] -> {"val": 0.002320567035619819, "yes": 1992}
INFO  | 2026/05/29 01:49:25.540074 | [Submit] -> "Submitting EPOCH 153"
INFO  | 2026/05/29 01:50:31.431447 | [scheduler] -> "New learning rate = 0.0001"
INFO  | 2026/05/29 01:50:31.432039 | [Train] -> "Training EPOCH 154"
INFO  | 2026/05/29 01:58:17.023396 | [Train] -> "Finished training EPOCH 154 with loss 0.0016209247318601289, saving"
INFO  | 2026/05/29 01:58:17.198629 | [Validate] -> "Validating for EPOCH 154"
INFO  | 2026/05/29 01:59:40.711849 | [Validate] -> {"val": 0.0023279975818674523, "yes": 1967}
INFO  | 2026/05/29 01:59:40.712802 | [Submit] -> "Submitting EPOCH 154"
INFO  | 2026/05/29 02:00:46.072512 | [scheduler] -> "New learning rate = 1e-05"
INFO  | 2026/05/29 02:00:46.073129 | [Train] -> "Training EPOCH 155"
INFO  | 2026/05/29 02:08:34.073288 | [Train] -> "Finished training EPOCH 155 with loss 0.001578774961978023, saving"
INFO  | 2026/05/29 02:08:34.259926 | [Validate] -> "Validating for EPOCH 155"
INFO  | 2026/05/29 02:09:58.147959 | [Validate] -> {"val": 0.002295350237968811, "yes": 2008}
INFO  | 2026/05/29 02:09:58.150225 | [Submit] -> "Submitting EPOCH 155"
INFO  | 2026/05/29 02:11:03.911788 | [scheduler] -> "New learning rate = 1e-05"
INFO  | 2026/05/29 02:11:03.912384 | [Train] -> "Training EPOCH 156"
INFO  | 2026/05/29 02:18:50.036467 | [Train] -> "Finished training EPOCH 156 with loss 0.0015680899217251885, saving"
INFO  | 2026/05/29 02:18:50.209786 | [Validate] -> "Validating for EPOCH 156"
INFO  | 2026/05/29 02:20:13.880388 | [Validate] -> {"val": 0.0023206646332847563, "yes": 2051}
INFO  | 2026/05/29 02:20:13.881888 | [Submit] -> "Submitting EPOCH 156"
INFO  | 2026/05/29 02:21:19.591966 | [scheduler] -> "New learning rate = 1e-05"
INFO  | 2026/05/29 02:21:19.593264 | [Train] -> "Training EPOCH 157"
INFO  | 2026/05/29 02:29:05.569727 | [Train] -> "Finished training EPOCH 157 with loss 0.0015502315064648462, saving"
INFO  | 2026/05/29 02:29:05.739925 | [Validate] -> "Validating for EPOCH 157"
INFO  | 2026/05/29 02:30:29.375096 | [Validate] -> {"val": 0.0023006875697235024, "yes": 2062}
INFO  | 2026/05/29 02:30:29.375993 | [Submit] -> "Submitting EPOCH 157"
INFO  | 2026/05/29 02:31:36.344712 | [scheduler] -> "New learning rate = 1e-05"
INFO  | 2026/05/29 02:31:36.345319 | [Train] -> "Training EPOCH 158"
INFO  | 2026/05/29 02:39:22.391069 | [Train] -> "Finished training EPOCH 158 with loss 0.0015496701583472253, saving"
INFO  | 2026/05/29 02:39:22.564201 | [Validate] -> "Validating for EPOCH 158"
INFO  | 2026/05/29 02:40:46.175453 | [Validate] -> {"val": 0.002332467682335423, "yes": 2036}
INFO  | 2026/05/29 02:40:46.177087 | [Submit] -> "Submitting EPOCH 158"
INFO  | 2026/05/29 02:41:52.228155 | [scheduler] -> "New learning rate = 1e-05"
INFO  | 2026/05/29 02:41:52.228740 | [Train] -> "Training EPOCH 159"
INFO  | 2026/05/29 02:49:38.185689 | [Train] -> "Finished training EPOCH 159 with loss 0.0015410962849318679, saving"
INFO  | 2026/05/29 02:49:38.366706 | [Validate] -> "Validating for EPOCH 159"
INFO  | 2026/05/29 02:51:01.878863 | [Validate] -> {"val": 0.002307792233782387, "yes": 2093}
INFO  | 2026/05/29 02:51:01.880409 | [Submit] -> "Submitting EPOCH 159"
INFO  | 2026/05/29 02:52:08.425719 | [scheduler] -> "New learning rate = 1e-05"
INFO  | 2026/05/29 02:52:08.427039 | [Train] -> "Training EPOCH 160"
INFO  | 2026/05/29 02:59:54.586445 | [Train] -> "Finished training EPOCH 160 with loss 0.001541754442580462, saving"
INFO  | 2026/05/29 02:59:54.764913 | [Validate] -> "Validating for EPOCH 160"
INFO  | 2026/05/29 03:01:18.223908 | [Validate] -> {"val": 0.002320319768376405, "yes": 2020}
INFO  | 2026/05/29 03:01:18.225426 | [Submit] -> "Submitting EPOCH 160"
INFO  | 2026/05/29 03:02:22.702151 | [scheduler] -> "New learning rate = 1e-05"
INFO  | 2026/05/29 03:02:22.702726 | [Train] -> "Training EPOCH 161"
INFO  | 2026/05/29 03:10:10.179450 | [Train] -> "Finished training EPOCH 161 with loss 0.001529472480916833, saving"
INFO  | 2026/05/29 03:10:10.354617 | [Validate] -> "Validating for EPOCH 161"
INFO  | 2026/05/29 03:11:33.914359 | [Validate] -> {"val": 0.0023249417284014907, "yes": 2060}
INFO  | 2026/05/29 03:11:33.916672 | [Submit] -> "Submitting EPOCH 161"
INFO  | 2026/05/29 03:12:39.671550 | [scheduler] -> "New learning rate = 1e-05"
INFO  | 2026/05/29 03:12:39.672195 | [Train] -> "Training EPOCH 162"
INFO  | 2026/05/29 03:20:25.533616 | [Train] -> "Finished training EPOCH 162 with loss 0.001530836511409125, saving"
INFO  | 2026/05/29 03:20:25.706507 | [Validate] -> "Validating for EPOCH 162"
INFO  | 2026/05/29 03:21:49.164326 | [Validate] -> {"val": 0.0023380039336104324, "yes": 2025}
INFO  | 2026/05/29 03:21:49.165738 | [Submit] -> "Submitting EPOCH 162"
INFO  | 2026/05/29 03:22:54.719004 | [scheduler] -> "New learning rate = 1e-05"
INFO  | 2026/05/29 03:22:54.719619 | [Train] -> "Training EPOCH 163"
INFO  | 2026/05/29 03:30:40.816157 | [Train] -> "Finished training EPOCH 163 with loss 0.001528365077121572, saving"
INFO  | 2026/05/29 03:30:40.984697 | [Validate] -> "Validating for EPOCH 163"
INFO  | 2026/05/29 03:32:04.590905 | [Validate] -> {"val": 0.0023253741135196705, "yes": 2076}
INFO  | 2026/05/29 03:32:04.592309 | [Submit] -> "Submitting EPOCH 163"
INFO  | 2026/05/29 03:33:09.558340 | [scheduler] -> "New learning rate = 1e-05"
INFO  | 2026/05/29 03:33:09.558942 | [Train] -> "Training EPOCH 164"
INFO  | 2026/05/29 03:40:56.454005 | [Train] -> "Finished training EPOCH 164 with loss 0.0015262148092425431, saving"
INFO  | 2026/05/29 03:40:56.709821 | [Validate] -> "Validating for EPOCH 164"
INFO  | 2026/05/29 03:42:20.333553 | [Validate] -> {"val": 0.0023389502235066934, "yes": 2047}
INFO  | 2026/05/29 03:42:20.335406 | [Submit] -> "Submitting EPOCH 164"
INFO  | 2026/05/29 03:43:29.484016 | [scheduler] -> "New learning rate = 1e-05"
INFO  | 2026/05/29 03:43:29.484558 | [Train] -> "Training EPOCH 165"
INFO  | 2026/05/29 03:51:15.761305 | [Train] -> "Finished training EPOCH 165 with loss 0.001525238188849675, saving"
INFO  | 2026/05/29 03:51:15.938986 | [Validate] -> "Validating for EPOCH 165"
INFO  | 2026/05/29 03:52:39.559325 | [Validate] -> {"val": 0.002332235738343348, "yes": 2072}
INFO  | 2026/05/29 03:52:39.560348 | [Submit] -> "Submitting EPOCH 165"
INFO  | 2026/05/29 03:53:44.531575 | [scheduler] -> "New learning rate = 1e-05"
INFO  | 2026/05/29 03:53:44.532189 | [Train] -> "Training EPOCH 166"
INFO  | 2026/05/29 04:01:30.447664 | [Train] -> "Finished training EPOCH 166 with loss 0.0015350038799706765, saving"
INFO  | 2026/05/29 04:01:30.632548 | [Validate] -> "Validating for EPOCH 166"
INFO  | 2026/05/29 04:02:54.135138 | [Validate] -> {"val": 0.002335026459551828, "yes": 2052}
INFO  | 2026/05/29 04:02:54.136982 | [Submit] -> "Submitting EPOCH 166"
INFO  | 2026/05/29 04:03:59.281225 | [scheduler] -> "New learning rate = 1e-05"
INFO  | 2026/05/29 04:03:59.281682 | [Train] -> "Training EPOCH 167"
INFO  | 2026/05/29 04:11:45.113860 | [Train] -> "Finished training EPOCH 167 with loss 0.001510976104434243, saving"
INFO  | 2026/05/29 04:11:45.293741 | [Validate] -> "Validating for EPOCH 167"
INFO  | 2026/05/29 04:13:08.892558 | [Validate] -> {"val": 0.0023804618738426523, "yes": 2073}
INFO  | 2026/05/29 04:13:08.893395 | [Submit] -> "Submitting EPOCH 167"
INFO  | 2026/05/29 04:14:14.426344 | [scheduler] -> "New learning rate = 1e-05"
INFO  | 2026/05/29 04:14:14.426936 | [Train] -> "Training EPOCH 168"
INFO  | 2026/05/29 04:22:00.202493 | [Train] -> "Finished training EPOCH 168 with loss 0.0015168144488039881, saving"
INFO  | 2026/05/29 04:22:00.404844 | [Validate] -> "Validating for EPOCH 168"
INFO  | 2026/05/29 04:23:24.127209 | [Validate] -> {"val": 0.002374658412432033, "yes": 2099}
INFO  | 2026/05/29 04:23:24.128268 | [Submit] -> "Submitting EPOCH 168"
INFO  | 2026/05/29 04:24:30.599772 | [scheduler] -> "New learning rate = 1e-05"
INFO  | 2026/05/29 04:24:30.602888 | [Train] -> "Training EPOCH 169"
INFO  | 2026/05/29 04:32:16.918798 | [Train] -> "Finished training EPOCH 169 with loss 0.0015146226045890273, saving"
INFO  | 2026/05/29 04:32:17.098158 | [Validate] -> "Validating for EPOCH 169"
INFO  | 2026/05/29 04:33:40.802930 | [Validate] -> {"val": 0.0023563582086184353, "yes": 2057}
INFO  | 2026/05/29 04:33:40.804354 | [Submit] -> "Submitting EPOCH 169"
INFO  | 2026/05/29 04:34:46.429197 | [scheduler] -> "New learning rate = 1e-05"
INFO  | 2026/05/29 04:34:46.430693 | [Train] -> "Training EPOCH 170"
INFO  | 2026/05/29 04:42:32.880739 | [Train] -> "Finished training EPOCH 170 with loss 0.001518725808216636, saving"
INFO  | 2026/05/29 04:42:33.070526 | [Validate] -> "Validating for EPOCH 170"
INFO  | 2026/05/29 04:43:56.872235 | [Validate] -> {"val": 0.0023202089486043997, "yes": 2117}
INFO  | 2026/05/29 04:43:56.873933 | [Submit] -> "Submitting EPOCH 170"
INFO  | 2026/05/29 04:45:01.798453 | [scheduler] -> "New learning rate = 1e-05"
INFO  | 2026/05/29 04:45:01.799066 | [Train] -> "Training EPOCH 171"
INFO  | 2026/05/29 04:52:47.890508 | [Train] -> "Finished training EPOCH 171 with loss 0.0015113323961016127, saving"
INFO  | 2026/05/29 04:52:48.071709 | [Validate] -> "Validating for EPOCH 171"
INFO  | 2026/05/29 04:54:11.726936 | [Validate] -> {"val": 0.002317449637112711, "yes": 2113}
INFO  | 2026/05/29 04:54:11.727843 | [Submit] -> "Submitting EPOCH 171"
INFO  | 2026/05/29 04:55:16.693667 | [scheduler] -> "New learning rate = 1e-05"
INFO  | 2026/05/29 04:55:16.694260 | [Train] -> "Training EPOCH 172"
INFO  | 2026/05/29 05:03:03.389881 | [Train] -> "Finished training EPOCH 172 with loss 0.001512308794471241, saving"
INFO  | 2026/05/29 05:03:03.566393 | [Validate] -> "Validating for EPOCH 172"
INFO  | 2026/05/29 05:04:27.293160 | [Validate] -> {"val": 0.0023584032012792682, "yes": 2057}
INFO  | 2026/05/29 05:04:27.295671 | [Submit] -> "Submitting EPOCH 172"
INFO  | 2026/05/29 05:05:33.627438 | [scheduler] -> "New learning rate = 1e-05"
INFO  | 2026/05/29 05:05:33.628726 | [Train] -> "Training EPOCH 173"
INFO  | 2026/05/29 05:13:21.777029 | [Train] -> "Finished training EPOCH 173 with loss 0.0014968325410435713, saving"
INFO  | 2026/05/29 05:13:21.950794 | [Validate] -> "Validating for EPOCH 173"
INFO  | 2026/05/29 05:14:45.018074 | [Validate] -> {"val": 0.0023404467105730114, "yes": 2063}
INFO  | 2026/05/29 05:14:45.019942 | [Submit] -> "Submitting EPOCH 173"
INFO  | 2026/05/29 05:15:50.931464 | [scheduler] -> "New learning rate = 1e-05"
INFO  | 2026/05/29 05:15:50.932040 | [Train] -> "Training EPOCH 174"
INFO  | 2026/05/29 05:23:36.327412 | [Train] -> "Finished training EPOCH 174 with loss 0.0014975655047118524, saving"
INFO  | 2026/05/29 05:23:36.504802 | [Validate] -> "Validating for EPOCH 174"
INFO  | 2026/05/29 05:24:59.767354 | [Validate] -> {"val": 0.0023767196919009643, "yes": 2108}
INFO  | 2026/05/29 05:24:59.768177 | [Submit] -> "Submitting EPOCH 174"
INFO  | 2026/05/29 05:26:04.660999 | [scheduler] -> "New learning rate = 1e-05"
INFO  | 2026/05/29 05:26:04.661596 | [Train] -> "Training EPOCH 175"
INFO  | 2026/05/29 05:33:50.260109 | [Train] -> "Finished training EPOCH 175 with loss 0.0015050631598932118, saving"
INFO  | 2026/05/29 05:33:50.435764 | [Validate] -> "Validating for EPOCH 175"
INFO  | 2026/05/29 05:35:13.783120 | [Validate] -> {"val": 0.002377908071604568, "yes": 2065}
INFO  | 2026/05/29 05:35:13.784609 | [Submit] -> "Submitting EPOCH 175"
INFO  | 2026/05/29 05:36:19.081862 | [scheduler] -> "New learning rate = 1e-05"
INFO  | 2026/05/29 05:36:19.082453 | [Train] -> "Training EPOCH 176"
INFO  | 2026/05/29 05:44:04.418210 | [Train] -> "Finished training EPOCH 176 with loss 0.0015100651187459559, saving"
INFO  | 2026/05/29 05:44:04.590663 | [Validate] -> "Validating for EPOCH 176"
INFO  | 2026/05/29 05:45:27.731485 | [Validate] -> {"val": 0.0023655853232370182, "yes": 2103}
INFO  | 2026/05/29 05:45:27.733369 | [Submit] -> "Submitting EPOCH 176"
INFO  | 2026/05/29 05:46:32.835944 | [scheduler] -> "New learning rate = 1e-05"
INFO  | 2026/05/29 05:46:32.836534 | [Train] -> "Training EPOCH 177"
INFO  | 2026/05/29 05:54:19.309902 | [Train] -> "Finished training EPOCH 177 with loss 0.0014925684087193133, saving"
INFO  | 2026/05/29 05:54:19.476596 | [Validate] -> "Validating for EPOCH 177"
INFO  | 2026/05/29 05:55:42.715534 | [Validate] -> {"val": 0.0023614024640389903, "yes": 2100}
INFO  | 2026/05/29 05:55:42.717724 | [Submit] -> "Submitting EPOCH 177"
INFO  | 2026/05/29 05:56:48.484226 | [scheduler] -> "New learning rate = 1e-05"
INFO  | 2026/05/29 05:56:48.484784 | [Train] -> "Training EPOCH 178"
INFO  | 2026/05/29 06:04:33.935342 | [Train] -> "Finished training EPOCH 178 with loss 0.0015039465922900008, saving"
INFO  | 2026/05/29 06:04:34.102187 | [Validate] -> "Validating for EPOCH 178"
INFO  | 2026/05/29 06:05:57.476259 | [Validate] -> {"val": 0.002376086331889044, "yes": 2097}
INFO  | 2026/05/29 06:05:57.478060 | [Submit] -> "Submitting EPOCH 178"
INFO  | 2026/05/29 06:07:02.288107 | [scheduler] -> "New learning rate = 1e-05"
INFO  | 2026/05/29 06:07:02.288671 | [Train] -> "Training EPOCH 179"
INFO  | 2026/05/29 06:14:48.956182 | [Train] -> "Finished training EPOCH 179 with loss 0.0014914970436261102, saving"
INFO  | 2026/05/29 06:14:49.125646 | [Validate] -> "Validating for EPOCH 179"
INFO  | 2026/05/29 06:16:12.816987 | [Validate] -> {"val": 0.0023995083986868174, "yes": 2072}
INFO  | 2026/05/29 06:16:12.818031 | [Submit] -> "Submitting EPOCH 179"
INFO  | 2026/05/29 06:17:18.915880 | [scheduler] -> "New learning rate = 1e-05"
INFO  | 2026/05/29 06:17:18.916485 | [Train] -> "Training EPOCH 180"
INFO  | 2026/05/29 06:25:04.745787 | [Train] -> "Finished training EPOCH 180 with loss 0.0014990195691457883, saving"
INFO  | 2026/05/29 06:25:04.922506 | [Validate] -> "Validating for EPOCH 180"
INFO  | 2026/05/29 06:26:28.588651 | [Validate] -> {"val": 0.002348978486965237, "yes": 2091}
INFO  | 2026/05/29 06:26:28.590091 | [Submit] -> "Submitting EPOCH 180"
INFO  | 2026/05/29 06:27:34.122118 | [scheduler] -> "New learning rate = 1e-05"
INFO  | 2026/05/29 06:27:34.122692 | [Train] -> "Training EPOCH 181"
INFO  | 2026/05/29 06:35:20.692458 | [Train] -> "Finished training EPOCH 181 with loss 0.0014923998613470464, saving"
INFO  | 2026/05/29 06:35:20.863854 | [Validate] -> "Validating for EPOCH 181"
INFO  | 2026/05/29 06:36:44.491084 | [Validate] -> {"val": 0.00238804901756487, "yes": 2042}
INFO  | 2026/05/29 06:36:44.493719 | [Submit] -> "Submitting EPOCH 181"
INFO  | 2026/05/29 06:37:50.168929 | [scheduler] -> "New learning rate = 1e-05"
INFO  | 2026/05/29 06:37:50.169559 | [Train] -> "Training EPOCH 182"
INFO  | 2026/05/29 06:45:36.050412 | [Train] -> "Finished training EPOCH 182 with loss 0.0014932294927807264, saving"
INFO  | 2026/05/29 06:45:36.232285 | [Validate] -> "Validating for EPOCH 182"
INFO  | 2026/05/29 06:46:59.854884 | [Validate] -> {"val": 0.002407282430118188, "yes": 2102}
INFO  | 2026/05/29 06:46:59.856872 | [Submit] -> "Submitting EPOCH 182"
INFO  | 2026/05/29 06:48:06.087771 | [scheduler] -> "New learning rate = 1e-05"
INFO  | 2026/05/29 06:48:06.088325 | [Train] -> "Training EPOCH 183"
INFO  | 2026/05/29 06:55:51.994748 | [Train] -> "Finished training EPOCH 183 with loss 0.001485135774976774, saving"
INFO  | 2026/05/29 06:55:52.170092 | [Validate] -> "Validating for EPOCH 183"
INFO  | 2026/05/29 06:57:15.883986 | [Validate] -> {"val": 0.002402730263532058, "yes": 2077}
INFO  | 2026/05/29 06:57:15.886098 | [Submit] -> "Submitting EPOCH 183"
INFO  | 2026/05/29 06:58:22.005485 | [scheduler] -> "New learning rate = 1e-05"
INFO  | 2026/05/29 06:58:22.006087 | [Train] -> "Training EPOCH 184"
INFO  | 2026/05/29 07:06:07.965936 | [Train] -> "Finished training EPOCH 184 with loss 0.0014940022826746013, saving"
INFO  | 2026/05/29 07:06:08.139171 | [Validate] -> "Validating for EPOCH 184"
INFO  | 2026/05/29 07:07:29.372096 | [Validate] -> {"val": 0.0023613751840203742, "yes": 2068}
INFO  | 2026/05/29 07:07:29.374456 | [Submit] -> "Submitting EPOCH 184"
INFO  | 2026/05/29 07:08:33.405514 | [scheduler] -> "New learning rate = 1e-05"
INFO  | 2026/05/29 07:08:33.406123 | [Train] -> "Training EPOCH 185"
INFO  | 2026/05/29 07:16:18.670027 | [Train] -> "Finished training EPOCH 185 with loss 0.0014700468830152115, saving"
INFO  | 2026/05/29 07:16:18.849813 | [Validate] -> "Validating for EPOCH 185"
INFO  | 2026/05/29 07:17:40.117642 | [Validate] -> {"val": 0.002403343267275865, "yes": 2065}
INFO  | 2026/05/29 07:17:40.118638 | [Submit] -> "Submitting EPOCH 185"
INFO  | 2026/05/29 07:18:44.024739 | [scheduler] -> "New learning rate = 1e-05"
INFO  | 2026/05/29 07:18:44.025373 | [Train] -> "Training EPOCH 186"
INFO  | 2026/05/29 07:26:28.899848 | [Train] -> "Finished training EPOCH 186 with loss 0.0014801294607403354, saving"
INFO  | 2026/05/29 07:26:29.074868 | [Validate] -> "Validating for EPOCH 186"
INFO  | 2026/05/29 07:27:50.340684 | [Validate] -> {"val": 0.002414201744317705, "yes": 2066}
INFO  | 2026/05/29 07:27:50.341577 | [Submit] -> "Submitting EPOCH 186"
INFO  | 2026/05/29 07:28:55.067423 | [scheduler] -> "New learning rate = 1e-05"
INFO  | 2026/05/29 07:28:55.067978 | [Train] -> "Training EPOCH 187"
INFO  | 2026/05/29 07:36:40.268851 | [Train] -> "Finished training EPOCH 187 with loss 0.0014791139398231475, saving"
INFO  | 2026/05/29 07:36:40.451322 | [Validate] -> "Validating for EPOCH 187"
INFO  | 2026/05/29 07:38:01.688704 | [Validate] -> {"val": 0.002372330813032445, "yes": 2097}
INFO  | 2026/05/29 07:38:01.690018 | [Submit] -> "Submitting EPOCH 187"
INFO  | 2026/05/29 07:39:04.525756 | [scheduler] -> "New learning rate = 1e-05"
INFO  | 2026/05/29 07:39:04.526374 | [Train] -> "Training EPOCH 188"
INFO  | 2026/05/29 07:46:50.991860 | [Train] -> "Finished training EPOCH 188 with loss 0.001486068564964708, saving"
INFO  | 2026/05/29 07:46:51.179950 | [Validate] -> "Validating for EPOCH 188"
INFO  | 2026/05/29 07:48:12.439604 | [Validate] -> {"val": 0.0023701228406131374, "yes": 2051}
INFO  | 2026/05/29 07:48:12.441909 | [Submit] -> "Submitting EPOCH 188"
INFO  | 2026/05/29 07:49:16.570909 | [scheduler] -> "New learning rate = 1e-05"
INFO  | 2026/05/29 07:49:16.572162 | [Train] -> "Training EPOCH 189"
INFO  | 2026/05/29 07:57:01.988761 | [Train] -> "Finished training EPOCH 189 with loss 0.0014849694916105182, saving"
INFO  | 2026/05/29 07:57:02.164831 | [Validate] -> "Validating for EPOCH 189"
INFO  | 2026/05/29 07:58:23.391446 | [Validate] -> {"val": 0.0024236938499894297, "yes": 2085}
INFO  | 2026/05/29 07:58:23.392490 | [Submit] -> "Submitting EPOCH 189"
INFO  | 2026/05/29 07:59:27.141054 | [scheduler] -> "New learning rate = 1e-05"
INFO  | 2026/05/29 07:59:27.141586 | [Train] -> "Training EPOCH 190"
INFO  | 2026/05/29 08:07:12.478894 | [Train] -> "Finished training EPOCH 190 with loss 0.0014827725825674622, saving"
INFO  | 2026/05/29 08:07:12.699627 | [Validate] -> "Validating for EPOCH 190"
INFO  | 2026/05/29 08:08:34.044618 | [Validate] -> {"val": 0.002428684070172346, "yes": 2069}
INFO  | 2026/05/29 08:08:34.045533 | [Submit] -> "Submitting EPOCH 190"
INFO  | 2026/05/29 08:09:37.678549 | [scheduler] -> "New learning rate = 1e-05"
INFO  | 2026/05/29 08:09:37.679677 | [Train] -> "Training EPOCH 191"
INFO  | 2026/05/29 08:17:23.880535 | [Train] -> "Finished training EPOCH 191 with loss 0.0014727575601821306, saving"
INFO  | 2026/05/29 08:17:24.062564 | [Validate] -> "Validating for EPOCH 191"
INFO  | 2026/05/29 08:18:45.319748 | [Validate] -> {"val": 0.0024057569540292564, "yes": 2055}
INFO  | 2026/05/29 08:18:45.321514 | [Submit] -> "Submitting EPOCH 191"
INFO  | 2026/05/29 08:19:48.775701 | [scheduler] -> "New learning rate = 1e-05"
INFO  | 2026/05/29 08:19:48.776306 | [Train] -> "Training EPOCH 192"
INFO  | 2026/05/29 08:27:34.060871 | [Train] -> "Finished training EPOCH 192 with loss 0.0014655523014840933, saving"
INFO  | 2026/05/29 08:27:34.238570 | [Validate] -> "Validating for EPOCH 192"
INFO  | 2026/05/29 08:28:55.467452 | [Validate] -> {"val": 0.0024399261332460854, "yes": 2092}
INFO  | 2026/05/29 08:28:55.468928 | [Submit] -> "Submitting EPOCH 192"
INFO  | 2026/05/29 08:30:03.541279 | [scheduler] -> "New learning rate = 1e-05"
INFO  | 2026/05/29 08:30:03.541777 | [Train] -> "Training EPOCH 193"
INFO  | 2026/05/29 08:37:48.960173 | [Train] -> "Finished training EPOCH 193 with loss 0.0014765232731805784, saving"
INFO  | 2026/05/29 08:37:49.135306 | [Validate] -> "Validating for EPOCH 193"
INFO  | 2026/05/29 08:39:10.858174 | [Validate] -> {"val": 0.0024153446540240535, "yes": 2061}
INFO  | 2026/05/29 08:39:10.860572 | [Submit] -> "Submitting EPOCH 193"
INFO  | 2026/05/29 08:40:16.968806 | [scheduler] -> "New learning rate = 1e-05"
INFO  | 2026/05/29 08:40:16.969421 | [Train] -> "Training EPOCH 194"
INFO  | 2026/05/29 08:48:02.170073 | [Train] -> "Finished training EPOCH 194 with loss 0.001476539783701997, saving"
INFO  | 2026/05/29 08:48:02.344801 | [Validate] -> "Validating for EPOCH 194"
INFO  | 2026/05/29 08:49:23.613748 | [Validate] -> {"val": 0.002430001297271215, "yes": 2046}
INFO  | 2026/05/29 08:49:23.614565 | [Submit] -> "Submitting EPOCH 194"
INFO  | 2026/05/29 08:50:31.465663 | [scheduler] -> "New learning rate = 1e-05"
INFO  | 2026/05/29 08:50:31.466245 | [Train] -> "Training EPOCH 195"
INFO  | 2026/05/29 08:58:17.071319 | [Train] -> "Finished training EPOCH 195 with loss 0.0014742790575565717, saving"
INFO  | 2026/05/29 08:58:17.248161 | [Validate] -> "Validating for EPOCH 195"
INFO  | 2026/05/29 08:59:38.514741 | [Validate] -> {"val": 0.0023740075687169867, "yes": 2043}
INFO  | 2026/05/29 08:59:38.515759 | [Submit] -> "Submitting EPOCH 195"
INFO  | 2026/05/29 09:00:44.310582 | [scheduler] -> "New learning rate = 1e-05"
INFO  | 2026/05/29 09:00:44.311189 | [Train] -> "Training EPOCH 196"
INFO  | 2026/05/29 09:08:29.089962 | [Train] -> "Finished training EPOCH 196 with loss 0.0014664055255163356, saving"
INFO  | 2026/05/29 09:08:29.262874 | [Validate] -> "Validating for EPOCH 196"
INFO  | 2026/05/29 09:09:50.490907 | [Validate] -> {"val": 0.0024231393164332394, "yes": 2151}
INFO  | 2026/05/29 09:09:50.491988 | [Submit] -> "Submitting EPOCH 196"
INFO  | 2026/05/29 09:10:55.840910 | [scheduler] -> "New learning rate = 1e-05"
INFO  | 2026/05/29 09:10:55.841490 | [Train] -> "Training EPOCH 197"
INFO  | 2026/05/29 09:18:42.653855 | [Train] -> "Finished training EPOCH 197 with loss 0.00146437010175122, saving"
INFO  | 2026/05/29 09:18:42.920300 | [Validate] -> "Validating for EPOCH 197"
INFO  | 2026/05/29 09:20:06.410264 | [Validate] -> {"val": 0.002436586126223542, "yes": 2088}
INFO  | 2026/05/29 09:20:06.411865 | [Submit] -> "Submitting EPOCH 197"
INFO  | 2026/05/29 09:21:11.270274 | [scheduler] -> "New learning rate = 1e-05"
INFO  | 2026/05/29 09:21:11.270858 | [Train] -> "Training EPOCH 198"
INFO  | 2026/05/29 09:28:57.096403 | [Train] -> "Finished training EPOCH 198 with loss 0.0014624570875727452, saving"
INFO  | 2026/05/29 09:28:57.269926 | [Validate] -> "Validating for EPOCH 198"
INFO  | 2026/05/29 09:30:20.788576 | [Validate] -> {"val": 0.0024075969677353494, "yes": 2073}
INFO  | 2026/05/29 09:30:20.790195 | [Submit] -> "Submitting EPOCH 198"
INFO  | 2026/05/29 09:31:25.040008 | [scheduler] -> "New learning rate = 1e-05"
INFO  | 2026/05/29 09:31:25.040613 | [Train] -> "Training EPOCH 199"
INFO  | 2026/05/29 09:39:10.892320 | [Train] -> "Finished training EPOCH 199 with loss 0.0014576503357449633, saving"
INFO  | 2026/05/29 09:39:11.067388 | [Validate] -> "Validating for EPOCH 199"
INFO  | 2026/05/29 09:40:34.538380 | [Validate] -> {"val": 0.0024311502072736782, "yes": 2076}
INFO  | 2026/05/29 09:40:34.539757 | [Submit] -> "Submitting EPOCH 199"
INFO  | 2026/05/29 09:41:39.715350 | [scheduler] -> "New learning rate = 1e-05"
INFO  | 2026/05/29 09:41:39.715905 | [Train] -> "Training EPOCH 200"
INFO  | 2026/05/29 09:49:25.420922 | [Train] -> "Finished training EPOCH 200 with loss 0.0014577544061829717, saving"
INFO  | 2026/05/29 09:49:25.603759 | [Validate] -> "Validating for EPOCH 200"
INFO  | 2026/05/29 09:50:49.183990 | [Validate] -> {"val": 0.0024343184433619595, "yes": 2132}
INFO  | 2026/05/29 09:50:49.185414 | [Submit] -> "Submitting EPOCH 200"
INFO  | 2026/05/29 09:51:55.209916 | [scheduler] -> "New learning rate = 1e-05"
INFO  | 2026/05/29 09:51:55.210515 | [Train] -> "Training EPOCH 201"
INFO  | 2026/05/29 09:59:46.925642 | [Train] -> "Finished training EPOCH 201 with loss 0.0014494392844613328, saving"
INFO  | 2026/05/29 09:59:47.105112 | [Validate] -> "Validating for EPOCH 201"
INFO  | 2026/05/29 10:01:11.631572 | [Validate] -> {"val": 0.002469476450557501, "yes": 2069}
INFO  | 2026/05/29 10:01:11.633217 | [Submit] -> "Submitting EPOCH 201"
INFO  | 2026/05/29 10:02:16.945699 | [scheduler] -> "New learning rate = 1e-05"
INFO  | 2026/05/29 10:02:16.946270 | [Train] -> "Training EPOCH 202"
INFO  | 2026/05/29 10:10:09.803943 | [Train] -> "Finished training EPOCH 202 with loss 0.0014487744716280416, saving"
INFO  | 2026/05/29 10:10:09.981442 | [Validate] -> "Validating for EPOCH 202"
INFO  | 2026/05/29 10:11:35.746978 | [Validate] -> {"val": 0.0024585641345596697, "yes": 2062}
INFO  | 2026/05/29 10:11:35.749598 | [Submit] -> "Submitting EPOCH 202"
INFO  | 2026/05/29 10:12:40.451351 | [scheduler] -> "New learning rate = 1e-05"
INFO  | 2026/05/29 10:12:40.452445 | [Train] -> "Training EPOCH 203"
INFO  | 2026/05/29 10:20:36.539995 | [Train] -> "Finished training EPOCH 203 with loss 0.0014614540635320907, saving"
INFO  | 2026/05/29 10:20:36.714171 | [Validate] -> "Validating for EPOCH 203"
INFO  | 2026/05/29 10:21:59.872344 | [Validate] -> {"val": 0.0024153917280315463, "yes": 2076}
INFO  | 2026/05/29 10:21:59.874247 | [Submit] -> "Submitting EPOCH 203"
INFO  | 2026/05/29 10:23:05.963365 | [scheduler] -> "New learning rate = 1e-05"
INFO  | 2026/05/29 10:23:05.964707 | [Train] -> "Training EPOCH 204"
INFO  | 2026/05/29 10:31:07.875065 | [Train] -> "Finished training EPOCH 204 with loss 0.0014509991549732993, saving"
INFO  | 2026/05/29 10:31:08.040467 | [Validate] -> "Validating for EPOCH 204"
INFO  | 2026/05/29 10:32:32.022814 | [Validate] -> {"val": 0.002477673664628149, "yes": 2101}
INFO  | 2026/05/29 10:32:32.024574 | [Submit] -> "Submitting EPOCH 204"
INFO  | 2026/05/29 10:33:37.794015 | [scheduler] -> "New learning rate = 1e-05"
INFO  | 2026/05/29 10:33:37.795200 | [Train] -> "Training EPOCH 205"
INFO  | 2026/05/29 10:41:42.706783 | [Train] -> "Finished training EPOCH 205 with loss 0.0014467836965841598, saving"
INFO  | 2026/05/29 10:41:42.877601 | [Validate] -> "Validating for EPOCH 205"
INFO  | 2026/05/29 10:43:10.957783 | [Validate] -> {"val": 0.002459289927998704, "yes": 2087}
INFO  | 2026/05/29 10:43:10.959097 | [Submit] -> "Submitting EPOCH 205"
INFO  | 2026/05/29 10:44:17.073587 | [scheduler] -> "New learning rate = 1e-05"
INFO  | 2026/05/29 10:44:17.074069 | [Train] -> "Training EPOCH 206"
