DEBUG | 2026/05/31 18:25:43.649567 | [Test Dataset Load] -> "Loading datasets from data/test"
DEBUG | 2026/05/31 18:25:43.656018 | [Test Dataset Load] -> "Dynamically loaded 5000 datas"
DEBUG | 2026/05/31 18:25:43.657283 | [Dataset Load] -> "Loading datasets from data/train"
DEBUG | 2026/05/31 18:25:43.657545 | [Dataset Load] -> "Loading datasets from class Atelectasis"
DEBUG | 2026/05/31 18:25:43.664052 | [Dataset Load] -> "Loading datasets from class Cardiomegaly"
DEBUG | 2026/05/31 18:25:43.666046 | [Dataset Load] -> "Loading datasets from class Consolidation"
DEBUG | 2026/05/31 18:25:43.668402 | [Dataset Load] -> "Loading datasets from class Edema"
DEBUG | 2026/05/31 18:25:43.669880 | [Dataset Load] -> "Loading datasets from class Effusion"
DEBUG | 2026/05/31 18:25:43.672082 | [Dataset Load] -> "Loading datasets from class Emphysema"
DEBUG | 2026/05/31 18:25:43.673185 | [Dataset Load] -> "Loading datasets from class Fibrosis"
DEBUG | 2026/05/31 18:25:43.673912 | [Dataset Load] -> "Loading datasets from class Hernia"
DEBUG | 2026/05/31 18:25:43.674127 | [Dataset Load] -> "Loading datasets from class Infiltration"
DEBUG | 2026/05/31 18:25:43.677562 | [Dataset Load] -> "Loading datasets from class Mass"
DEBUG | 2026/05/31 18:25:43.679677 | [Dataset Load] -> "Loading datasets from class No Finding"
DEBUG | 2026/05/31 18:25:43.682808 | [Dataset Load] -> "Loading datasets from class Nodule"
DEBUG | 2026/05/31 18:25:43.684693 | [Dataset Load] -> "Loading datasets from class Pleural_Thickening"
DEBUG | 2026/05/31 18:25:43.685407 | [Dataset Load] -> "Loading datasets from class Pneumonia"
DEBUG | 2026/05/31 18:25:43.685696 | [Dataset Load] -> "Loading datasets from class Pneumothorax"
DEBUG | 2026/05/31 18:25:43.687029 | [Dataset Load] -> "Dynamically loaded 22921 datas"
DEBUG | 2026/05/31 18:25:43.762416 | [Dataset Load] -> "Loading datasets from data/train"
DEBUG | 2026/05/31 18:25:43.762628 | [Dataset Load] -> "Dynamically loaded 16044 datas"
DEBUG | 2026/05/31 18:25:43.762823 | [Dataset Load] -> "Loading datasets from data/train"
DEBUG | 2026/05/31 18:25:43.762881 | [Dataset Load] -> "Dynamically loaded 6877 datas"
DEBUG | 2026/05/31 18:26:50.742992 | [Test Dataset Load] -> "Loading datasets from data/test"
DEBUG | 2026/05/31 18:26:50.778926 | [Test Dataset Load] -> "Dynamically loaded 5000 datas"
DEBUG | 2026/05/31 18:26:50.780649 | [Dataset Load] -> "Loading datasets from data/train"
DEBUG | 2026/05/31 18:26:50.780967 | [Dataset Load] -> "Loading datasets from class Atelectasis"
DEBUG | 2026/05/31 18:26:50.788721 | [Dataset Load] -> "Loading datasets from class Cardiomegaly"
DEBUG | 2026/05/31 18:26:50.790799 | [Dataset Load] -> "Loading datasets from class Consolidation"
DEBUG | 2026/05/31 18:26:50.795774 | [Dataset Load] -> "Loading datasets from class Edema"
DEBUG | 2026/05/31 18:26:50.798687 | [Dataset Load] -> "Loading datasets from class Effusion"
DEBUG | 2026/05/31 18:26:50.801589 | [Dataset Load] -> "Loading datasets from class Emphysema"
DEBUG | 2026/05/31 18:26:50.804329 | [Dataset Load] -> "Loading datasets from class Fibrosis"
DEBUG | 2026/05/31 18:26:50.806395 | [Dataset Load] -> "Loading datasets from class Hernia"
DEBUG | 2026/05/31 18:26:50.806507 | [Dataset Load] -> "Loading datasets from class Infiltration"
DEBUG | 2026/05/31 18:26:50.815916 | [Dataset Load] -> "Loading datasets from class Mass"
DEBUG | 2026/05/31 18:26:50.822599 | [Dataset Load] -> "Loading datasets from class No Finding"
DEBUG | 2026/05/31 18:26:50.830500 | [Dataset Load] -> "Loading datasets from class Nodule"
DEBUG | 2026/05/31 18:26:50.832679 | [Dataset Load] -> "Loading datasets from class Pleural_Thickening"
DEBUG | 2026/05/31 18:26:50.833791 | [Dataset Load] -> "Loading datasets from class Pneumonia"
DEBUG | 2026/05/31 18:26:50.835399 | [Dataset Load] -> "Loading datasets from class Pneumothorax"
DEBUG | 2026/05/31 18:26:50.838409 | [Dataset Load] -> "Dynamically loaded 22921 datas"
DEBUG | 2026/05/31 18:26:50.897281 | [Dataset Load] -> "Loading datasets from data/train"
DEBUG | 2026/05/31 18:26:50.897505 | [Dataset Load] -> "Dynamically loaded 16044 datas"
DEBUG | 2026/05/31 18:26:50.897687 | [Dataset Load] -> "Loading datasets from data/train"
DEBUG | 2026/05/31 18:26:50.897750 | [Dataset Load] -> "Dynamically loaded 6877 datas"
DEBUG | 2026/05/31 18:36:10.222055 | [Test Dataset Load] -> "Loading datasets from data/test"
DEBUG | 2026/05/31 18:36:10.257514 | [Test Dataset Load] -> "Dynamically loaded 5000 datas"
DEBUG | 2026/05/31 18:36:10.259072 | [Dataset Load] -> "Loading datasets from data/train"
DEBUG | 2026/05/31 18:36:10.259379 | [Dataset Load] -> "Loading datasets from class Atelectasis"
DEBUG | 2026/05/31 18:36:10.271739 | [Dataset Load] -> "Loading datasets from class Cardiomegaly"
DEBUG | 2026/05/31 18:36:10.274627 | [Dataset Load] -> "Loading datasets from class Consolidation"
DEBUG | 2026/05/31 18:36:10.278423 | [Dataset Load] -> "Loading datasets from class Edema"
DEBUG | 2026/05/31 18:36:10.283663 | [Dataset Load] -> "Loading datasets from class Effusion"
DEBUG | 2026/05/31 18:36:10.289307 | [Dataset Load] -> "Loading datasets from class Emphysema"
DEBUG | 2026/05/31 18:36:10.291206 | [Dataset Load] -> "Loading datasets from class Fibrosis"
DEBUG | 2026/05/31 18:36:10.293375 | [Dataset Load] -> "Loading datasets from class Hernia"
DEBUG | 2026/05/31 18:36:10.293670 | [Dataset Load] -> "Loading datasets from class Infiltration"
DEBUG | 2026/05/31 18:36:10.300596 | [Dataset Load] -> "Loading datasets from class Mass"
DEBUG | 2026/05/31 18:36:10.306327 | [Dataset Load] -> "Loading datasets from class No Finding"
DEBUG | 2026/05/31 18:36:10.318976 | [Dataset Load] -> "Loading datasets from class Nodule"
DEBUG | 2026/05/31 18:36:10.323702 | [Dataset Load] -> "Loading datasets from class Pleural_Thickening"
DEBUG | 2026/05/31 18:36:10.326938 | [Dataset Load] -> "Loading datasets from class Pneumonia"
DEBUG | 2026/05/31 18:36:10.328498 | [Dataset Load] -> "Loading datasets from class Pneumothorax"
DEBUG | 2026/05/31 18:36:10.330803 | [Dataset Load] -> "Dynamically loaded 22921 datas"
DEBUG | 2026/05/31 18:36:10.426785 | [Dataset Load] -> "Loading datasets from data/train"
DEBUG | 2026/05/31 18:36:10.427051 | [Dataset Load] -> "Dynamically loaded 16044 datas"
DEBUG | 2026/05/31 18:36:10.427103 | [Dataset Load] -> "Loading datasets from data/train"
DEBUG | 2026/05/31 18:36:10.427162 | [Dataset Load] -> "Dynamically loaded 6877 datas"
DEBUG | 2026/05/31 18:36:42.195970 | [Test Dataset Load] -> "Loading datasets from data/test"
DEBUG | 2026/05/31 18:36:42.232750 | [Test Dataset Load] -> "Dynamically loaded 5000 datas"
DEBUG | 2026/05/31 18:36:42.234132 | [Dataset Load] -> "Loading datasets from data/train"
DEBUG | 2026/05/31 18:36:42.234227 | [Dataset Load] -> "Loading datasets from class Atelectasis"
DEBUG | 2026/05/31 18:36:42.239429 | [Dataset Load] -> "Loading datasets from class Cardiomegaly"
DEBUG | 2026/05/31 18:36:42.240000 | [Dataset Load] -> "Loading datasets from class Consolidation"
DEBUG | 2026/05/31 18:36:42.240820 | [Dataset Load] -> "Loading datasets from class Edema"
DEBUG | 2026/05/31 18:36:42.241291 | [Dataset Load] -> "Loading datasets from class Effusion"
DEBUG | 2026/05/31 18:36:42.242095 | [Dataset Load] -> "Loading datasets from class Emphysema"
DEBUG | 2026/05/31 18:36:42.242512 | [Dataset Load] -> "Loading datasets from class Fibrosis"
DEBUG | 2026/05/31 18:36:42.242892 | [Dataset Load] -> "Loading datasets from class Hernia"
DEBUG | 2026/05/31 18:36:42.242965 | [Dataset Load] -> "Loading datasets from class Infiltration"
DEBUG | 2026/05/31 18:36:42.244144 | [Dataset Load] -> "Loading datasets from class Mass"
DEBUG | 2026/05/31 18:36:42.244902 | [Dataset Load] -> "Loading datasets from class No Finding"
DEBUG | 2026/05/31 18:36:42.246285 | [Dataset Load] -> "Loading datasets from class Nodule"
DEBUG | 2026/05/31 18:36:42.247129 | [Dataset Load] -> "Loading datasets from class Pleural_Thickening"
DEBUG | 2026/05/31 18:36:42.247451 | [Dataset Load] -> "Loading datasets from class Pneumonia"
DEBUG | 2026/05/31 18:36:42.247570 | [Dataset Load] -> "Loading datasets from class Pneumothorax"
DEBUG | 2026/05/31 18:36:42.248168 | [Dataset Load] -> "Dynamically loaded 22921 datas"
DEBUG | 2026/05/31 18:36:42.313012 | [Dataset Load] -> "Loading datasets from data/train"
DEBUG | 2026/05/31 18:36:42.313224 | [Dataset Load] -> "Dynamically loaded 16044 datas"
DEBUG | 2026/05/31 18:36:42.313284 | [Dataset Load] -> "Loading datasets from data/train"
DEBUG | 2026/05/31 18:36:42.313342 | [Dataset Load] -> "Dynamically loaded 6877 datas"
DEBUG | 2026/05/31 18:37:01.301134 | [Test Dataset Load] -> "Loading datasets from data/test"
DEBUG | 2026/05/31 18:37:01.310329 | [Test Dataset Load] -> "Dynamically loaded 5000 datas"
DEBUG | 2026/05/31 18:37:01.313046 | [Dataset Load] -> "Loading datasets from data/train"
DEBUG | 2026/05/31 18:37:01.313553 | [Dataset Load] -> "Loading datasets from class Atelectasis"
DEBUG | 2026/05/31 18:37:01.319234 | [Dataset Load] -> "Loading datasets from class Cardiomegaly"
DEBUG | 2026/05/31 18:37:01.321281 | [Dataset Load] -> "Loading datasets from class Consolidation"
DEBUG | 2026/05/31 18:37:01.323441 | [Dataset Load] -> "Loading datasets from class Edema"
DEBUG | 2026/05/31 18:37:01.324886 | [Dataset Load] -> "Loading datasets from class Effusion"
DEBUG | 2026/05/31 18:37:01.326665 | [Dataset Load] -> "Loading datasets from class Emphysema"
DEBUG | 2026/05/31 18:37:01.327280 | [Dataset Load] -> "Loading datasets from class Fibrosis"
DEBUG | 2026/05/31 18:37:01.327669 | [Dataset Load] -> "Loading datasets from class Hernia"
DEBUG | 2026/05/31 18:37:01.327790 | [Dataset Load] -> "Loading datasets from class Infiltration"
DEBUG | 2026/05/31 18:37:01.329226 | [Dataset Load] -> "Loading datasets from class Mass"
DEBUG | 2026/05/31 18:37:01.330059 | [Dataset Load] -> "Loading datasets from class No Finding"
DEBUG | 2026/05/31 18:37:01.331462 | [Dataset Load] -> "Loading datasets from class Nodule"
DEBUG | 2026/05/31 18:37:01.332354 | [Dataset Load] -> "Loading datasets from class Pleural_Thickening"
DEBUG | 2026/05/31 18:37:01.332698 | [Dataset Load] -> "Loading datasets from class Pneumonia"
DEBUG | 2026/05/31 18:37:01.332826 | [Dataset Load] -> "Loading datasets from class Pneumothorax"
DEBUG | 2026/05/31 18:37:01.333458 | [Dataset Load] -> "Dynamically loaded 22921 datas"
DEBUG | 2026/05/31 18:37:01.405817 | [Dataset Load] -> "Loading datasets from data/train"
DEBUG | 2026/05/31 18:37:01.405980 | [Dataset Load] -> "Dynamically loaded 16044 datas"
DEBUG | 2026/05/31 18:37:01.406045 | [Dataset Load] -> "Loading datasets from data/train"
DEBUG | 2026/05/31 18:37:01.406107 | [Dataset Load] -> "Dynamically loaded 6877 datas"
DEBUG | 2026/05/31 18:37:21.804152 | [Test Dataset Load] -> "Loading datasets from data/test"
DEBUG | 2026/05/31 18:37:21.812735 | [Test Dataset Load] -> "Dynamically loaded 5000 datas"
DEBUG | 2026/05/31 18:37:21.814710 | [Dataset Load] -> "Loading datasets from data/train"
DEBUG | 2026/05/31 18:37:21.815030 | [Dataset Load] -> "Loading datasets from class Atelectasis"
DEBUG | 2026/05/31 18:37:21.820292 | [Dataset Load] -> "Loading datasets from class Cardiomegaly"
DEBUG | 2026/05/31 18:37:21.822022 | [Dataset Load] -> "Loading datasets from class Consolidation"
DEBUG | 2026/05/31 18:37:21.824194 | [Dataset Load] -> "Loading datasets from class Edema"
DEBUG | 2026/05/31 18:37:21.825366 | [Dataset Load] -> "Loading datasets from class Effusion"
DEBUG | 2026/05/31 18:37:21.827313 | [Dataset Load] -> "Loading datasets from class Emphysema"
DEBUG | 2026/05/31 18:37:21.828405 | [Dataset Load] -> "Loading datasets from class Fibrosis"
DEBUG | 2026/05/31 18:37:21.828771 | [Dataset Load] -> "Loading datasets from class Hernia"
DEBUG | 2026/05/31 18:37:21.828861 | [Dataset Load] -> "Loading datasets from class Infiltration"
DEBUG | 2026/05/31 18:37:21.830187 | [Dataset Load] -> "Loading datasets from class Mass"
DEBUG | 2026/05/31 18:37:21.830976 | [Dataset Load] -> "Loading datasets from class No Finding"
DEBUG | 2026/05/31 18:37:21.832356 | [Dataset Load] -> "Loading datasets from class Nodule"
DEBUG | 2026/05/31 18:37:21.833231 | [Dataset Load] -> "Loading datasets from class Pleural_Thickening"
DEBUG | 2026/05/31 18:37:21.833558 | [Dataset Load] -> "Loading datasets from class Pneumonia"
DEBUG | 2026/05/31 18:37:21.833924 | [Dataset Load] -> "Loading datasets from class Pneumothorax"
DEBUG | 2026/05/31 18:37:21.834536 | [Dataset Load] -> "Dynamically loaded 22921 datas"
DEBUG | 2026/05/31 18:37:21.929271 | [Dataset Load] -> "Loading datasets from data/train"
DEBUG | 2026/05/31 18:37:21.929518 | [Dataset Load] -> "Dynamically loaded 16044 datas"
DEBUG | 2026/05/31 18:37:21.929718 | [Dataset Load] -> "Loading datasets from data/train"
DEBUG | 2026/05/31 18:37:21.929794 | [Dataset Load] -> "Dynamically loaded 6877 datas"
DEBUG | 2026/05/31 18:44:12.037337 | [Test Dataset Load] -> "Loading datasets from data/test"
DEBUG | 2026/05/31 18:44:12.068643 | [Test Dataset Load] -> "Dynamically loaded 5000 datas"
DEBUG | 2026/05/31 18:44:12.069789 | [Dataset Load] -> "Loading datasets from data/train"
DEBUG | 2026/05/31 18:44:12.069965 | [Dataset Load] -> "Loading datasets from class Atelectasis"
DEBUG | 2026/05/31 18:44:12.081607 | [Dataset Load] -> "Loading datasets from class Cardiomegaly"
DEBUG | 2026/05/31 18:44:12.084296 | [Dataset Load] -> "Loading datasets from class Consolidation"
DEBUG | 2026/05/31 18:44:12.088125 | [Dataset Load] -> "Loading datasets from class Edema"
DEBUG | 2026/05/31 18:44:12.093259 | [Dataset Load] -> "Loading datasets from class Effusion"
DEBUG | 2026/05/31 18:44:12.098437 | [Dataset Load] -> "Loading datasets from class Emphysema"
DEBUG | 2026/05/31 18:44:12.100355 | [Dataset Load] -> "Loading datasets from class Fibrosis"
DEBUG | 2026/05/31 18:44:12.102476 | [Dataset Load] -> "Loading datasets from class Hernia"
DEBUG | 2026/05/31 18:44:12.102732 | [Dataset Load] -> "Loading datasets from class Infiltration"
DEBUG | 2026/05/31 18:44:12.109070 | [Dataset Load] -> "Loading datasets from class Mass"
DEBUG | 2026/05/31 18:44:12.114580 | [Dataset Load] -> "Loading datasets from class No Finding"
DEBUG | 2026/05/31 18:44:12.126561 | [Dataset Load] -> "Loading datasets from class Nodule"
DEBUG | 2026/05/31 18:44:12.131550 | [Dataset Load] -> "Loading datasets from class Pleural_Thickening"
DEBUG | 2026/05/31 18:44:12.133324 | [Dataset Load] -> "Loading datasets from class Pneumonia"
DEBUG | 2026/05/31 18:44:12.135884 | [Dataset Load] -> "Loading datasets from class Pneumothorax"
DEBUG | 2026/05/31 18:44:12.138211 | [Dataset Load] -> "Dynamically loaded 22921 datas"
DEBUG | 2026/05/31 18:44:12.146412 | [Dataset Load] -> "Loading datasets from data/train"
DEBUG | 2026/05/31 18:44:12.146484 | [Dataset Load] -> "Dynamically loaded 16044 datas"
DEBUG | 2026/05/31 18:44:12.146527 | [Dataset Load] -> "Loading datasets from data/train"
DEBUG | 2026/05/31 18:44:12.146579 | [Dataset Load] -> "Dynamically loaded 6877 datas"
DEBUG | 2026/05/31 18:47:50.518235 | [Test Dataset Load] -> "Loading datasets from data/test"
DEBUG | 2026/05/31 18:47:50.548949 | [Test Dataset Load] -> "Dynamically loaded 5000 datas"
DEBUG | 2026/05/31 18:47:50.550157 | [Dataset Load] -> "Loading datasets from data/train"
DEBUG | 2026/05/31 18:47:50.550250 | [Dataset Load] -> "Loading datasets from class Atelectasis"
DEBUG | 2026/05/31 18:47:50.551415 | [Dataset Load] -> "Loading datasets from class Cardiomegaly"
DEBUG | 2026/05/31 18:47:50.552218 | [Dataset Load] -> "Loading datasets from class Consolidation"
DEBUG | 2026/05/31 18:47:50.552980 | [Dataset Load] -> "Loading datasets from class Edema"
DEBUG | 2026/05/31 18:47:50.553454 | [Dataset Load] -> "Loading datasets from class Effusion"
DEBUG | 2026/05/31 18:47:50.554236 | [Dataset Load] -> "Loading datasets from class Emphysema"
DEBUG | 2026/05/31 18:47:50.554672 | [Dataset Load] -> "Loading datasets from class Fibrosis"
DEBUG | 2026/05/31 18:47:50.554953 | [Dataset Load] -> "Loading datasets from class Hernia"
DEBUG | 2026/05/31 18:47:50.555024 | [Dataset Load] -> "Loading datasets from class Infiltration"
DEBUG | 2026/05/31 18:47:50.556290 | [Dataset Load] -> "Loading datasets from class Mass"
DEBUG | 2026/05/31 18:47:50.557040 | [Dataset Load] -> "Loading datasets from class No Finding"
DEBUG | 2026/05/31 18:47:50.558389 | [Dataset Load] -> "Loading datasets from class Nodule"
DEBUG | 2026/05/31 18:47:50.559266 | [Dataset Load] -> "Loading datasets from class Pleural_Thickening"
DEBUG | 2026/05/31 18:47:50.559584 | [Dataset Load] -> "Loading datasets from class Pneumonia"
DEBUG | 2026/05/31 18:47:50.559711 | [Dataset Load] -> "Loading datasets from class Pneumothorax"
DEBUG | 2026/05/31 18:47:50.560310 | [Dataset Load] -> "Dynamically loaded 22921 datas"
DEBUG | 2026/05/31 18:47:50.568573 | [Dataset Load] -> "Loading datasets from data/train"
DEBUG | 2026/05/31 18:47:50.568633 | [Dataset Load] -> "Dynamically loaded 16044 datas"
DEBUG | 2026/05/31 18:47:50.568674 | [Dataset Load] -> "Loading datasets from data/train"
DEBUG | 2026/05/31 18:47:50.568723 | [Dataset Load] -> "Dynamically loaded 6877 datas"
DEBUG | 2026/05/31 20:05:31.982720 | [Test Dataset Load] -> "Loading datasets from data/test"
DEBUG | 2026/05/31 20:05:32.013752 | [Test Dataset Load] -> "Dynamically loaded 5000 datas"
DEBUG | 2026/05/31 20:05:32.014844 | [Dataset Load] -> "Loading datasets from data/train"
DEBUG | 2026/05/31 20:05:32.015109 | [Dataset Load] -> "Loading datasets from class Atelectasis"
DEBUG | 2026/05/31 20:05:32.027315 | [Dataset Load] -> "Loading datasets from class Cardiomegaly"
DEBUG | 2026/05/31 20:05:32.030227 | [Dataset Load] -> "Loading datasets from class Consolidation"
DEBUG | 2026/05/31 20:05:32.034317 | [Dataset Load] -> "Loading datasets from class Edema"
DEBUG | 2026/05/31 20:05:32.039746 | [Dataset Load] -> "Loading datasets from class Effusion"
DEBUG | 2026/05/31 20:05:32.045168 | [Dataset Load] -> "Loading datasets from class Emphysema"
DEBUG | 2026/05/31 20:05:32.047219 | [Dataset Load] -> "Loading datasets from class Fibrosis"
DEBUG | 2026/05/31 20:05:32.049647 | [Dataset Load] -> "Loading datasets from class Hernia"
DEBUG | 2026/05/31 20:05:32.049883 | [Dataset Load] -> "Loading datasets from class Infiltration"
DEBUG | 2026/05/31 20:05:32.056719 | [Dataset Load] -> "Loading datasets from class Mass"
DEBUG | 2026/05/31 20:05:32.062252 | [Dataset Load] -> "Loading datasets from class No Finding"
DEBUG | 2026/05/31 20:05:32.074471 | [Dataset Load] -> "Loading datasets from class Nodule"
DEBUG | 2026/05/31 20:05:32.078874 | [Dataset Load] -> "Loading datasets from class Pleural_Thickening"
DEBUG | 2026/05/31 20:05:32.082488 | [Dataset Load] -> "Loading datasets from class Pneumonia"
DEBUG | 2026/05/31 20:05:32.084201 | [Dataset Load] -> "Loading datasets from class Pneumothorax"
DEBUG | 2026/05/31 20:05:32.086745 | [Dataset Load] -> "Dynamically loaded 22921 datas"
DEBUG | 2026/05/31 20:05:32.094352 | [Dataset Load] -> "Loading datasets from data/train"
DEBUG | 2026/05/31 20:05:32.094408 | [Dataset Load] -> "Dynamically loaded 16044 datas"
DEBUG | 2026/05/31 20:05:32.094445 | [Dataset Load] -> "Loading datasets from data/train"
DEBUG | 2026/05/31 20:05:32.094488 | [Dataset Load] -> "Dynamically loaded 6877 datas"
DEBUG | 2026/05/31 20:13:55.405138 | [Test Dataset Load] -> "Loading datasets from data/test"
DEBUG | 2026/05/31 20:13:55.406730 | [Test Dataset Load] -> "Dynamically loaded 5000 datas"
DEBUG | 2026/05/31 20:13:55.407799 | [Dataset Load] -> "Loading datasets from data/train"
DEBUG | 2026/05/31 20:13:55.407867 | [Dataset Load] -> "Loading datasets from class Atelectasis"
DEBUG | 2026/05/31 20:13:55.409003 | [Dataset Load] -> "Loading datasets from class Cardiomegaly"
DEBUG | 2026/05/31 20:13:55.409737 | [Dataset Load] -> "Loading datasets from class Consolidation"
DEBUG | 2026/05/31 20:13:55.410469 | [Dataset Load] -> "Loading datasets from class Edema"
DEBUG | 2026/05/31 20:13:55.410903 | [Dataset Load] -> "Loading datasets from class Effusion"
DEBUG | 2026/05/31 20:13:55.411655 | [Dataset Load] -> "Loading datasets from class Emphysema"
DEBUG | 2026/05/31 20:13:55.412063 | [Dataset Load] -> "Loading datasets from class Fibrosis"
DEBUG | 2026/05/31 20:13:55.412341 | [Dataset Load] -> "Loading datasets from class Hernia"
DEBUG | 2026/05/31 20:13:55.412403 | [Dataset Load] -> "Loading datasets from class Infiltration"
DEBUG | 2026/05/31 20:13:55.413654 | [Dataset Load] -> "Loading datasets from class Mass"
DEBUG | 2026/05/31 20:13:55.414378 | [Dataset Load] -> "Loading datasets from class No Finding"
DEBUG | 2026/05/31 20:13:55.415698 | [Dataset Load] -> "Loading datasets from class Nodule"
DEBUG | 2026/05/31 20:13:55.416406 | [Dataset Load] -> "Loading datasets from class Pleural_Thickening"
DEBUG | 2026/05/31 20:13:55.416829 | [Dataset Load] -> "Loading datasets from class Pneumonia"
DEBUG | 2026/05/31 20:13:55.416950 | [Dataset Load] -> "Loading datasets from class Pneumothorax"
DEBUG | 2026/05/31 20:13:55.417537 | [Dataset Load] -> "Dynamically loaded 22921 datas"
DEBUG | 2026/05/31 20:13:55.425030 | [Dataset Load] -> "Loading datasets from data/train"
DEBUG | 2026/05/31 20:13:55.425095 | [Dataset Load] -> "Dynamically loaded 16044 datas"
DEBUG | 2026/05/31 20:13:55.425131 | [Dataset Load] -> "Loading datasets from data/train"
DEBUG | 2026/05/31 20:13:55.425175 | [Dataset Load] -> "Dynamically loaded 6877 datas"
DEBUG | 2026/05/31 20:14:56.452786 | [Test Dataset Load] -> "Loading datasets from data/test"
DEBUG | 2026/05/31 20:14:56.454361 | [Test Dataset Load] -> "Dynamically loaded 5000 datas"
DEBUG | 2026/05/31 20:14:56.455473 | [Dataset Load] -> "Loading datasets from data/train"
DEBUG | 2026/05/31 20:14:56.455555 | [Dataset Load] -> "Loading datasets from class Atelectasis"
DEBUG | 2026/05/31 20:14:56.456709 | [Dataset Load] -> "Loading datasets from class Cardiomegaly"
DEBUG | 2026/05/31 20:14:56.457446 | [Dataset Load] -> "Loading datasets from class Consolidation"
DEBUG | 2026/05/31 20:14:56.458172 | [Dataset Load] -> "Loading datasets from class Edema"
DEBUG | 2026/05/31 20:14:56.458630 | [Dataset Load] -> "Loading datasets from class Effusion"
DEBUG | 2026/05/31 20:14:56.459364 | [Dataset Load] -> "Loading datasets from class Emphysema"
DEBUG | 2026/05/31 20:14:56.459787 | [Dataset Load] -> "Loading datasets from class Fibrosis"
DEBUG | 2026/05/31 20:14:56.460054 | [Dataset Load] -> "Loading datasets from class Hernia"
DEBUG | 2026/05/31 20:14:56.460125 | [Dataset Load] -> "Loading datasets from class Infiltration"
DEBUG | 2026/05/31 20:14:56.461351 | [Dataset Load] -> "Loading datasets from class Mass"
DEBUG | 2026/05/31 20:14:56.462067 | [Dataset Load] -> "Loading datasets from class No Finding"
DEBUG | 2026/05/31 20:14:56.463371 | [Dataset Load] -> "Loading datasets from class Nodule"
DEBUG | 2026/05/31 20:14:56.464086 | [Dataset Load] -> "Loading datasets from class Pleural_Thickening"
DEBUG | 2026/05/31 20:14:56.464478 | [Dataset Load] -> "Loading datasets from class Pneumonia"
DEBUG | 2026/05/31 20:14:56.464617 | [Dataset Load] -> "Loading datasets from class Pneumothorax"
DEBUG | 2026/05/31 20:14:56.465177 | [Dataset Load] -> "Dynamically loaded 22921 datas"
DEBUG | 2026/05/31 20:14:56.473088 | [Dataset Load] -> "Loading datasets from data/train"
DEBUG | 2026/05/31 20:14:56.473145 | [Dataset Load] -> "Dynamically loaded 16044 datas"
DEBUG | 2026/05/31 20:14:56.473180 | [Dataset Load] -> "Loading datasets from data/train"
DEBUG | 2026/05/31 20:14:56.473221 | [Dataset Load] -> "Dynamically loaded 6877 datas"
DEBUG | 2026/05/31 20:16:25.369931 | [Dataset Load] -> "Loading datasets from data/train"
DEBUG | 2026/05/31 20:16:25.370120 | [Dataset Load] -> "Loading datasets from class Atelectasis"
DEBUG | 2026/05/31 20:16:25.374045 | [Dataset Load] -> "Loading datasets from class Cardiomegaly"
DEBUG | 2026/05/31 20:16:25.375360 | [Dataset Load] -> "Loading datasets from class Consolidation"
DEBUG | 2026/05/31 20:16:25.376680 | [Dataset Load] -> "Loading datasets from class Edema"
DEBUG | 2026/05/31 20:16:25.379146 | [Dataset Load] -> "Loading datasets from class Effusion"
DEBUG | 2026/05/31 20:16:25.380478 | [Dataset Load] -> "Loading datasets from class Emphysema"
DEBUG | 2026/05/31 20:16:25.380916 | [Dataset Load] -> "Loading datasets from class Fibrosis"
DEBUG | 2026/05/31 20:16:25.381403 | [Dataset Load] -> "Loading datasets from class Hernia"
DEBUG | 2026/05/31 20:16:25.382419 | [Dataset Load] -> "Loading datasets from class Infiltration"
DEBUG | 2026/05/31 20:16:25.384871 | [Dataset Load] -> "Loading datasets from class Mass"
DEBUG | 2026/05/31 20:16:25.390259 | [Dataset Load] -> "Loading datasets from class No Finding"
DEBUG | 2026/05/31 20:16:25.392088 | [Dataset Load] -> "Loading datasets from class Nodule"
DEBUG | 2026/05/31 20:16:25.393061 | [Dataset Load] -> "Loading datasets from class Pleural_Thickening"
DEBUG | 2026/05/31 20:16:25.394699 | [Dataset Load] -> "Loading datasets from class Pneumonia"
DEBUG | 2026/05/31 20:16:25.394842 | [Dataset Load] -> "Loading datasets from class Pneumothorax"
DEBUG | 2026/05/31 20:16:25.396386 | [Dataset Load] -> "Dynamically loaded 22921 datas"
DEBUG | 2026/05/31 20:16:48.543754 | [Test Dataset Load] -> "Loading datasets from data/test"
DEBUG | 2026/05/31 20:16:48.573418 | [Test Dataset Load] -> "Dynamically loaded 5000 datas"
DEBUG | 2026/05/31 20:16:48.574761 | [Dataset Load] -> "Loading datasets from data/train"
DEBUG | 2026/05/31 20:16:48.574850 | [Dataset Load] -> "Loading datasets from class Atelectasis"
DEBUG | 2026/05/31 20:16:48.576128 | [Dataset Load] -> "Loading datasets from class Cardiomegaly"
DEBUG | 2026/05/31 20:16:48.576991 | [Dataset Load] -> "Loading datasets from class Consolidation"
DEBUG | 2026/05/31 20:16:48.577794 | [Dataset Load] -> "Loading datasets from class Edema"
DEBUG | 2026/05/31 20:16:48.578272 | [Dataset Load] -> "Loading datasets from class Effusion"
DEBUG | 2026/05/31 20:16:48.579066 | [Dataset Load] -> "Loading datasets from class Emphysema"
DEBUG | 2026/05/31 20:16:48.579492 | [Dataset Load] -> "Loading datasets from class Fibrosis"
DEBUG | 2026/05/31 20:16:48.579774 | [Dataset Load] -> "Loading datasets from class Hernia"
DEBUG | 2026/05/31 20:16:48.579843 | [Dataset Load] -> "Loading datasets from class Infiltration"
DEBUG | 2026/05/31 20:16:48.581120 | [Dataset Load] -> "Loading datasets from class Mass"
DEBUG | 2026/05/31 20:16:48.581874 | [Dataset Load] -> "Loading datasets from class No Finding"
DEBUG | 2026/05/31 20:16:48.583262 | [Dataset Load] -> "Loading datasets from class Nodule"
DEBUG | 2026/05/31 20:16:48.583992 | [Dataset Load] -> "Loading datasets from class Pleural_Thickening"
DEBUG | 2026/05/31 20:16:48.584413 | [Dataset Load] -> "Loading datasets from class Pneumonia"
DEBUG | 2026/05/31 20:16:48.584541 | [Dataset Load] -> "Loading datasets from class Pneumothorax"
DEBUG | 2026/05/31 20:16:48.585138 | [Dataset Load] -> "Dynamically loaded 22921 datas"
DEBUG | 2026/05/31 20:16:48.593549 | [Dataset Load] -> "Loading datasets from data/train"
DEBUG | 2026/05/31 20:16:48.593681 | [Dataset Load] -> "Dynamically loaded 16044 datas"
DEBUG | 2026/05/31 20:16:48.593728 | [Dataset Load] -> "Loading datasets from data/train"
DEBUG | 2026/05/31 20:16:48.593779 | [Dataset Load] -> "Dynamically loaded 6877 datas"
DEBUG | 2026/05/31 20:17:05.060953 | [Test Dataset Load] -> "Loading datasets from data/test"
DEBUG | 2026/05/31 20:17:05.062719 | [Test Dataset Load] -> "Dynamically loaded 5000 datas"
DEBUG | 2026/05/31 20:17:05.063005 | [Dataset Load] -> "Loading datasets from data/train"
DEBUG | 2026/05/31 20:17:05.063075 | [Dataset Load] -> "Loading datasets from class Atelectasis"
DEBUG | 2026/05/31 20:17:05.064339 | [Dataset Load] -> "Loading datasets from class Cardiomegaly"
DEBUG | 2026/05/31 20:17:05.065142 | [Dataset Load] -> "Loading datasets from class Consolidation"
DEBUG | 2026/05/31 20:17:05.065931 | [Dataset Load] -> "Loading datasets from class Edema"
DEBUG | 2026/05/31 20:17:05.066409 | [Dataset Load] -> "Loading datasets from class Effusion"
DEBUG | 2026/05/31 20:17:05.067194 | [Dataset Load] -> "Loading datasets from class Emphysema"
DEBUG | 2026/05/31 20:17:05.067624 | [Dataset Load] -> "Loading datasets from class Fibrosis"
DEBUG | 2026/05/31 20:17:05.067905 | [Dataset Load] -> "Loading datasets from class Hernia"
DEBUG | 2026/05/31 20:17:05.067975 | [Dataset Load] -> "Loading datasets from class Infiltration"
DEBUG | 2026/05/31 20:17:05.069228 | [Dataset Load] -> "Loading datasets from class Mass"
DEBUG | 2026/05/31 20:17:05.069977 | [Dataset Load] -> "Loading datasets from class No Finding"
DEBUG | 2026/05/31 20:17:05.071344 | [Dataset Load] -> "Loading datasets from class Nodule"
DEBUG | 2026/05/31 20:17:05.072065 | [Dataset Load] -> "Loading datasets from class Pleural_Thickening"
DEBUG | 2026/05/31 20:17:05.072479 | [Dataset Load] -> "Loading datasets from class Pneumonia"
DEBUG | 2026/05/31 20:17:05.072607 | [Dataset Load] -> "Loading datasets from class Pneumothorax"
DEBUG | 2026/05/31 20:17:05.073201 | [Dataset Load] -> "Dynamically loaded 22921 datas"
DEBUG | 2026/05/31 20:17:05.081236 | [Dataset Load] -> "Loading datasets from data/train"
DEBUG | 2026/05/31 20:17:05.081301 | [Dataset Load] -> "Dynamically loaded 16044 datas"
DEBUG | 2026/05/31 20:17:05.081348 | [Dataset Load] -> "Loading datasets from data/train"
DEBUG | 2026/05/31 20:17:05.081403 | [Dataset Load] -> "Dynamically loaded 6877 datas"
DEBUG | 2026/05/31 20:26:04.495514 | [Dataset Load] -> "Loading datasets from data/train"
DEBUG | 2026/05/31 20:26:04.495971 | [Dataset Load] -> "Loading datasets from class Atelectasis"
DEBUG | 2026/05/31 20:26:04.508421 | [Dataset Load] -> "Loading datasets from class Cardiomegaly"
DEBUG | 2026/05/31 20:26:04.510929 | [Dataset Load] -> "Loading datasets from class Consolidation"
DEBUG | 2026/05/31 20:26:04.514814 | [Dataset Load] -> "Loading datasets from class Edema"
DEBUG | 2026/05/31 20:26:04.519931 | [Dataset Load] -> "Loading datasets from class Effusion"
DEBUG | 2026/05/31 20:26:04.525362 | [Dataset Load] -> "Loading datasets from class Emphysema"
DEBUG | 2026/05/31 20:26:04.527233 | [Dataset Load] -> "Loading datasets from class Fibrosis"
DEBUG | 2026/05/31 20:26:04.529450 | [Dataset Load] -> "Loading datasets from class Hernia"
DEBUG | 2026/05/31 20:26:04.529687 | [Dataset Load] -> "Loading datasets from class Infiltration"
DEBUG | 2026/05/31 20:26:04.535937 | [Dataset Load] -> "Loading datasets from class Mass"
DEBUG | 2026/05/31 20:26:04.541736 | [Dataset Load] -> "Loading datasets from class No Finding"
DEBUG | 2026/05/31 20:26:04.553696 | [Dataset Load] -> "Loading datasets from class Nodule"
DEBUG | 2026/05/31 20:26:04.557995 | [Dataset Load] -> "Loading datasets from class Pleural_Thickening"
DEBUG | 2026/05/31 20:26:04.560565 | [Dataset Load] -> "Loading datasets from class Pneumonia"
DEBUG | 2026/05/31 20:26:04.562074 | [Dataset Load] -> "Loading datasets from class Pneumothorax"
DEBUG | 2026/05/31 20:26:04.564586 | [Dataset Load] -> "Dynamically loaded 22921 datas"
DEBUG | 2026/05/31 20:36:19.271997 | [Dataset Load] -> "Loading datasets from data/train"
DEBUG | 2026/05/31 20:36:19.272611 | [Dataset Load] -> "Loading datasets from class Atelectasis"
DEBUG | 2026/05/31 20:36:19.285453 | [Dataset Load] -> "Loading datasets from class Cardiomegaly"
DEBUG | 2026/05/31 20:36:19.287946 | [Dataset Load] -> "Loading datasets from class Consolidation"
DEBUG | 2026/05/31 20:36:19.291834 | [Dataset Load] -> "Loading datasets from class Edema"
DEBUG | 2026/05/31 20:36:19.297088 | [Dataset Load] -> "Loading datasets from class Effusion"
DEBUG | 2026/05/31 20:36:19.302462 | [Dataset Load] -> "Loading datasets from class Emphysema"
DEBUG | 2026/05/31 20:36:19.304388 | [Dataset Load] -> "Loading datasets from class Fibrosis"
DEBUG | 2026/05/31 20:36:19.306609 | [Dataset Load] -> "Loading datasets from class Hernia"
DEBUG | 2026/05/31 20:36:19.306860 | [Dataset Load] -> "Loading datasets from class Infiltration"
DEBUG | 2026/05/31 20:36:19.313357 | [Dataset Load] -> "Loading datasets from class Mass"
DEBUG | 2026/05/31 20:36:19.319097 | [Dataset Load] -> "Loading datasets from class No Finding"
DEBUG | 2026/05/31 20:36:19.330930 | [Dataset Load] -> "Loading datasets from class Nodule"
DEBUG | 2026/05/31 20:36:19.335355 | [Dataset Load] -> "Loading datasets from class Pleural_Thickening"
DEBUG | 2026/05/31 20:36:19.338103 | [Dataset Load] -> "Loading datasets from class Pneumonia"
DEBUG | 2026/05/31 20:36:19.339638 | [Dataset Load] -> "Loading datasets from class Pneumothorax"
DEBUG | 2026/05/31 20:36:19.342219 | [Dataset Load] -> "Dynamically loaded 22921 datas"
DEBUG | 2026/05/31 20:46:33.937679 | [Dataset Load] -> "Loading datasets from data/train"
DEBUG | 2026/05/31 20:46:33.938277 | [Dataset Load] -> "Loading datasets from class Atelectasis"
DEBUG | 2026/05/31 20:46:33.951849 | [Dataset Load] -> "Loading datasets from class Cardiomegaly"
DEBUG | 2026/05/31 20:46:33.954374 | [Dataset Load] -> "Loading datasets from class Consolidation"
DEBUG | 2026/05/31 20:46:33.958271 | [Dataset Load] -> "Loading datasets from class Edema"
DEBUG | 2026/05/31 20:46:33.963528 | [Dataset Load] -> "Loading datasets from class Effusion"
DEBUG | 2026/05/31 20:46:33.968911 | [Dataset Load] -> "Loading datasets from class Emphysema"
DEBUG | 2026/05/31 20:46:33.970864 | [Dataset Load] -> "Loading datasets from class Fibrosis"
DEBUG | 2026/05/31 20:46:33.973101 | [Dataset Load] -> "Loading datasets from class Hernia"
DEBUG | 2026/05/31 20:46:33.973282 | [Dataset Load] -> "Loading datasets from class Infiltration"
DEBUG | 2026/05/31 20:46:33.979701 | [Dataset Load] -> "Loading datasets from class Mass"
DEBUG | 2026/05/31 20:46:33.985320 | [Dataset Load] -> "Loading datasets from class No Finding"
DEBUG | 2026/05/31 20:46:33.997156 | [Dataset Load] -> "Loading datasets from class Nodule"
DEBUG | 2026/05/31 20:46:34.001608 | [Dataset Load] -> "Loading datasets from class Pleural_Thickening"
DEBUG | 2026/05/31 20:46:34.004297 | [Dataset Load] -> "Loading datasets from class Pneumonia"
DEBUG | 2026/05/31 20:46:34.005824 | [Dataset Load] -> "Loading datasets from class Pneumothorax"
DEBUG | 2026/05/31 20:46:34.008309 | [Dataset Load] -> "Dynamically loaded 22921 datas"
DEBUG | 2026/05/31 20:56:48.891216 | [Dataset Load] -> "Loading datasets from data/train"
DEBUG | 2026/05/31 20:56:48.891816 | [Dataset Load] -> "Loading datasets from class Atelectasis"
DEBUG | 2026/05/31 20:56:48.904784 | [Dataset Load] -> "Loading datasets from class Cardiomegaly"
DEBUG | 2026/05/31 20:56:48.907409 | [Dataset Load] -> "Loading datasets from class Consolidation"
DEBUG | 2026/05/31 20:56:48.911284 | [Dataset Load] -> "Loading datasets from class Edema"
DEBUG | 2026/05/31 20:56:48.916288 | [Dataset Load] -> "Loading datasets from class Effusion"
DEBUG | 2026/05/31 20:56:48.921653 | [Dataset Load] -> "Loading datasets from class Emphysema"
DEBUG | 2026/05/31 20:56:48.923603 | [Dataset Load] -> "Loading datasets from class Fibrosis"
DEBUG | 2026/05/31 20:56:48.925862 | [Dataset Load] -> "Loading datasets from class Hernia"
DEBUG | 2026/05/31 20:56:48.926140 | [Dataset Load] -> "Loading datasets from class Infiltration"
DEBUG | 2026/05/31 20:56:48.932774 | [Dataset Load] -> "Loading datasets from class Mass"
DEBUG | 2026/05/31 20:56:48.938599 | [Dataset Load] -> "Loading datasets from class No Finding"
DEBUG | 2026/05/31 20:56:48.950503 | [Dataset Load] -> "Loading datasets from class Nodule"
DEBUG | 2026/05/31 20:56:48.954864 | [Dataset Load] -> "Loading datasets from class Pleural_Thickening"
DEBUG | 2026/05/31 20:56:48.957659 | [Dataset Load] -> "Loading datasets from class Pneumonia"
DEBUG | 2026/05/31 20:56:48.959175 | [Dataset Load] -> "Loading datasets from class Pneumothorax"
DEBUG | 2026/05/31 20:56:48.961716 | [Dataset Load] -> "Dynamically loaded 22921 datas"
DEBUG | 2026/05/31 21:07:04.753364 | [Dataset Load] -> "Loading datasets from data/train"
DEBUG | 2026/05/31 21:07:04.753946 | [Dataset Load] -> "Loading datasets from class Atelectasis"
DEBUG | 2026/05/31 21:07:04.766715 | [Dataset Load] -> "Loading datasets from class Cardiomegaly"
DEBUG | 2026/05/31 21:07:04.769168 | [Dataset Load] -> "Loading datasets from class Consolidation"
DEBUG | 2026/05/31 21:07:04.773054 | [Dataset Load] -> "Loading datasets from class Edema"
DEBUG | 2026/05/31 21:07:04.906508 | [Dataset Load] -> "Loading datasets from class Effusion"
DEBUG | 2026/05/31 21:07:04.910990 | [Dataset Load] -> "Loading datasets from class Emphysema"
DEBUG | 2026/05/31 21:07:04.913425 | [Dataset Load] -> "Loading datasets from class Fibrosis"
DEBUG | 2026/05/31 21:07:04.915239 | [Dataset Load] -> "Loading datasets from class Hernia"
DEBUG | 2026/05/31 21:07:04.928898 | [Dataset Load] -> "Loading datasets from class Infiltration"
DEBUG | 2026/05/31 21:07:04.940269 | [Dataset Load] -> "Loading datasets from class Mass"
DEBUG | 2026/05/31 21:07:04.946023 | [Dataset Load] -> "Loading datasets from class No Finding"
DEBUG | 2026/05/31 21:07:04.953187 | [Dataset Load] -> "Loading datasets from class Nodule"
DEBUG | 2026/05/31 21:07:04.958832 | [Dataset Load] -> "Loading datasets from class Pleural_Thickening"
DEBUG | 2026/05/31 21:07:04.963039 | [Dataset Load] -> "Loading datasets from class Pneumonia"
DEBUG | 2026/05/31 21:07:04.964521 | [Dataset Load] -> "Loading datasets from class Pneumothorax"
DEBUG | 2026/05/31 21:07:04.967350 | [Dataset Load] -> "Dynamically loaded 22921 datas"
DEBUG | 2026/05/31 21:17:19.239158 | [Dataset Load] -> "Loading datasets from data/train"
DEBUG | 2026/05/31 21:17:19.239735 | [Dataset Load] -> "Loading datasets from class Atelectasis"
DEBUG | 2026/05/31 21:17:19.252818 | [Dataset Load] -> "Loading datasets from class Cardiomegaly"
DEBUG | 2026/05/31 21:17:19.255484 | [Dataset Load] -> "Loading datasets from class Consolidation"
DEBUG | 2026/05/31 21:17:19.259597 | [Dataset Load] -> "Loading datasets from class Edema"
DEBUG | 2026/05/31 21:17:19.264852 | [Dataset Load] -> "Loading datasets from class Effusion"
DEBUG | 2026/05/31 21:17:19.270340 | [Dataset Load] -> "Loading datasets from class Emphysema"
DEBUG | 2026/05/31 21:17:19.272549 | [Dataset Load] -> "Loading datasets from class Fibrosis"
DEBUG | 2026/05/31 21:17:19.274863 | [Dataset Load] -> "Loading datasets from class Hernia"
DEBUG | 2026/05/31 21:17:19.275107 | [Dataset Load] -> "Loading datasets from class Infiltration"
DEBUG | 2026/05/31 21:17:19.281523 | [Dataset Load] -> "Loading datasets from class Mass"
DEBUG | 2026/05/31 21:17:19.287857 | [Dataset Load] -> "Loading datasets from class No Finding"
DEBUG | 2026/05/31 21:17:19.299914 | [Dataset Load] -> "Loading datasets from class Nodule"
DEBUG | 2026/05/31 21:17:19.304382 | [Dataset Load] -> "Loading datasets from class Pleural_Thickening"
DEBUG | 2026/05/31 21:17:19.307065 | [Dataset Load] -> "Loading datasets from class Pneumonia"
DEBUG | 2026/05/31 21:17:19.308515 | [Dataset Load] -> "Loading datasets from class Pneumothorax"
DEBUG | 2026/05/31 21:17:19.311071 | [Dataset Load] -> "Dynamically loaded 22921 datas"
DEBUG | 2026/05/31 21:27:34.127631 | [Dataset Load] -> "Loading datasets from data/train"
DEBUG | 2026/05/31 21:27:34.128374 | [Dataset Load] -> "Loading datasets from class Atelectasis"
DEBUG | 2026/05/31 21:27:34.141066 | [Dataset Load] -> "Loading datasets from class Cardiomegaly"
DEBUG | 2026/05/31 21:27:34.143542 | [Dataset Load] -> "Loading datasets from class Consolidation"
DEBUG | 2026/05/31 21:27:34.147429 | [Dataset Load] -> "Loading datasets from class Edema"
DEBUG | 2026/05/31 21:27:34.152589 | [Dataset Load] -> "Loading datasets from class Effusion"
DEBUG | 2026/05/31 21:27:34.157858 | [Dataset Load] -> "Loading datasets from class Emphysema"
DEBUG | 2026/05/31 21:27:34.159753 | [Dataset Load] -> "Loading datasets from class Fibrosis"
DEBUG | 2026/05/31 21:27:34.162014 | [Dataset Load] -> "Loading datasets from class Hernia"
DEBUG | 2026/05/31 21:27:34.162256 | [Dataset Load] -> "Loading datasets from class Infiltration"
DEBUG | 2026/05/31 21:27:34.168751 | [Dataset Load] -> "Loading datasets from class Mass"
DEBUG | 2026/05/31 21:27:34.174661 | [Dataset Load] -> "Loading datasets from class No Finding"
DEBUG | 2026/05/31 21:27:34.186654 | [Dataset Load] -> "Loading datasets from class Nodule"
DEBUG | 2026/05/31 21:27:34.191004 | [Dataset Load] -> "Loading datasets from class Pleural_Thickening"
DEBUG | 2026/05/31 21:27:34.193693 | [Dataset Load] -> "Loading datasets from class Pneumonia"
DEBUG | 2026/05/31 21:27:34.195194 | [Dataset Load] -> "Loading datasets from class Pneumothorax"
DEBUG | 2026/05/31 21:27:34.197800 | [Dataset Load] -> "Dynamically loaded 22921 datas"
DEBUG | 2026/05/31 21:37:47.406514 | [Dataset Load] -> "Loading datasets from data/train"
DEBUG | 2026/05/31 21:37:47.407109 | [Dataset Load] -> "Loading datasets from class Atelectasis"
DEBUG | 2026/05/31 21:37:47.419964 | [Dataset Load] -> "Loading datasets from class Cardiomegaly"
DEBUG | 2026/05/31 21:37:47.422468 | [Dataset Load] -> "Loading datasets from class Consolidation"
DEBUG | 2026/05/31 21:37:47.426378 | [Dataset Load] -> "Loading datasets from class Edema"
DEBUG | 2026/05/31 21:37:47.431643 | [Dataset Load] -> "Loading datasets from class Effusion"
DEBUG | 2026/05/31 21:37:47.437012 | [Dataset Load] -> "Loading datasets from class Emphysema"
DEBUG | 2026/05/31 21:37:47.438979 | [Dataset Load] -> "Loading datasets from class Fibrosis"
DEBUG | 2026/05/31 21:37:47.441261 | [Dataset Load] -> "Loading datasets from class Hernia"
DEBUG | 2026/05/31 21:37:47.441510 | [Dataset Load] -> "Loading datasets from class Infiltration"
DEBUG | 2026/05/31 21:37:47.447974 | [Dataset Load] -> "Loading datasets from class Mass"
DEBUG | 2026/05/31 21:37:47.453959 | [Dataset Load] -> "Loading datasets from class No Finding"
DEBUG | 2026/05/31 21:37:47.465992 | [Dataset Load] -> "Loading datasets from class Nodule"
DEBUG | 2026/05/31 21:37:47.470510 | [Dataset Load] -> "Loading datasets from class Pleural_Thickening"
DEBUG | 2026/05/31 21:37:47.473296 | [Dataset Load] -> "Loading datasets from class Pneumonia"
DEBUG | 2026/05/31 21:37:47.474838 | [Dataset Load] -> "Loading datasets from class Pneumothorax"
DEBUG | 2026/05/31 21:37:47.477425 | [Dataset Load] -> "Dynamically loaded 22921 datas"
DEBUG | 2026/05/31 21:48:04.077023 | [Dataset Load] -> "Loading datasets from data/train"
DEBUG | 2026/05/31 21:48:04.077830 | [Dataset Load] -> "Loading datasets from class Atelectasis"
DEBUG | 2026/05/31 21:48:04.090538 | [Dataset Load] -> "Loading datasets from class Cardiomegaly"
DEBUG | 2026/05/31 21:48:04.093060 | [Dataset Load] -> "Loading datasets from class Consolidation"
DEBUG | 2026/05/31 21:48:04.096895 | [Dataset Load] -> "Loading datasets from class Edema"
DEBUG | 2026/05/31 21:48:04.101020 | [Dataset Load] -> "Loading datasets from class Effusion"
DEBUG | 2026/05/31 21:48:04.106866 | [Dataset Load] -> "Loading datasets from class Emphysema"
DEBUG | 2026/05/31 21:48:04.108806 | [Dataset Load] -> "Loading datasets from class Fibrosis"
DEBUG | 2026/05/31 21:48:04.110865 | [Dataset Load] -> "Loading datasets from class Hernia"
DEBUG | 2026/05/31 21:48:04.110945 | [Dataset Load] -> "Loading datasets from class Infiltration"
DEBUG | 2026/05/31 21:48:04.117418 | [Dataset Load] -> "Loading datasets from class Mass"
DEBUG | 2026/05/31 21:48:04.123100 | [Dataset Load] -> "Loading datasets from class No Finding"
DEBUG | 2026/05/31 21:48:04.135147 | [Dataset Load] -> "Loading datasets from class Nodule"
DEBUG | 2026/05/31 21:48:04.139502 | [Dataset Load] -> "Loading datasets from class Pleural_Thickening"
DEBUG | 2026/05/31 21:48:04.141062 | [Dataset Load] -> "Loading datasets from class Pneumonia"
DEBUG | 2026/05/31 21:48:04.143334 | [Dataset Load] -> "Loading datasets from class Pneumothorax"
DEBUG | 2026/05/31 21:48:04.145888 | [Dataset Load] -> "Dynamically loaded 22921 datas"
DEBUG | 2026/05/31 21:58:18.393557 | [Dataset Load] -> "Loading datasets from data/train"
DEBUG | 2026/05/31 21:58:18.394124 | [Dataset Load] -> "Loading datasets from class Atelectasis"
DEBUG | 2026/05/31 21:58:18.406767 | [Dataset Load] -> "Loading datasets from class Cardiomegaly"
DEBUG | 2026/05/31 21:58:18.409202 | [Dataset Load] -> "Loading datasets from class Consolidation"
DEBUG | 2026/05/31 21:58:18.413101 | [Dataset Load] -> "Loading datasets from class Edema"
DEBUG | 2026/05/31 21:58:18.418237 | [Dataset Load] -> "Loading datasets from class Effusion"
DEBUG | 2026/05/31 21:58:18.423846 | [Dataset Load] -> "Loading datasets from class Emphysema"
DEBUG | 2026/05/31 21:58:18.425804 | [Dataset Load] -> "Loading datasets from class Fibrosis"
DEBUG | 2026/05/31 21:58:18.428030 | [Dataset Load] -> "Loading datasets from class Hernia"
DEBUG | 2026/05/31 21:58:18.428274 | [Dataset Load] -> "Loading datasets from class Infiltration"
DEBUG | 2026/05/31 21:58:18.434660 | [Dataset Load] -> "Loading datasets from class Mass"
DEBUG | 2026/05/31 21:58:18.440392 | [Dataset Load] -> "Loading datasets from class No Finding"
DEBUG | 2026/05/31 21:58:18.452951 | [Dataset Load] -> "Loading datasets from class Nodule"
DEBUG | 2026/05/31 21:58:18.457766 | [Dataset Load] -> "Loading datasets from class Pleural_Thickening"
DEBUG | 2026/05/31 21:58:18.460599 | [Dataset Load] -> "Loading datasets from class Pneumonia"
DEBUG | 2026/05/31 21:58:18.462116 | [Dataset Load] -> "Loading datasets from class Pneumothorax"
DEBUG | 2026/05/31 21:58:18.464732 | [Dataset Load] -> "Dynamically loaded 22921 datas"
DEBUG | 2026/05/31 22:08:32.850810 | [Dataset Load] -> "Loading datasets from data/train"
DEBUG | 2026/05/31 22:08:32.851443 | [Dataset Load] -> "Loading datasets from class Atelectasis"
DEBUG | 2026/05/31 22:08:32.864293 | [Dataset Load] -> "Loading datasets from class Cardiomegaly"
DEBUG | 2026/05/31 22:08:32.866844 | [Dataset Load] -> "Loading datasets from class Consolidation"
DEBUG | 2026/05/31 22:08:32.870706 | [Dataset Load] -> "Loading datasets from class Edema"
DEBUG | 2026/05/31 22:08:32.875676 | [Dataset Load] -> "Loading datasets from class Effusion"
DEBUG | 2026/05/31 22:08:32.881260 | [Dataset Load] -> "Loading datasets from class Emphysema"
DEBUG | 2026/05/31 22:08:32.883204 | [Dataset Load] -> "Loading datasets from class Fibrosis"
DEBUG | 2026/05/31 22:08:32.885427 | [Dataset Load] -> "Loading datasets from class Hernia"
DEBUG | 2026/05/31 22:08:32.885671 | [Dataset Load] -> "Loading datasets from class Infiltration"
DEBUG | 2026/05/31 22:08:32.892069 | [Dataset Load] -> "Loading datasets from class Mass"
DEBUG | 2026/05/31 22:08:32.897967 | [Dataset Load] -> "Loading datasets from class No Finding"
DEBUG | 2026/05/31 22:08:32.909933 | [Dataset Load] -> "Loading datasets from class Nodule"
DEBUG | 2026/05/31 22:08:32.914251 | [Dataset Load] -> "Loading datasets from class Pleural_Thickening"
DEBUG | 2026/05/31 22:08:32.916949 | [Dataset Load] -> "Loading datasets from class Pneumonia"
DEBUG | 2026/05/31 22:08:32.918494 | [Dataset Load] -> "Loading datasets from class Pneumothorax"
DEBUG | 2026/05/31 22:08:32.920981 | [Dataset Load] -> "Dynamically loaded 22921 datas"
DEBUG | 2026/05/31 22:18:46.930415 | [Dataset Load] -> "Loading datasets from data/train"
DEBUG | 2026/05/31 22:18:46.931061 | [Dataset Load] -> "Loading datasets from class Atelectasis"
DEBUG | 2026/05/31 22:18:46.943593 | [Dataset Load] -> "Loading datasets from class Cardiomegaly"
DEBUG | 2026/05/31 22:18:46.946271 | [Dataset Load] -> "Loading datasets from class Consolidation"
DEBUG | 2026/05/31 22:18:46.950129 | [Dataset Load] -> "Loading datasets from class Edema"
DEBUG | 2026/05/31 22:18:46.955084 | [Dataset Load] -> "Loading datasets from class Effusion"
DEBUG | 2026/05/31 22:18:46.960493 | [Dataset Load] -> "Loading datasets from class Emphysema"
DEBUG | 2026/05/31 22:18:46.962417 | [Dataset Load] -> "Loading datasets from class Fibrosis"
DEBUG | 2026/05/31 22:18:46.964636 | [Dataset Load] -> "Loading datasets from class Hernia"
DEBUG | 2026/05/31 22:18:46.964881 | [Dataset Load] -> "Loading datasets from class Infiltration"
DEBUG | 2026/05/31 22:18:46.971272 | [Dataset Load] -> "Loading datasets from class Mass"
DEBUG | 2026/05/31 22:18:46.976979 | [Dataset Load] -> "Loading datasets from class No Finding"
DEBUG | 2026/05/31 22:18:46.988909 | [Dataset Load] -> "Loading datasets from class Nodule"
DEBUG | 2026/05/31 22:18:46.993328 | [Dataset Load] -> "Loading datasets from class Pleural_Thickening"
DEBUG | 2026/05/31 22:18:46.996345 | [Dataset Load] -> "Loading datasets from class Pneumonia"
DEBUG | 2026/05/31 22:18:46.997859 | [Dataset Load] -> "Loading datasets from class Pneumothorax"
DEBUG | 2026/05/31 22:18:47.000402 | [Dataset Load] -> "Dynamically loaded 22921 datas"
DEBUG | 2026/05/31 22:29:00.680079 | [Dataset Load] -> "Loading datasets from data/train"
DEBUG | 2026/05/31 22:29:00.680712 | [Dataset Load] -> "Loading datasets from class Atelectasis"
DEBUG | 2026/05/31 22:29:00.693471 | [Dataset Load] -> "Loading datasets from class Cardiomegaly"
DEBUG | 2026/05/31 22:29:00.696113 | [Dataset Load] -> "Loading datasets from class Consolidation"
DEBUG | 2026/05/31 22:29:00.700057 | [Dataset Load] -> "Loading datasets from class Edema"
DEBUG | 2026/05/31 22:29:00.705082 | [Dataset Load] -> "Loading datasets from class Effusion"
DEBUG | 2026/05/31 22:29:00.710540 | [Dataset Load] -> "Loading datasets from class Emphysema"
DEBUG | 2026/05/31 22:29:00.712657 | [Dataset Load] -> "Loading datasets from class Fibrosis"
DEBUG | 2026/05/31 22:29:00.714892 | [Dataset Load] -> "Loading datasets from class Hernia"
DEBUG | 2026/05/31 22:29:00.715144 | [Dataset Load] -> "Loading datasets from class Infiltration"
DEBUG | 2026/05/31 22:29:00.721576 | [Dataset Load] -> "Loading datasets from class Mass"
DEBUG | 2026/05/31 22:29:00.727305 | [Dataset Load] -> "Loading datasets from class No Finding"
DEBUG | 2026/05/31 22:29:00.739489 | [Dataset Load] -> "Loading datasets from class Nodule"
DEBUG | 2026/05/31 22:29:00.743848 | [Dataset Load] -> "Loading datasets from class Pleural_Thickening"
DEBUG | 2026/05/31 22:29:00.746468 | [Dataset Load] -> "Loading datasets from class Pneumonia"
DEBUG | 2026/05/31 22:29:00.748014 | [Dataset Load] -> "Loading datasets from class Pneumothorax"
DEBUG | 2026/05/31 22:29:00.750529 | [Dataset Load] -> "Dynamically loaded 22921 datas"
DEBUG | 2026/05/31 22:39:13.998108 | [Dataset Load] -> "Loading datasets from data/train"
DEBUG | 2026/05/31 22:39:13.998703 | [Dataset Load] -> "Loading datasets from class Atelectasis"
DEBUG | 2026/05/31 22:39:14.011536 | [Dataset Load] -> "Loading datasets from class Cardiomegaly"
DEBUG | 2026/05/31 22:39:14.014109 | [Dataset Load] -> "Loading datasets from class Consolidation"
DEBUG | 2026/05/31 22:39:14.018027 | [Dataset Load] -> "Loading datasets from class Edema"
DEBUG | 2026/05/31 22:39:14.023019 | [Dataset Load] -> "Loading datasets from class Effusion"
DEBUG | 2026/05/31 22:39:14.028469 | [Dataset Load] -> "Loading datasets from class Emphysema"
DEBUG | 2026/05/31 22:39:14.030710 | [Dataset Load] -> "Loading datasets from class Fibrosis"
DEBUG | 2026/05/31 22:39:14.032926 | [Dataset Load] -> "Loading datasets from class Hernia"
DEBUG | 2026/05/31 22:39:14.033169 | [Dataset Load] -> "Loading datasets from class Infiltration"
DEBUG | 2026/05/31 22:39:14.039592 | [Dataset Load] -> "Loading datasets from class Mass"
DEBUG | 2026/05/31 22:39:14.045353 | [Dataset Load] -> "Loading datasets from class No Finding"
DEBUG | 2026/05/31 22:39:14.057516 | [Dataset Load] -> "Loading datasets from class Nodule"
DEBUG | 2026/05/31 22:39:14.061793 | [Dataset Load] -> "Loading datasets from class Pleural_Thickening"
DEBUG | 2026/05/31 22:39:14.064488 | [Dataset Load] -> "Loading datasets from class Pneumonia"
DEBUG | 2026/05/31 22:39:14.065981 | [Dataset Load] -> "Loading datasets from class Pneumothorax"
DEBUG | 2026/05/31 22:39:14.068553 | [Dataset Load] -> "Dynamically loaded 22921 datas"
DEBUG | 2026/05/31 22:49:29.013366 | [Dataset Load] -> "Loading datasets from data/train"
DEBUG | 2026/05/31 22:49:29.014017 | [Dataset Load] -> "Loading datasets from class Atelectasis"
DEBUG | 2026/05/31 22:49:29.026772 | [Dataset Load] -> "Loading datasets from class Cardiomegaly"
DEBUG | 2026/05/31 22:49:29.029230 | [Dataset Load] -> "Loading datasets from class Consolidation"
DEBUG | 2026/05/31 22:49:29.033067 | [Dataset Load] -> "Loading datasets from class Edema"
DEBUG | 2026/05/31 22:49:29.038298 | [Dataset Load] -> "Loading datasets from class Effusion"
DEBUG | 2026/05/31 22:49:29.043780 | [Dataset Load] -> "Loading datasets from class Emphysema"
DEBUG | 2026/05/31 22:49:29.045682 | [Dataset Load] -> "Loading datasets from class Fibrosis"
DEBUG | 2026/05/31 22:49:29.047924 | [Dataset Load] -> "Loading datasets from class Hernia"
DEBUG | 2026/05/31 22:49:29.048201 | [Dataset Load] -> "Loading datasets from class Infiltration"
DEBUG | 2026/05/31 22:49:29.054620 | [Dataset Load] -> "Loading datasets from class Mass"
DEBUG | 2026/05/31 22:49:29.060447 | [Dataset Load] -> "Loading datasets from class No Finding"
DEBUG | 2026/05/31 22:49:29.072444 | [Dataset Load] -> "Loading datasets from class Nodule"
DEBUG | 2026/05/31 22:49:29.076869 | [Dataset Load] -> "Loading datasets from class Pleural_Thickening"
DEBUG | 2026/05/31 22:49:29.079563 | [Dataset Load] -> "Loading datasets from class Pneumonia"
DEBUG | 2026/05/31 22:49:29.081046 | [Dataset Load] -> "Loading datasets from class Pneumothorax"
DEBUG | 2026/05/31 22:49:29.083556 | [Dataset Load] -> "Dynamically loaded 22921 datas"
DEBUG | 2026/05/31 22:59:44.518997 | [Dataset Load] -> "Loading datasets from data/train"
DEBUG | 2026/05/31 22:59:44.519610 | [Dataset Load] -> "Loading datasets from class Atelectasis"
DEBUG | 2026/05/31 22:59:44.532482 | [Dataset Load] -> "Loading datasets from class Cardiomegaly"
DEBUG | 2026/05/31 22:59:44.534988 | [Dataset Load] -> "Loading datasets from class Consolidation"
DEBUG | 2026/05/31 22:59:44.538926 | [Dataset Load] -> "Loading datasets from class Edema"
DEBUG | 2026/05/31 22:59:44.544076 | [Dataset Load] -> "Loading datasets from class Effusion"
DEBUG | 2026/05/31 22:59:44.662660 | [Dataset Load] -> "Loading datasets from class Emphysema"
DEBUG | 2026/05/31 22:59:44.665318 | [Dataset Load] -> "Loading datasets from class Fibrosis"
DEBUG | 2026/05/31 22:59:44.667744 | [Dataset Load] -> "Loading datasets from class Hernia"
DEBUG | 2026/05/31 22:59:44.668000 | [Dataset Load] -> "Loading datasets from class Infiltration"
DEBUG | 2026/05/31 22:59:44.674318 | [Dataset Load] -> "Loading datasets from class Mass"
DEBUG | 2026/05/31 22:59:44.680032 | [Dataset Load] -> "Loading datasets from class No Finding"
DEBUG | 2026/05/31 22:59:44.691960 | [Dataset Load] -> "Loading datasets from class Nodule"
DEBUG | 2026/05/31 22:59:44.696344 | [Dataset Load] -> "Loading datasets from class Pleural_Thickening"
DEBUG | 2026/05/31 22:59:44.699053 | [Dataset Load] -> "Loading datasets from class Pneumonia"
DEBUG | 2026/05/31 22:59:44.700533 | [Dataset Load] -> "Loading datasets from class Pneumothorax"
DEBUG | 2026/05/31 22:59:44.703096 | [Dataset Load] -> "Dynamically loaded 22921 datas"
DEBUG | 2026/05/31 23:09:59.044949 | [Dataset Load] -> "Loading datasets from data/train"
DEBUG | 2026/05/31 23:09:59.045446 | [Dataset Load] -> "Loading datasets from class Atelectasis"
DEBUG | 2026/05/31 23:09:59.058130 | [Dataset Load] -> "Loading datasets from class Cardiomegaly"
DEBUG | 2026/05/31 23:09:59.060824 | [Dataset Load] -> "Loading datasets from class Consolidation"
DEBUG | 2026/05/31 23:09:59.064741 | [Dataset Load] -> "Loading datasets from class Edema"
DEBUG | 2026/05/31 23:09:59.069642 | [Dataset Load] -> "Loading datasets from class Effusion"
DEBUG | 2026/05/31 23:09:59.075063 | [Dataset Load] -> "Loading datasets from class Emphysema"
DEBUG | 2026/05/31 23:09:59.076977 | [Dataset Load] -> "Loading datasets from class Fibrosis"
DEBUG | 2026/05/31 23:09:59.079373 | [Dataset Load] -> "Loading datasets from class Hernia"
DEBUG | 2026/05/31 23:09:59.079641 | [Dataset Load] -> "Loading datasets from class Infiltration"
DEBUG | 2026/05/31 23:09:59.086053 | [Dataset Load] -> "Loading datasets from class Mass"
DEBUG | 2026/05/31 23:09:59.091887 | [Dataset Load] -> "Loading datasets from class No Finding"
DEBUG | 2026/05/31 23:09:59.103765 | [Dataset Load] -> "Loading datasets from class Nodule"
DEBUG | 2026/05/31 23:09:59.108326 | [Dataset Load] -> "Loading datasets from class Pleural_Thickening"
DEBUG | 2026/05/31 23:09:59.111050 | [Dataset Load] -> "Loading datasets from class Pneumonia"
DEBUG | 2026/05/31 23:09:59.112594 | [Dataset Load] -> "Loading datasets from class Pneumothorax"
DEBUG | 2026/05/31 23:09:59.115185 | [Dataset Load] -> "Dynamically loaded 22921 datas"
DEBUG | 2026/05/31 23:20:14.459116 | [Dataset Load] -> "Loading datasets from data/train"
DEBUG | 2026/05/31 23:20:14.459714 | [Dataset Load] -> "Loading datasets from class Atelectasis"
DEBUG | 2026/05/31 23:20:14.472367 | [Dataset Load] -> "Loading datasets from class Cardiomegaly"
DEBUG | 2026/05/31 23:20:14.474836 | [Dataset Load] -> "Loading datasets from class Consolidation"
DEBUG | 2026/05/31 23:20:14.478788 | [Dataset Load] -> "Loading datasets from class Edema"
DEBUG | 2026/05/31 23:20:14.483847 | [Dataset Load] -> "Loading datasets from class Effusion"
DEBUG | 2026/05/31 23:20:14.489360 | [Dataset Load] -> "Loading datasets from class Emphysema"
DEBUG | 2026/05/31 23:20:14.491294 | [Dataset Load] -> "Loading datasets from class Fibrosis"
DEBUG | 2026/05/31 23:20:14.493478 | [Dataset Load] -> "Loading datasets from class Hernia"
DEBUG | 2026/05/31 23:20:14.493715 | [Dataset Load] -> "Loading datasets from class Infiltration"
DEBUG | 2026/05/31 23:20:14.500517 | [Dataset Load] -> "Loading datasets from class Mass"
DEBUG | 2026/05/31 23:20:14.506820 | [Dataset Load] -> "Loading datasets from class No Finding"
DEBUG | 2026/05/31 23:20:14.518860 | [Dataset Load] -> "Loading datasets from class Nodule"
DEBUG | 2026/05/31 23:20:14.523420 | [Dataset Load] -> "Loading datasets from class Pleural_Thickening"
DEBUG | 2026/05/31 23:20:14.526229 | [Dataset Load] -> "Loading datasets from class Pneumonia"
DEBUG | 2026/05/31 23:20:14.527750 | [Dataset Load] -> "Loading datasets from class Pneumothorax"
DEBUG | 2026/05/31 23:20:14.530367 | [Dataset Load] -> "Dynamically loaded 22921 datas"
DEBUG | 2026/05/31 23:30:27.766073 | [Dataset Load] -> "Loading datasets from data/train"
DEBUG | 2026/05/31 23:30:27.766655 | [Dataset Load] -> "Loading datasets from class Atelectasis"
DEBUG | 2026/05/31 23:30:27.779062 | [Dataset Load] -> "Loading datasets from class Cardiomegaly"
DEBUG | 2026/05/31 23:30:27.781587 | [Dataset Load] -> "Loading datasets from class Consolidation"
DEBUG | 2026/05/31 23:30:27.785537 | [Dataset Load] -> "Loading datasets from class Edema"
DEBUG | 2026/05/31 23:30:27.790609 | [Dataset Load] -> "Loading datasets from class Effusion"
DEBUG | 2026/05/31 23:30:27.796106 | [Dataset Load] -> "Loading datasets from class Emphysema"
DEBUG | 2026/05/31 23:30:27.798045 | [Dataset Load] -> "Loading datasets from class Fibrosis"
DEBUG | 2026/05/31 23:30:27.800239 | [Dataset Load] -> "Loading datasets from class Hernia"
DEBUG | 2026/05/31 23:30:27.800472 | [Dataset Load] -> "Loading datasets from class Infiltration"
DEBUG | 2026/05/31 23:30:27.806664 | [Dataset Load] -> "Loading datasets from class Mass"
DEBUG | 2026/05/31 23:30:27.812320 | [Dataset Load] -> "Loading datasets from class No Finding"
DEBUG | 2026/05/31 23:30:27.946473 | [Dataset Load] -> "Loading datasets from class Nodule"
DEBUG | 2026/05/31 23:30:27.952832 | [Dataset Load] -> "Loading datasets from class Pleural_Thickening"
DEBUG | 2026/05/31 23:30:27.955672 | [Dataset Load] -> "Loading datasets from class Pneumonia"
DEBUG | 2026/05/31 23:30:27.957264 | [Dataset Load] -> "Loading datasets from class Pneumothorax"
DEBUG | 2026/05/31 23:30:27.959838 | [Dataset Load] -> "Dynamically loaded 22921 datas"
DEBUG | 2026/05/31 23:40:42.345977 | [Dataset Load] -> "Loading datasets from data/train"
DEBUG | 2026/05/31 23:40:42.346436 | [Dataset Load] -> "Loading datasets from class Atelectasis"
DEBUG | 2026/05/31 23:40:42.358960 | [Dataset Load] -> "Loading datasets from class Cardiomegaly"
DEBUG | 2026/05/31 23:40:42.361419 | [Dataset Load] -> "Loading datasets from class Consolidation"
DEBUG | 2026/05/31 23:40:42.365399 | [Dataset Load] -> "Loading datasets from class Edema"
DEBUG | 2026/05/31 23:40:42.370453 | [Dataset Load] -> "Loading datasets from class Effusion"
DEBUG | 2026/05/31 23:40:42.375851 | [Dataset Load] -> "Loading datasets from class Emphysema"
DEBUG | 2026/05/31 23:40:42.377827 | [Dataset Load] -> "Loading datasets from class Fibrosis"
DEBUG | 2026/05/31 23:40:42.380059 | [Dataset Load] -> "Loading datasets from class Hernia"
DEBUG | 2026/05/31 23:40:42.380316 | [Dataset Load] -> "Loading datasets from class Infiltration"
DEBUG | 2026/05/31 23:40:42.387020 | [Dataset Load] -> "Loading datasets from class Mass"
DEBUG | 2026/05/31 23:40:42.392804 | [Dataset Load] -> "Loading datasets from class No Finding"
DEBUG | 2026/05/31 23:40:42.404699 | [Dataset Load] -> "Loading datasets from class Nodule"
DEBUG | 2026/05/31 23:40:42.409486 | [Dataset Load] -> "Loading datasets from class Pleural_Thickening"
DEBUG | 2026/05/31 23:40:42.412266 | [Dataset Load] -> "Loading datasets from class Pneumonia"
DEBUG | 2026/05/31 23:40:42.413786 | [Dataset Load] -> "Loading datasets from class Pneumothorax"
DEBUG | 2026/05/31 23:40:42.416350 | [Dataset Load] -> "Dynamically loaded 22921 datas"
DEBUG | 2026/05/31 23:50:58.295185 | [Dataset Load] -> "Loading datasets from data/train"
DEBUG | 2026/05/31 23:50:58.295841 | [Dataset Load] -> "Loading datasets from class Atelectasis"
DEBUG | 2026/05/31 23:50:58.308372 | [Dataset Load] -> "Loading datasets from class Cardiomegaly"
DEBUG | 2026/05/31 23:50:58.310920 | [Dataset Load] -> "Loading datasets from class Consolidation"
DEBUG | 2026/05/31 23:50:58.314916 | [Dataset Load] -> "Loading datasets from class Edema"
DEBUG | 2026/05/31 23:50:58.320129 | [Dataset Load] -> "Loading datasets from class Effusion"
DEBUG | 2026/05/31 23:50:58.325696 | [Dataset Load] -> "Loading datasets from class Emphysema"
DEBUG | 2026/05/31 23:50:58.327659 | [Dataset Load] -> "Loading datasets from class Fibrosis"
DEBUG | 2026/05/31 23:50:58.329903 | [Dataset Load] -> "Loading datasets from class Hernia"
DEBUG | 2026/05/31 23:50:58.330150 | [Dataset Load] -> "Loading datasets from class Infiltration"
DEBUG | 2026/05/31 23:50:58.336591 | [Dataset Load] -> "Loading datasets from class Mass"
DEBUG | 2026/05/31 23:50:58.342376 | [Dataset Load] -> "Loading datasets from class No Finding"
DEBUG | 2026/05/31 23:50:58.354305 | [Dataset Load] -> "Loading datasets from class Nodule"
DEBUG | 2026/05/31 23:50:58.358606 | [Dataset Load] -> "Loading datasets from class Pleural_Thickening"
DEBUG | 2026/05/31 23:50:58.361416 | [Dataset Load] -> "Loading datasets from class Pneumonia"
DEBUG | 2026/05/31 23:50:58.363001 | [Dataset Load] -> "Loading datasets from class Pneumothorax"
DEBUG | 2026/05/31 23:50:58.365481 | [Dataset Load] -> "Dynamically loaded 22921 datas"
DEBUG | 2026/06/01 00:01:13.999615 | [Dataset Load] -> "Loading datasets from data/train"
DEBUG | 2026/06/01 00:01:14.000160 | [Dataset Load] -> "Loading datasets from class Atelectasis"
DEBUG | 2026/06/01 00:01:14.013996 | [Dataset Load] -> "Loading datasets from class Cardiomegaly"
DEBUG | 2026/06/01 00:01:14.017616 | [Dataset Load] -> "Loading datasets from class Consolidation"
DEBUG | 2026/06/01 00:01:14.021753 | [Dataset Load] -> "Loading datasets from class Edema"
DEBUG | 2026/06/01 00:01:14.026754 | [Dataset Load] -> "Loading datasets from class Effusion"
DEBUG | 2026/06/01 00:01:14.032490 | [Dataset Load] -> "Loading datasets from class Emphysema"
DEBUG | 2026/06/01 00:01:14.034513 | [Dataset Load] -> "Loading datasets from class Fibrosis"
DEBUG | 2026/06/01 00:01:14.037288 | [Dataset Load] -> "Loading datasets from class Hernia"
DEBUG | 2026/06/01 00:01:14.037546 | [Dataset Load] -> "Loading datasets from class Infiltration"
DEBUG | 2026/06/01 00:01:14.045081 | [Dataset Load] -> "Loading datasets from class Mass"
DEBUG | 2026/06/01 00:01:14.052350 | [Dataset Load] -> "Loading datasets from class No Finding"
DEBUG | 2026/06/01 00:01:14.179938 | [Dataset Load] -> "Loading datasets from class Nodule"
DEBUG | 2026/06/01 00:01:14.185075 | [Dataset Load] -> "Loading datasets from class Pleural_Thickening"
DEBUG | 2026/06/01 00:01:14.188155 | [Dataset Load] -> "Loading datasets from class Pneumonia"
DEBUG | 2026/06/01 00:01:14.189784 | [Dataset Load] -> "Loading datasets from class Pneumothorax"
DEBUG | 2026/06/01 00:01:14.193206 | [Dataset Load] -> "Dynamically loaded 22921 datas"
DEBUG | 2026/06/01 00:11:30.992690 | [Dataset Load] -> "Loading datasets from data/train"
DEBUG | 2026/06/01 00:11:30.993372 | [Dataset Load] -> "Loading datasets from class Atelectasis"
DEBUG | 2026/06/01 00:11:31.006209 | [Dataset Load] -> "Loading datasets from class Cardiomegaly"
DEBUG | 2026/06/01 00:11:31.008927 | [Dataset Load] -> "Loading datasets from class Consolidation"
DEBUG | 2026/06/01 00:11:31.012969 | [Dataset Load] -> "Loading datasets from class Edema"
DEBUG | 2026/06/01 00:11:31.018163 | [Dataset Load] -> "Loading datasets from class Effusion"
DEBUG | 2026/06/01 00:11:31.023596 | [Dataset Load] -> "Loading datasets from class Emphysema"
DEBUG | 2026/06/01 00:11:31.025544 | [Dataset Load] -> "Loading datasets from class Fibrosis"
DEBUG | 2026/06/01 00:11:31.027796 | [Dataset Load] -> "Loading datasets from class Hernia"
DEBUG | 2026/06/01 00:11:31.028035 | [Dataset Load] -> "Loading datasets from class Infiltration"
DEBUG | 2026/06/01 00:11:31.034605 | [Dataset Load] -> "Loading datasets from class Mass"
DEBUG | 2026/06/01 00:11:31.040424 | [Dataset Load] -> "Loading datasets from class No Finding"
DEBUG | 2026/06/01 00:11:31.052059 | [Dataset Load] -> "Loading datasets from class Nodule"
DEBUG | 2026/06/01 00:11:31.056646 | [Dataset Load] -> "Loading datasets from class Pleural_Thickening"
DEBUG | 2026/06/01 00:11:31.059309 | [Dataset Load] -> "Loading datasets from class Pneumonia"
DEBUG | 2026/06/01 00:11:31.060786 | [Dataset Load] -> "Loading datasets from class Pneumothorax"
DEBUG | 2026/06/01 00:11:31.063350 | [Dataset Load] -> "Dynamically loaded 22921 datas"
DEBUG | 2026/06/01 00:21:47.494711 | [Dataset Load] -> "Loading datasets from data/train"
DEBUG | 2026/06/01 00:21:47.495321 | [Dataset Load] -> "Loading datasets from class Atelectasis"
DEBUG | 2026/06/01 00:21:47.507178 | [Dataset Load] -> "Loading datasets from class Cardiomegaly"
DEBUG | 2026/06/01 00:21:47.510258 | [Dataset Load] -> "Loading datasets from class Consolidation"
DEBUG | 2026/06/01 00:21:47.514279 | [Dataset Load] -> "Loading datasets from class Edema"
DEBUG | 2026/06/01 00:21:47.518533 | [Dataset Load] -> "Loading datasets from class Effusion"
DEBUG | 2026/06/01 00:21:47.524774 | [Dataset Load] -> "Loading datasets from class Emphysema"
DEBUG | 2026/06/01 00:21:47.526854 | [Dataset Load] -> "Loading datasets from class Fibrosis"
DEBUG | 2026/06/01 00:21:47.529148 | [Dataset Load] -> "Loading datasets from class Hernia"
DEBUG | 2026/06/01 00:21:47.529239 | [Dataset Load] -> "Loading datasets from class Infiltration"
DEBUG | 2026/06/01 00:21:47.536063 | [Dataset Load] -> "Loading datasets from class Mass"
DEBUG | 2026/06/01 00:21:47.541961 | [Dataset Load] -> "Loading datasets from class No Finding"
DEBUG | 2026/06/01 00:21:47.554123 | [Dataset Load] -> "Loading datasets from class Nodule"
DEBUG | 2026/06/01 00:21:47.558674 | [Dataset Load] -> "Loading datasets from class Pleural_Thickening"
DEBUG | 2026/06/01 00:21:47.560259 | [Dataset Load] -> "Loading datasets from class Pneumonia"
DEBUG | 2026/06/01 00:21:47.561369 | [Dataset Load] -> "Loading datasets from class Pneumothorax"
DEBUG | 2026/06/01 00:21:47.564222 | [Dataset Load] -> "Dynamically loaded 22921 datas"
DEBUG | 2026/06/01 00:32:03.326621 | [Dataset Load] -> "Loading datasets from data/train"
DEBUG | 2026/06/01 00:32:03.327283 | [Dataset Load] -> "Loading datasets from class Atelectasis"
DEBUG | 2026/06/01 00:32:03.340104 | [Dataset Load] -> "Loading datasets from class Cardiomegaly"
DEBUG | 2026/06/01 00:32:03.342521 | [Dataset Load] -> "Loading datasets from class Consolidation"
DEBUG | 2026/06/01 00:32:03.346384 | [Dataset Load] -> "Loading datasets from class Edema"
DEBUG | 2026/06/01 00:32:03.351545 | [Dataset Load] -> "Loading datasets from class Effusion"
DEBUG | 2026/06/01 00:32:03.357244 | [Dataset Load] -> "Loading datasets from class Emphysema"
DEBUG | 2026/06/01 00:32:03.359213 | [Dataset Load] -> "Loading datasets from class Fibrosis"
DEBUG | 2026/06/01 00:32:03.361476 | [Dataset Load] -> "Loading datasets from class Hernia"
DEBUG | 2026/06/01 00:32:03.361767 | [Dataset Load] -> "Loading datasets from class Infiltration"
DEBUG | 2026/06/01 00:32:03.368428 | [Dataset Load] -> "Loading datasets from class Mass"
DEBUG | 2026/06/01 00:32:03.374316 | [Dataset Load] -> "Loading datasets from class No Finding"
DEBUG | 2026/06/01 00:32:03.387158 | [Dataset Load] -> "Loading datasets from class Nodule"
DEBUG | 2026/06/01 00:32:03.391475 | [Dataset Load] -> "Loading datasets from class Pleural_Thickening"
DEBUG | 2026/06/01 00:32:03.394113 | [Dataset Load] -> "Loading datasets from class Pneumonia"
DEBUG | 2026/06/01 00:32:03.395674 | [Dataset Load] -> "Loading datasets from class Pneumothorax"
DEBUG | 2026/06/01 00:32:03.398230 | [Dataset Load] -> "Dynamically loaded 22921 datas"
DEBUG | 2026/06/01 00:42:17.869844 | [Dataset Load] -> "Loading datasets from data/train"
DEBUG | 2026/06/01 00:42:17.870417 | [Dataset Load] -> "Loading datasets from class Atelectasis"
DEBUG | 2026/06/01 00:42:17.883127 | [Dataset Load] -> "Loading datasets from class Cardiomegaly"
DEBUG | 2026/06/01 00:42:17.885583 | [Dataset Load] -> "Loading datasets from class Consolidation"
DEBUG | 2026/06/01 00:42:17.889617 | [Dataset Load] -> "Loading datasets from class Edema"
DEBUG | 2026/06/01 00:42:17.894807 | [Dataset Load] -> "Loading datasets from class Effusion"
DEBUG | 2026/06/01 00:42:17.900341 | [Dataset Load] -> "Loading datasets from class Emphysema"
DEBUG | 2026/06/01 00:42:17.902277 | [Dataset Load] -> "Loading datasets from class Fibrosis"
DEBUG | 2026/06/01 00:42:17.904571 | [Dataset Load] -> "Loading datasets from class Hernia"
DEBUG | 2026/06/01 00:42:17.904857 | [Dataset Load] -> "Loading datasets from class Infiltration"
DEBUG | 2026/06/01 00:42:17.911744 | [Dataset Load] -> "Loading datasets from class Mass"
DEBUG | 2026/06/01 00:42:17.917590 | [Dataset Load] -> "Loading datasets from class No Finding"
DEBUG | 2026/06/01 00:42:17.929347 | [Dataset Load] -> "Loading datasets from class Nodule"
DEBUG | 2026/06/01 00:42:17.933714 | [Dataset Load] -> "Loading datasets from class Pleural_Thickening"
DEBUG | 2026/06/01 00:42:17.936346 | [Dataset Load] -> "Loading datasets from class Pneumonia"
DEBUG | 2026/06/01 00:42:17.937873 | [Dataset Load] -> "Loading datasets from class Pneumothorax"
DEBUG | 2026/06/01 00:42:17.940625 | [Dataset Load] -> "Dynamically loaded 22921 datas"
DEBUG | 2026/06/01 00:52:49.030769 | [Dataset Load] -> "Loading datasets from data/train"
DEBUG | 2026/06/01 00:52:49.031448 | [Dataset Load] -> "Loading datasets from class Atelectasis"
DEBUG | 2026/06/01 00:52:49.042354 | [Dataset Load] -> "Loading datasets from class Cardiomegaly"
DEBUG | 2026/06/01 00:52:49.045463 | [Dataset Load] -> "Loading datasets from class Consolidation"
DEBUG | 2026/06/01 00:52:49.050566 | [Dataset Load] -> "Loading datasets from class Edema"
DEBUG | 2026/06/01 00:52:49.055812 | [Dataset Load] -> "Loading datasets from class Effusion"
DEBUG | 2026/06/01 00:52:49.061284 | [Dataset Load] -> "Loading datasets from class Emphysema"
DEBUG | 2026/06/01 00:52:49.063210 | [Dataset Load] -> "Loading datasets from class Fibrosis"
DEBUG | 2026/06/01 00:52:49.065702 | [Dataset Load] -> "Loading datasets from class Hernia"
DEBUG | 2026/06/01 00:52:49.065960 | [Dataset Load] -> "Loading datasets from class Infiltration"
DEBUG | 2026/06/01 00:52:49.072574 | [Dataset Load] -> "Loading datasets from class Mass"
DEBUG | 2026/06/01 00:52:49.078475 | [Dataset Load] -> "Loading datasets from class No Finding"
DEBUG | 2026/06/01 00:52:49.090486 | [Dataset Load] -> "Loading datasets from class Nodule"
DEBUG | 2026/06/01 00:52:49.095001 | [Dataset Load] -> "Loading datasets from class Pleural_Thickening"
DEBUG | 2026/06/01 00:52:49.097722 | [Dataset Load] -> "Loading datasets from class Pneumonia"
DEBUG | 2026/06/01 00:52:49.099254 | [Dataset Load] -> "Loading datasets from class Pneumothorax"
DEBUG | 2026/06/01 00:52:49.102484 | [Dataset Load] -> "Dynamically loaded 22921 datas"
DEBUG | 2026/06/01 01:03:01.451603 | [Dataset Load] -> "Loading datasets from data/train"
DEBUG | 2026/06/01 01:03:01.452114 | [Dataset Load] -> "Loading datasets from class Atelectasis"
DEBUG | 2026/06/01 01:03:01.464426 | [Dataset Load] -> "Loading datasets from class Cardiomegaly"
DEBUG | 2026/06/01 01:03:01.466965 | [Dataset Load] -> "Loading datasets from class Consolidation"
DEBUG | 2026/06/01 01:03:01.470890 | [Dataset Load] -> "Loading datasets from class Edema"
DEBUG | 2026/06/01 01:03:01.476033 | [Dataset Load] -> "Loading datasets from class Effusion"
DEBUG | 2026/06/01 01:03:01.481396 | [Dataset Load] -> "Loading datasets from class Emphysema"
DEBUG | 2026/06/01 01:03:01.483356 | [Dataset Load] -> "Loading datasets from class Fibrosis"
DEBUG | 2026/06/01 01:03:01.485813 | [Dataset Load] -> "Loading datasets from class Hernia"
DEBUG | 2026/06/01 01:03:01.486073 | [Dataset Load] -> "Loading datasets from class Infiltration"
DEBUG | 2026/06/01 01:03:01.492586 | [Dataset Load] -> "Loading datasets from class Mass"
DEBUG | 2026/06/01 01:03:01.498449 | [Dataset Load] -> "Loading datasets from class No Finding"
DEBUG | 2026/06/01 01:03:01.510253 | [Dataset Load] -> "Loading datasets from class Nodule"
DEBUG | 2026/06/01 01:03:01.514710 | [Dataset Load] -> "Loading datasets from class Pleural_Thickening"
DEBUG | 2026/06/01 01:03:01.517376 | [Dataset Load] -> "Loading datasets from class Pneumonia"
DEBUG | 2026/06/01 01:03:01.518947 | [Dataset Load] -> "Loading datasets from class Pneumothorax"
DEBUG | 2026/06/01 01:03:01.521530 | [Dataset Load] -> "Dynamically loaded 22921 datas"
DEBUG | 2026/06/01 01:13:15.174432 | [Dataset Load] -> "Loading datasets from data/train"
DEBUG | 2026/06/01 01:13:15.175020 | [Dataset Load] -> "Loading datasets from class Atelectasis"
DEBUG | 2026/06/01 01:13:15.187665 | [Dataset Load] -> "Loading datasets from class Cardiomegaly"
DEBUG | 2026/06/01 01:13:15.190083 | [Dataset Load] -> "Loading datasets from class Consolidation"
DEBUG | 2026/06/01 01:13:15.193884 | [Dataset Load] -> "Loading datasets from class Edema"
DEBUG | 2026/06/01 01:13:15.199058 | [Dataset Load] -> "Loading datasets from class Effusion"
DEBUG | 2026/06/01 01:13:15.204662 | [Dataset Load] -> "Loading datasets from class Emphysema"
DEBUG | 2026/06/01 01:13:15.206579 | [Dataset Load] -> "Loading datasets from class Fibrosis"
DEBUG | 2026/06/01 01:13:15.208826 | [Dataset Load] -> "Loading datasets from class Hernia"
DEBUG | 2026/06/01 01:13:15.209058 | [Dataset Load] -> "Loading datasets from class Infiltration"
DEBUG | 2026/06/01 01:13:15.215672 | [Dataset Load] -> "Loading datasets from class Mass"
DEBUG | 2026/06/01 01:13:15.221516 | [Dataset Load] -> "Loading datasets from class No Finding"
DEBUG | 2026/06/01 01:13:15.233389 | [Dataset Load] -> "Loading datasets from class Nodule"
DEBUG | 2026/06/01 01:13:15.237639 | [Dataset Load] -> "Loading datasets from class Pleural_Thickening"
DEBUG | 2026/06/01 01:13:15.240346 | [Dataset Load] -> "Loading datasets from class Pneumonia"
DEBUG | 2026/06/01 01:13:15.241890 | [Dataset Load] -> "Loading datasets from class Pneumothorax"
DEBUG | 2026/06/01 01:13:15.244353 | [Dataset Load] -> "Dynamically loaded 22921 datas"
DEBUG | 2026/06/01 01:23:29.228354 | [Dataset Load] -> "Loading datasets from data/train"
DEBUG | 2026/06/01 01:23:29.228885 | [Dataset Load] -> "Loading datasets from class Atelectasis"
DEBUG | 2026/06/01 01:23:29.241028 | [Dataset Load] -> "Loading datasets from class Cardiomegaly"
DEBUG | 2026/06/01 01:23:29.243503 | [Dataset Load] -> "Loading datasets from class Consolidation"
DEBUG | 2026/06/01 01:23:29.247463 | [Dataset Load] -> "Loading datasets from class Edema"
DEBUG | 2026/06/01 01:23:29.252725 | [Dataset Load] -> "Loading datasets from class Effusion"
DEBUG | 2026/06/01 01:23:29.258313 | [Dataset Load] -> "Loading datasets from class Emphysema"
DEBUG | 2026/06/01 01:23:29.260204 | [Dataset Load] -> "Loading datasets from class Fibrosis"
DEBUG | 2026/06/01 01:23:29.262463 | [Dataset Load] -> "Loading datasets from class Hernia"
DEBUG | 2026/06/01 01:23:29.262703 | [Dataset Load] -> "Loading datasets from class Infiltration"
DEBUG | 2026/06/01 01:23:29.269321 | [Dataset Load] -> "Loading datasets from class Mass"
DEBUG | 2026/06/01 01:23:29.275081 | [Dataset Load] -> "Loading datasets from class No Finding"
DEBUG | 2026/06/01 01:23:29.286919 | [Dataset Load] -> "Loading datasets from class Nodule"
DEBUG | 2026/06/01 01:23:29.291221 | [Dataset Load] -> "Loading datasets from class Pleural_Thickening"
DEBUG | 2026/06/01 01:23:29.293990 | [Dataset Load] -> "Loading datasets from class Pneumonia"
DEBUG | 2026/06/01 01:23:29.295533 | [Dataset Load] -> "Loading datasets from class Pneumothorax"
DEBUG | 2026/06/01 01:23:29.298156 | [Dataset Load] -> "Dynamically loaded 22921 datas"
DEBUG | 2026/06/01 01:33:43.395057 | [Dataset Load] -> "Loading datasets from data/train"
DEBUG | 2026/06/01 01:33:43.395663 | [Dataset Load] -> "Loading datasets from class Atelectasis"
DEBUG | 2026/06/01 01:33:43.408098 | [Dataset Load] -> "Loading datasets from class Cardiomegaly"
DEBUG | 2026/06/01 01:33:43.410494 | [Dataset Load] -> "Loading datasets from class Consolidation"
DEBUG | 2026/06/01 01:33:43.414516 | [Dataset Load] -> "Loading datasets from class Edema"
DEBUG | 2026/06/01 01:33:43.419731 | [Dataset Load] -> "Loading datasets from class Effusion"
DEBUG | 2026/06/01 01:33:43.425221 | [Dataset Load] -> "Loading datasets from class Emphysema"
DEBUG | 2026/06/01 01:33:43.427146 | [Dataset Load] -> "Loading datasets from class Fibrosis"
DEBUG | 2026/06/01 01:33:43.429407 | [Dataset Load] -> "Loading datasets from class Hernia"
DEBUG | 2026/06/01 01:33:43.429663 | [Dataset Load] -> "Loading datasets from class Infiltration"
DEBUG | 2026/06/01 01:33:43.436226 | [Dataset Load] -> "Loading datasets from class Mass"
DEBUG | 2026/06/01 01:33:43.442221 | [Dataset Load] -> "Loading datasets from class No Finding"
DEBUG | 2026/06/01 01:33:43.453946 | [Dataset Load] -> "Loading datasets from class Nodule"
DEBUG | 2026/06/01 01:33:43.458356 | [Dataset Load] -> "Loading datasets from class Pleural_Thickening"
DEBUG | 2026/06/01 01:33:43.461167 | [Dataset Load] -> "Loading datasets from class Pneumonia"
DEBUG | 2026/06/01 01:33:43.462746 | [Dataset Load] -> "Loading datasets from class Pneumothorax"
DEBUG | 2026/06/01 01:33:43.465479 | [Dataset Load] -> "Dynamically loaded 22921 datas"
DEBUG | 2026/06/01 01:43:56.693979 | [Dataset Load] -> "Loading datasets from data/train"
DEBUG | 2026/06/01 01:43:56.694529 | [Dataset Load] -> "Loading datasets from class Atelectasis"
DEBUG | 2026/06/01 01:43:56.707336 | [Dataset Load] -> "Loading datasets from class Cardiomegaly"
DEBUG | 2026/06/01 01:43:56.710099 | [Dataset Load] -> "Loading datasets from class Consolidation"
DEBUG | 2026/06/01 01:43:56.714231 | [Dataset Load] -> "Loading datasets from class Edema"
DEBUG | 2026/06/01 01:43:56.719743 | [Dataset Load] -> "Loading datasets from class Effusion"
DEBUG | 2026/06/01 01:43:56.725083 | [Dataset Load] -> "Loading datasets from class Emphysema"
DEBUG | 2026/06/01 01:43:56.727009 | [Dataset Load] -> "Loading datasets from class Fibrosis"
DEBUG | 2026/06/01 01:43:56.729287 | [Dataset Load] -> "Loading datasets from class Hernia"
DEBUG | 2026/06/01 01:43:56.729521 | [Dataset Load] -> "Loading datasets from class Infiltration"
DEBUG | 2026/06/01 01:43:56.736316 | [Dataset Load] -> "Loading datasets from class Mass"
DEBUG | 2026/06/01 01:43:56.742017 | [Dataset Load] -> "Loading datasets from class No Finding"
DEBUG | 2026/06/01 01:43:56.753684 | [Dataset Load] -> "Loading datasets from class Nodule"
DEBUG | 2026/06/01 01:43:56.758229 | [Dataset Load] -> "Loading datasets from class Pleural_Thickening"
DEBUG | 2026/06/01 01:43:56.760998 | [Dataset Load] -> "Loading datasets from class Pneumonia"
DEBUG | 2026/06/01 01:43:56.762520 | [Dataset Load] -> "Loading datasets from class Pneumothorax"
DEBUG | 2026/06/01 01:43:56.765034 | [Dataset Load] -> "Dynamically loaded 22921 datas"
DEBUG | 2026/06/01 01:54:11.214526 | [Dataset Load] -> "Loading datasets from data/train"
DEBUG | 2026/06/01 01:54:11.215126 | [Dataset Load] -> "Loading datasets from class Atelectasis"
DEBUG | 2026/06/01 01:54:11.227952 | [Dataset Load] -> "Loading datasets from class Cardiomegaly"
DEBUG | 2026/06/01 01:54:11.349910 | [Dataset Load] -> "Loading datasets from class Consolidation"
DEBUG | 2026/06/01 01:54:11.354681 | [Dataset Load] -> "Loading datasets from class Edema"
DEBUG | 2026/06/01 01:54:11.359903 | [Dataset Load] -> "Loading datasets from class Effusion"
DEBUG | 2026/06/01 01:54:11.365345 | [Dataset Load] -> "Loading datasets from class Emphysema"
DEBUG | 2026/06/01 01:54:11.367286 | [Dataset Load] -> "Loading datasets from class Fibrosis"
DEBUG | 2026/06/01 01:54:11.369543 | [Dataset Load] -> "Loading datasets from class Hernia"
DEBUG | 2026/06/01 01:54:11.369788 | [Dataset Load] -> "Loading datasets from class Infiltration"
DEBUG | 2026/06/01 01:54:11.376458 | [Dataset Load] -> "Loading datasets from class Mass"
DEBUG | 2026/06/01 01:54:11.382254 | [Dataset Load] -> "Loading datasets from class No Finding"
DEBUG | 2026/06/01 01:54:11.393935 | [Dataset Load] -> "Loading datasets from class Nodule"
DEBUG | 2026/06/01 01:54:11.398493 | [Dataset Load] -> "Loading datasets from class Pleural_Thickening"
DEBUG | 2026/06/01 01:54:11.401185 | [Dataset Load] -> "Loading datasets from class Pneumonia"
DEBUG | 2026/06/01 01:54:11.402720 | [Dataset Load] -> "Loading datasets from class Pneumothorax"
DEBUG | 2026/06/01 01:54:11.405225 | [Dataset Load] -> "Dynamically loaded 22921 datas"
DEBUG | 2026/06/01 02:04:24.318052 | [Dataset Load] -> "Loading datasets from data/train"
DEBUG | 2026/06/01 02:04:24.318679 | [Dataset Load] -> "Loading datasets from class Atelectasis"
DEBUG | 2026/06/01 02:04:24.331298 | [Dataset Load] -> "Loading datasets from class Cardiomegaly"
DEBUG | 2026/06/01 02:04:24.333783 | [Dataset Load] -> "Loading datasets from class Consolidation"
DEBUG | 2026/06/01 02:04:24.337664 | [Dataset Load] -> "Loading datasets from class Edema"
DEBUG | 2026/06/01 02:04:24.343066 | [Dataset Load] -> "Loading datasets from class Effusion"
DEBUG | 2026/06/01 02:04:24.348526 | [Dataset Load] -> "Loading datasets from class Emphysema"
DEBUG | 2026/06/01 02:04:24.350485 | [Dataset Load] -> "Loading datasets from class Fibrosis"
DEBUG | 2026/06/01 02:04:24.352753 | [Dataset Load] -> "Loading datasets from class Hernia"
DEBUG | 2026/06/01 02:04:24.352990 | [Dataset Load] -> "Loading datasets from class Infiltration"
DEBUG | 2026/06/01 02:04:24.359605 | [Dataset Load] -> "Loading datasets from class Mass"
DEBUG | 2026/06/01 02:04:24.365608 | [Dataset Load] -> "Loading datasets from class No Finding"
DEBUG | 2026/06/01 02:04:24.377417 | [Dataset Load] -> "Loading datasets from class Nodule"
DEBUG | 2026/06/01 02:04:24.381752 | [Dataset Load] -> "Loading datasets from class Pleural_Thickening"
DEBUG | 2026/06/01 02:04:24.384537 | [Dataset Load] -> "Loading datasets from class Pneumonia"
DEBUG | 2026/06/01 02:04:24.386055 | [Dataset Load] -> "Loading datasets from class Pneumothorax"
DEBUG | 2026/06/01 02:04:24.388608 | [Dataset Load] -> "Dynamically loaded 22921 datas"
DEBUG | 2026/06/01 02:14:39.187880 | [Dataset Load] -> "Loading datasets from data/train"
DEBUG | 2026/06/01 02:14:39.188478 | [Dataset Load] -> "Loading datasets from class Atelectasis"
DEBUG | 2026/06/01 02:14:39.201230 | [Dataset Load] -> "Loading datasets from class Cardiomegaly"
DEBUG | 2026/06/01 02:14:39.203856 | [Dataset Load] -> "Loading datasets from class Consolidation"
DEBUG | 2026/06/01 02:14:39.207886 | [Dataset Load] -> "Loading datasets from class Edema"
DEBUG | 2026/06/01 02:14:39.213148 | [Dataset Load] -> "Loading datasets from class Effusion"
DEBUG | 2026/06/01 02:14:39.218654 | [Dataset Load] -> "Loading datasets from class Emphysema"
DEBUG | 2026/06/01 02:14:39.220568 | [Dataset Load] -> "Loading datasets from class Fibrosis"
DEBUG | 2026/06/01 02:14:39.222820 | [Dataset Load] -> "Loading datasets from class Hernia"
DEBUG | 2026/06/01 02:14:39.223058 | [Dataset Load] -> "Loading datasets from class Infiltration"
DEBUG | 2026/06/01 02:14:39.229913 | [Dataset Load] -> "Loading datasets from class Mass"
DEBUG | 2026/06/01 02:14:39.235689 | [Dataset Load] -> "Loading datasets from class No Finding"
DEBUG | 2026/06/01 02:14:39.247353 | [Dataset Load] -> "Loading datasets from class Nodule"
DEBUG | 2026/06/01 02:14:39.251828 | [Dataset Load] -> "Loading datasets from class Pleural_Thickening"
DEBUG | 2026/06/01 02:14:39.254657 | [Dataset Load] -> "Loading datasets from class Pneumonia"
DEBUG | 2026/06/01 02:14:39.256187 | [Dataset Load] -> "Loading datasets from class Pneumothorax"
DEBUG | 2026/06/01 02:14:39.258781 | [Dataset Load] -> "Dynamically loaded 22921 datas"
DEBUG | 2026/06/01 02:24:53.503935 | [Dataset Load] -> "Loading datasets from data/train"
DEBUG | 2026/06/01 02:24:53.504534 | [Dataset Load] -> "Loading datasets from class Atelectasis"
DEBUG | 2026/06/01 02:24:53.517143 | [Dataset Load] -> "Loading datasets from class Cardiomegaly"
DEBUG | 2026/06/01 02:24:53.519845 | [Dataset Load] -> "Loading datasets from class Consolidation"
DEBUG | 2026/06/01 02:24:53.523802 | [Dataset Load] -> "Loading datasets from class Edema"
DEBUG | 2026/06/01 02:24:53.529105 | [Dataset Load] -> "Loading datasets from class Effusion"
DEBUG | 2026/06/01 02:24:53.534555 | [Dataset Load] -> "Loading datasets from class Emphysema"
DEBUG | 2026/06/01 02:24:53.536463 | [Dataset Load] -> "Loading datasets from class Fibrosis"
DEBUG | 2026/06/01 02:24:53.538716 | [Dataset Load] -> "Loading datasets from class Hernia"
DEBUG | 2026/06/01 02:24:53.538959 | [Dataset Load] -> "Loading datasets from class Infiltration"
DEBUG | 2026/06/01 02:24:53.650446 | [Dataset Load] -> "Loading datasets from class Mass"
DEBUG | 2026/06/01 02:24:53.658101 | [Dataset Load] -> "Loading datasets from class No Finding"
DEBUG | 2026/06/01 02:24:53.669787 | [Dataset Load] -> "Loading datasets from class Nodule"
DEBUG | 2026/06/01 02:24:53.674126 | [Dataset Load] -> "Loading datasets from class Pleural_Thickening"
DEBUG | 2026/06/01 02:24:53.677024 | [Dataset Load] -> "Loading datasets from class Pneumonia"
DEBUG | 2026/06/01 02:24:53.678632 | [Dataset Load] -> "Loading datasets from class Pneumothorax"
DEBUG | 2026/06/01 02:24:53.681179 | [Dataset Load] -> "Dynamically loaded 22921 datas"
DEBUG | 2026/06/01 02:35:07.753177 | [Dataset Load] -> "Loading datasets from data/train"
DEBUG | 2026/06/01 02:35:07.753652 | [Dataset Load] -> "Loading datasets from class Atelectasis"
DEBUG | 2026/06/01 02:35:07.766482 | [Dataset Load] -> "Loading datasets from class Cardiomegaly"
DEBUG | 2026/06/01 02:35:07.768974 | [Dataset Load] -> "Loading datasets from class Consolidation"
DEBUG | 2026/06/01 02:35:07.772901 | [Dataset Load] -> "Loading datasets from class Edema"
DEBUG | 2026/06/01 02:35:07.778308 | [Dataset Load] -> "Loading datasets from class Effusion"
DEBUG | 2026/06/01 02:35:07.783743 | [Dataset Load] -> "Loading datasets from class Emphysema"
DEBUG | 2026/06/01 02:35:07.785642 | [Dataset Load] -> "Loading datasets from class Fibrosis"
DEBUG | 2026/06/01 02:35:07.787915 | [Dataset Load] -> "Loading datasets from class Hernia"
DEBUG | 2026/06/01 02:35:07.788151 | [Dataset Load] -> "Loading datasets from class Infiltration"
DEBUG | 2026/06/01 02:35:07.794867 | [Dataset Load] -> "Loading datasets from class Mass"
DEBUG | 2026/06/01 02:35:07.800901 | [Dataset Load] -> "Loading datasets from class No Finding"
DEBUG | 2026/06/01 02:35:07.812572 | [Dataset Load] -> "Loading datasets from class Nodule"
DEBUG | 2026/06/01 02:35:07.816936 | [Dataset Load] -> "Loading datasets from class Pleural_Thickening"
DEBUG | 2026/06/01 02:35:07.819742 | [Dataset Load] -> "Loading datasets from class Pneumonia"
DEBUG | 2026/06/01 02:35:07.821338 | [Dataset Load] -> "Loading datasets from class Pneumothorax"
DEBUG | 2026/06/01 02:35:07.823900 | [Dataset Load] -> "Dynamically loaded 22921 datas"
DEBUG | 2026/06/01 02:45:22.263788 | [Dataset Load] -> "Loading datasets from data/train"
DEBUG | 2026/06/01 02:45:22.264438 | [Dataset Load] -> "Loading datasets from class Atelectasis"
DEBUG | 2026/06/01 02:45:22.276892 | [Dataset Load] -> "Loading datasets from class Cardiomegaly"
DEBUG | 2026/06/01 02:45:22.279452 | [Dataset Load] -> "Loading datasets from class Consolidation"
DEBUG | 2026/06/01 02:45:22.283342 | [Dataset Load] -> "Loading datasets from class Edema"
DEBUG | 2026/06/01 02:45:22.288580 | [Dataset Load] -> "Loading datasets from class Effusion"
DEBUG | 2026/06/01 02:45:22.294033 | [Dataset Load] -> "Loading datasets from class Emphysema"
DEBUG | 2026/06/01 02:45:22.295982 | [Dataset Load] -> "Loading datasets from class Fibrosis"
DEBUG | 2026/06/01 02:45:22.298252 | [Dataset Load] -> "Loading datasets from class Hernia"
DEBUG | 2026/06/01 02:45:22.298492 | [Dataset Load] -> "Loading datasets from class Infiltration"
DEBUG | 2026/06/01 02:45:22.305295 | [Dataset Load] -> "Loading datasets from class Mass"
DEBUG | 2026/06/01 02:45:22.311079 | [Dataset Load] -> "Loading datasets from class No Finding"
DEBUG | 2026/06/01 02:45:22.322787 | [Dataset Load] -> "Loading datasets from class Nodule"
DEBUG | 2026/06/01 02:45:22.327158 | [Dataset Load] -> "Loading datasets from class Pleural_Thickening"
DEBUG | 2026/06/01 02:45:22.330136 | [Dataset Load] -> "Loading datasets from class Pneumonia"
DEBUG | 2026/06/01 02:45:22.331751 | [Dataset Load] -> "Loading datasets from class Pneumothorax"
DEBUG | 2026/06/01 02:45:22.334317 | [Dataset Load] -> "Dynamically loaded 22921 datas"
DEBUG | 2026/06/01 02:55:37.604553 | [Dataset Load] -> "Loading datasets from data/train"
DEBUG | 2026/06/01 02:55:37.605141 | [Dataset Load] -> "Loading datasets from class Atelectasis"
DEBUG | 2026/06/01 02:55:37.617466 | [Dataset Load] -> "Loading datasets from class Cardiomegaly"
DEBUG | 2026/06/01 02:55:37.620092 | [Dataset Load] -> "Loading datasets from class Consolidation"
DEBUG | 2026/06/01 02:55:37.624030 | [Dataset Load] -> "Loading datasets from class Edema"
DEBUG | 2026/06/01 02:55:37.629247 | [Dataset Load] -> "Loading datasets from class Effusion"
DEBUG | 2026/06/01 02:55:37.634537 | [Dataset Load] -> "Loading datasets from class Emphysema"
DEBUG | 2026/06/01 02:55:37.636450 | [Dataset Load] -> "Loading datasets from class Fibrosis"
DEBUG | 2026/06/01 02:55:37.638709 | [Dataset Load] -> "Loading datasets from class Hernia"
DEBUG | 2026/06/01 02:55:37.638950 | [Dataset Load] -> "Loading datasets from class Infiltration"
DEBUG | 2026/06/01 02:55:37.645621 | [Dataset Load] -> "Loading datasets from class Mass"
DEBUG | 2026/06/01 02:55:37.651350 | [Dataset Load] -> "Loading datasets from class No Finding"
DEBUG | 2026/06/01 02:55:37.663074 | [Dataset Load] -> "Loading datasets from class Nodule"
DEBUG | 2026/06/01 02:55:37.667379 | [Dataset Load] -> "Loading datasets from class Pleural_Thickening"
DEBUG | 2026/06/01 02:55:37.670383 | [Dataset Load] -> "Loading datasets from class Pneumonia"
DEBUG | 2026/06/01 02:55:37.671996 | [Dataset Load] -> "Loading datasets from class Pneumothorax"
DEBUG | 2026/06/01 02:55:37.770270 | [Dataset Load] -> "Dynamically loaded 22921 datas"
DEBUG | 2026/06/01 03:05:52.554959 | [Dataset Load] -> "Loading datasets from data/train"
DEBUG | 2026/06/01 03:05:52.555803 | [Dataset Load] -> "Loading datasets from class Atelectasis"
DEBUG | 2026/06/01 03:05:52.567012 | [Dataset Load] -> "Loading datasets from class Cardiomegaly"
DEBUG | 2026/06/01 03:05:52.569985 | [Dataset Load] -> "Loading datasets from class Consolidation"
DEBUG | 2026/06/01 03:05:52.573724 | [Dataset Load] -> "Loading datasets from class Edema"
DEBUG | 2026/06/01 03:05:52.577957 | [Dataset Load] -> "Loading datasets from class Effusion"
DEBUG | 2026/06/01 03:05:52.584043 | [Dataset Load] -> "Loading datasets from class Emphysema"
DEBUG | 2026/06/01 03:05:52.586026 | [Dataset Load] -> "Loading datasets from class Fibrosis"
DEBUG | 2026/06/01 03:05:52.588245 | [Dataset Load] -> "Loading datasets from class Hernia"
DEBUG | 2026/06/01 03:05:52.588325 | [Dataset Load] -> "Loading datasets from class Infiltration"
DEBUG | 2026/06/01 03:05:52.594867 | [Dataset Load] -> "Loading datasets from class Mass"
DEBUG | 2026/06/01 03:05:52.600428 | [Dataset Load] -> "Loading datasets from class No Finding"
DEBUG | 2026/06/01 03:05:52.612273 | [Dataset Load] -> "Loading datasets from class Nodule"
DEBUG | 2026/06/01 03:05:52.616504 | [Dataset Load] -> "Loading datasets from class Pleural_Thickening"
DEBUG | 2026/06/01 03:05:52.618239 | [Dataset Load] -> "Loading datasets from class Pneumonia"
DEBUG | 2026/06/01 03:05:52.620571 | [Dataset Load] -> "Loading datasets from class Pneumothorax"
DEBUG | 2026/06/01 03:05:52.623076 | [Dataset Load] -> "Dynamically loaded 22921 datas"
DEBUG | 2026/06/01 03:16:07.045789 | [Dataset Load] -> "Loading datasets from data/train"
DEBUG | 2026/06/01 03:16:07.046313 | [Dataset Load] -> "Loading datasets from class Atelectasis"
DEBUG | 2026/06/01 03:16:07.058648 | [Dataset Load] -> "Loading datasets from class Cardiomegaly"
DEBUG | 2026/06/01 03:16:07.061145 | [Dataset Load] -> "Loading datasets from class Consolidation"
DEBUG | 2026/06/01 03:16:07.065278 | [Dataset Load] -> "Loading datasets from class Edema"
DEBUG | 2026/06/01 03:16:07.070632 | [Dataset Load] -> "Loading datasets from class Effusion"
DEBUG | 2026/06/01 03:16:07.076007 | [Dataset Load] -> "Loading datasets from class Emphysema"
DEBUG | 2026/06/01 03:16:07.077917 | [Dataset Load] -> "Loading datasets from class Fibrosis"
DEBUG | 2026/06/01 03:16:07.080189 | [Dataset Load] -> "Loading datasets from class Hernia"
DEBUG | 2026/06/01 03:16:07.080433 | [Dataset Load] -> "Loading datasets from class Infiltration"
DEBUG | 2026/06/01 03:16:07.087166 | [Dataset Load] -> "Loading datasets from class Mass"
DEBUG | 2026/06/01 03:16:07.093067 | [Dataset Load] -> "Loading datasets from class No Finding"
DEBUG | 2026/06/01 03:16:07.104877 | [Dataset Load] -> "Loading datasets from class Nodule"
DEBUG | 2026/06/01 03:16:07.109190 | [Dataset Load] -> "Loading datasets from class Pleural_Thickening"
DEBUG | 2026/06/01 03:16:07.112097 | [Dataset Load] -> "Loading datasets from class Pneumonia"
DEBUG | 2026/06/01 03:16:07.113708 | [Dataset Load] -> "Loading datasets from class Pneumothorax"
DEBUG | 2026/06/01 03:16:07.116401 | [Dataset Load] -> "Dynamically loaded 22921 datas"
DEBUG | 2026/06/01 03:26:21.057672 | [Dataset Load] -> "Loading datasets from data/train"
DEBUG | 2026/06/01 03:26:21.058206 | [Dataset Load] -> "Loading datasets from class Atelectasis"
DEBUG | 2026/06/01 03:26:21.070570 | [Dataset Load] -> "Loading datasets from class Cardiomegaly"
DEBUG | 2026/06/01 03:26:21.073111 | [Dataset Load] -> "Loading datasets from class Consolidation"
DEBUG | 2026/06/01 03:26:21.077297 | [Dataset Load] -> "Loading datasets from class Edema"
DEBUG | 2026/06/01 03:26:21.082621 | [Dataset Load] -> "Loading datasets from class Effusion"
DEBUG | 2026/06/01 03:26:21.087957 | [Dataset Load] -> "Loading datasets from class Emphysema"
DEBUG | 2026/06/01 03:26:21.089882 | [Dataset Load] -> "Loading datasets from class Fibrosis"
DEBUG | 2026/06/01 03:26:21.092166 | [Dataset Load] -> "Loading datasets from class Hernia"
DEBUG | 2026/06/01 03:26:21.092408 | [Dataset Load] -> "Loading datasets from class Infiltration"
DEBUG | 2026/06/01 03:26:21.099453 | [Dataset Load] -> "Loading datasets from class Mass"
DEBUG | 2026/06/01 03:26:21.105310 | [Dataset Load] -> "Loading datasets from class No Finding"
DEBUG | 2026/06/01 03:26:21.116967 | [Dataset Load] -> "Loading datasets from class Nodule"
DEBUG | 2026/06/01 03:26:21.121318 | [Dataset Load] -> "Loading datasets from class Pleural_Thickening"
DEBUG | 2026/06/01 03:26:21.124136 | [Dataset Load] -> "Loading datasets from class Pneumonia"
DEBUG | 2026/06/01 03:26:21.125676 | [Dataset Load] -> "Loading datasets from class Pneumothorax"
DEBUG | 2026/06/01 03:26:21.128443 | [Dataset Load] -> "Dynamically loaded 22921 datas"
DEBUG | 2026/06/01 03:36:35.821371 | [Dataset Load] -> "Loading datasets from data/train"
DEBUG | 2026/06/01 03:36:35.821955 | [Dataset Load] -> "Loading datasets from class Atelectasis"
DEBUG | 2026/06/01 03:36:35.834366 | [Dataset Load] -> "Loading datasets from class Cardiomegaly"
DEBUG | 2026/06/01 03:36:35.836817 | [Dataset Load] -> "Loading datasets from class Consolidation"
DEBUG | 2026/06/01 03:36:35.840686 | [Dataset Load] -> "Loading datasets from class Edema"
DEBUG | 2026/06/01 03:36:35.845903 | [Dataset Load] -> "Loading datasets from class Effusion"
DEBUG | 2026/06/01 03:36:35.851506 | [Dataset Load] -> "Loading datasets from class Emphysema"
DEBUG | 2026/06/01 03:36:35.853436 | [Dataset Load] -> "Loading datasets from class Fibrosis"
DEBUG | 2026/06/01 03:36:35.855716 | [Dataset Load] -> "Loading datasets from class Hernia"
DEBUG | 2026/06/01 03:36:35.855954 | [Dataset Load] -> "Loading datasets from class Infiltration"
DEBUG | 2026/06/01 03:36:35.862498 | [Dataset Load] -> "Loading datasets from class Mass"
DEBUG | 2026/06/01 03:36:35.868282 | [Dataset Load] -> "Loading datasets from class No Finding"
DEBUG | 2026/06/01 03:36:35.880061 | [Dataset Load] -> "Loading datasets from class Nodule"
DEBUG | 2026/06/01 03:36:35.884388 | [Dataset Load] -> "Loading datasets from class Pleural_Thickening"
DEBUG | 2026/06/01 03:36:35.887157 | [Dataset Load] -> "Loading datasets from class Pneumonia"
DEBUG | 2026/06/01 03:36:35.888704 | [Dataset Load] -> "Loading datasets from class Pneumothorax"
DEBUG | 2026/06/01 03:36:35.891194 | [Dataset Load] -> "Dynamically loaded 22921 datas"
DEBUG | 2026/06/01 03:46:49.359136 | [Dataset Load] -> "Loading datasets from data/train"
DEBUG | 2026/06/01 03:46:49.359737 | [Dataset Load] -> "Loading datasets from class Atelectasis"
DEBUG | 2026/06/01 03:46:49.371956 | [Dataset Load] -> "Loading datasets from class Cardiomegaly"
DEBUG | 2026/06/01 03:46:49.374549 | [Dataset Load] -> "Loading datasets from class Consolidation"
DEBUG | 2026/06/01 03:46:49.378591 | [Dataset Load] -> "Loading datasets from class Edema"
DEBUG | 2026/06/01 03:46:49.384085 | [Dataset Load] -> "Loading datasets from class Effusion"
DEBUG | 2026/06/01 03:46:49.389486 | [Dataset Load] -> "Loading datasets from class Emphysema"
DEBUG | 2026/06/01 03:46:49.391392 | [Dataset Load] -> "Loading datasets from class Fibrosis"
DEBUG | 2026/06/01 03:46:49.393665 | [Dataset Load] -> "Loading datasets from class Hernia"
DEBUG | 2026/06/01 03:46:49.393839 | [Dataset Load] -> "Loading datasets from class Infiltration"
DEBUG | 2026/06/01 03:46:49.400310 | [Dataset Load] -> "Loading datasets from class Mass"
DEBUG | 2026/06/01 03:46:49.406139 | [Dataset Load] -> "Loading datasets from class No Finding"
DEBUG | 2026/06/01 03:46:49.417769 | [Dataset Load] -> "Loading datasets from class Nodule"
DEBUG | 2026/06/01 03:46:49.422003 | [Dataset Load] -> "Loading datasets from class Pleural_Thickening"
DEBUG | 2026/06/01 03:46:49.424822 | [Dataset Load] -> "Loading datasets from class Pneumonia"
DEBUG | 2026/06/01 03:46:49.426411 | [Dataset Load] -> "Loading datasets from class Pneumothorax"
DEBUG | 2026/06/01 03:46:49.428970 | [Dataset Load] -> "Dynamically loaded 22921 datas"
DEBUG | 2026/06/01 03:57:03.950853 | [Dataset Load] -> "Loading datasets from data/train"
DEBUG | 2026/06/01 03:57:03.951400 | [Dataset Load] -> "Loading datasets from class Atelectasis"
DEBUG | 2026/06/01 03:57:03.963905 | [Dataset Load] -> "Loading datasets from class Cardiomegaly"
DEBUG | 2026/06/01 03:57:03.966380 | [Dataset Load] -> "Loading datasets from class Consolidation"
DEBUG | 2026/06/01 03:57:03.970278 | [Dataset Load] -> "Loading datasets from class Edema"
DEBUG | 2026/06/01 03:57:03.975615 | [Dataset Load] -> "Loading datasets from class Effusion"
DEBUG | 2026/06/01 03:57:03.980970 | [Dataset Load] -> "Loading datasets from class Emphysema"
DEBUG | 2026/06/01 03:57:03.982862 | [Dataset Load] -> "Loading datasets from class Fibrosis"
DEBUG | 2026/06/01 03:57:03.985126 | [Dataset Load] -> "Loading datasets from class Hernia"
DEBUG | 2026/06/01 03:57:03.985364 | [Dataset Load] -> "Loading datasets from class Infiltration"
DEBUG | 2026/06/01 03:57:03.991925 | [Dataset Load] -> "Loading datasets from class Mass"
DEBUG | 2026/06/01 03:57:03.997839 | [Dataset Load] -> "Loading datasets from class No Finding"
DEBUG | 2026/06/01 03:57:04.009246 | [Dataset Load] -> "Loading datasets from class Nodule"
DEBUG | 2026/06/01 03:57:04.013536 | [Dataset Load] -> "Loading datasets from class Pleural_Thickening"
DEBUG | 2026/06/01 03:57:04.016305 | [Dataset Load] -> "Loading datasets from class Pneumonia"
DEBUG | 2026/06/01 03:57:04.017821 | [Dataset Load] -> "Loading datasets from class Pneumothorax"
DEBUG | 2026/06/01 03:57:04.020462 | [Dataset Load] -> "Dynamically loaded 22921 datas"
DEBUG | 2026/06/01 04:07:17.906776 | [Dataset Load] -> "Loading datasets from data/train"
DEBUG | 2026/06/01 04:07:17.907284 | [Dataset Load] -> "Loading datasets from class Atelectasis"
DEBUG | 2026/06/01 04:07:17.919741 | [Dataset Load] -> "Loading datasets from class Cardiomegaly"
DEBUG | 2026/06/01 04:07:17.922361 | [Dataset Load] -> "Loading datasets from class Consolidation"
DEBUG | 2026/06/01 04:07:17.926322 | [Dataset Load] -> "Loading datasets from class Edema"
DEBUG | 2026/06/01 04:07:17.931612 | [Dataset Load] -> "Loading datasets from class Effusion"
DEBUG | 2026/06/01 04:07:17.936947 | [Dataset Load] -> "Loading datasets from class Emphysema"
DEBUG | 2026/06/01 04:07:17.938875 | [Dataset Load] -> "Loading datasets from class Fibrosis"
DEBUG | 2026/06/01 04:07:17.941155 | [Dataset Load] -> "Loading datasets from class Hernia"
DEBUG | 2026/06/01 04:07:17.941393 | [Dataset Load] -> "Loading datasets from class Infiltration"
DEBUG | 2026/06/01 04:07:17.948125 | [Dataset Load] -> "Loading datasets from class Mass"
DEBUG | 2026/06/01 04:07:17.953855 | [Dataset Load] -> "Loading datasets from class No Finding"
DEBUG | 2026/06/01 04:07:17.965173 | [Dataset Load] -> "Loading datasets from class Nodule"
DEBUG | 2026/06/01 04:07:17.969631 | [Dataset Load] -> "Loading datasets from class Pleural_Thickening"
DEBUG | 2026/06/01 04:07:17.972471 | [Dataset Load] -> "Loading datasets from class Pneumonia"
DEBUG | 2026/06/01 04:07:17.974044 | [Dataset Load] -> "Loading datasets from class Pneumothorax"
DEBUG | 2026/06/01 04:07:17.976580 | [Dataset Load] -> "Dynamically loaded 22921 datas"
DEBUG | 2026/06/01 04:17:32.287477 | [Dataset Load] -> "Loading datasets from data/train"
DEBUG | 2026/06/01 04:17:32.288087 | [Dataset Load] -> "Loading datasets from class Atelectasis"
DEBUG | 2026/06/01 04:17:32.300652 | [Dataset Load] -> "Loading datasets from class Cardiomegaly"
DEBUG | 2026/06/01 04:17:32.303238 | [Dataset Load] -> "Loading datasets from class Consolidation"
DEBUG | 2026/06/01 04:17:32.307157 | [Dataset Load] -> "Loading datasets from class Edema"
DEBUG | 2026/06/01 04:17:32.312341 | [Dataset Load] -> "Loading datasets from class Effusion"
DEBUG | 2026/06/01 04:17:32.317654 | [Dataset Load] -> "Loading datasets from class Emphysema"
DEBUG | 2026/06/01 04:17:32.319551 | [Dataset Load] -> "Loading datasets from class Fibrosis"
DEBUG | 2026/06/01 04:17:32.321861 | [Dataset Load] -> "Loading datasets from class Hernia"
DEBUG | 2026/06/01 04:17:32.322100 | [Dataset Load] -> "Loading datasets from class Infiltration"
DEBUG | 2026/06/01 04:17:32.438357 | [Dataset Load] -> "Loading datasets from class Mass"
DEBUG | 2026/06/01 04:17:32.445418 | [Dataset Load] -> "Loading datasets from class No Finding"
DEBUG | 2026/06/01 04:17:32.456893 | [Dataset Load] -> "Loading datasets from class Nodule"
DEBUG | 2026/06/01 04:17:32.461201 | [Dataset Load] -> "Loading datasets from class Pleural_Thickening"
DEBUG | 2026/06/01 04:17:32.464228 | [Dataset Load] -> "Loading datasets from class Pneumonia"
DEBUG | 2026/06/01 04:17:32.465791 | [Dataset Load] -> "Loading datasets from class Pneumothorax"
DEBUG | 2026/06/01 04:17:32.468374 | [Dataset Load] -> "Dynamically loaded 22921 datas"
DEBUG | 2026/06/01 04:27:47.429816 | [Dataset Load] -> "Loading datasets from data/train"
DEBUG | 2026/06/01 04:27:47.430306 | [Dataset Load] -> "Loading datasets from class Atelectasis"
DEBUG | 2026/06/01 04:27:47.443009 | [Dataset Load] -> "Loading datasets from class Cardiomegaly"
DEBUG | 2026/06/01 04:27:47.445640 | [Dataset Load] -> "Loading datasets from class Consolidation"
DEBUG | 2026/06/01 04:27:47.449870 | [Dataset Load] -> "Loading datasets from class Edema"
DEBUG | 2026/06/01 04:27:47.455315 | [Dataset Load] -> "Loading datasets from class Effusion"
DEBUG | 2026/06/01 04:27:47.460855 | [Dataset Load] -> "Loading datasets from class Emphysema"
DEBUG | 2026/06/01 04:27:47.462838 | [Dataset Load] -> "Loading datasets from class Fibrosis"
DEBUG | 2026/06/01 04:27:47.465144 | [Dataset Load] -> "Loading datasets from class Hernia"
DEBUG | 2026/06/01 04:27:47.465392 | [Dataset Load] -> "Loading datasets from class Infiltration"
DEBUG | 2026/06/01 04:27:47.472701 | [Dataset Load] -> "Loading datasets from class Mass"
DEBUG | 2026/06/01 04:27:47.478659 | [Dataset Load] -> "Loading datasets from class No Finding"
DEBUG | 2026/06/01 04:27:47.490173 | [Dataset Load] -> "Loading datasets from class Nodule"
DEBUG | 2026/06/01 04:27:47.494593 | [Dataset Load] -> "Loading datasets from class Pleural_Thickening"
DEBUG | 2026/06/01 04:27:47.497458 | [Dataset Load] -> "Loading datasets from class Pneumonia"
DEBUG | 2026/06/01 04:27:47.499063 | [Dataset Load] -> "Loading datasets from class Pneumothorax"
DEBUG | 2026/06/01 04:27:47.501652 | [Dataset Load] -> "Dynamically loaded 22921 datas"
DEBUG | 2026/06/01 04:38:02.400907 | [Dataset Load] -> "Loading datasets from data/train"
DEBUG | 2026/06/01 04:38:02.401520 | [Dataset Load] -> "Loading datasets from class Atelectasis"
DEBUG | 2026/06/01 04:38:02.413984 | [Dataset Load] -> "Loading datasets from class Cardiomegaly"
DEBUG | 2026/06/01 04:38:02.416598 | [Dataset Load] -> "Loading datasets from class Consolidation"
DEBUG | 2026/06/01 04:38:02.420567 | [Dataset Load] -> "Loading datasets from class Edema"
DEBUG | 2026/06/01 04:38:02.425783 | [Dataset Load] -> "Loading datasets from class Effusion"
DEBUG | 2026/06/01 04:38:02.431222 | [Dataset Load] -> "Loading datasets from class Emphysema"
DEBUG | 2026/06/01 04:38:02.433141 | [Dataset Load] -> "Loading datasets from class Fibrosis"
DEBUG | 2026/06/01 04:38:02.435407 | [Dataset Load] -> "Loading datasets from class Hernia"
DEBUG | 2026/06/01 04:38:02.435646 | [Dataset Load] -> "Loading datasets from class Infiltration"
DEBUG | 2026/06/01 04:38:02.442263 | [Dataset Load] -> "Loading datasets from class Mass"
DEBUG | 2026/06/01 04:38:02.447909 | [Dataset Load] -> "Loading datasets from class No Finding"
DEBUG | 2026/06/01 04:38:02.459178 | [Dataset Load] -> "Loading datasets from class Nodule"
DEBUG | 2026/06/01 04:38:02.463442 | [Dataset Load] -> "Loading datasets from class Pleural_Thickening"
DEBUG | 2026/06/01 04:38:02.466462 | [Dataset Load] -> "Loading datasets from class Pneumonia"
DEBUG | 2026/06/01 04:38:02.467999 | [Dataset Load] -> "Loading datasets from class Pneumothorax"
DEBUG | 2026/06/01 04:38:02.470502 | [Dataset Load] -> "Dynamically loaded 22921 datas"
DEBUG | 2026/06/01 04:48:16.034129 | [Dataset Load] -> "Loading datasets from data/train"
DEBUG | 2026/06/01 04:48:16.034613 | [Dataset Load] -> "Loading datasets from class Atelectasis"
DEBUG | 2026/06/01 04:48:16.046882 | [Dataset Load] -> "Loading datasets from class Cardiomegaly"
DEBUG | 2026/06/01 04:48:16.049424 | [Dataset Load] -> "Loading datasets from class Consolidation"
DEBUG | 2026/06/01 04:48:16.053303 | [Dataset Load] -> "Loading datasets from class Edema"
DEBUG | 2026/06/01 04:48:16.058491 | [Dataset Load] -> "Loading datasets from class Effusion"
DEBUG | 2026/06/01 04:48:16.063980 | [Dataset Load] -> "Loading datasets from class Emphysema"
DEBUG | 2026/06/01 04:48:16.065877 | [Dataset Load] -> "Loading datasets from class Fibrosis"
DEBUG | 2026/06/01 04:48:16.068162 | [Dataset Load] -> "Loading datasets from class Hernia"
DEBUG | 2026/06/01 04:48:16.068399 | [Dataset Load] -> "Loading datasets from class Infiltration"
DEBUG | 2026/06/01 04:48:16.075067 | [Dataset Load] -> "Loading datasets from class Mass"
DEBUG | 2026/06/01 04:48:16.080832 | [Dataset Load] -> "Loading datasets from class No Finding"
DEBUG | 2026/06/01 04:48:16.092057 | [Dataset Load] -> "Loading datasets from class Nodule"
DEBUG | 2026/06/01 04:48:16.096373 | [Dataset Load] -> "Loading datasets from class Pleural_Thickening"
DEBUG | 2026/06/01 04:48:16.099397 | [Dataset Load] -> "Loading datasets from class Pneumonia"
DEBUG | 2026/06/01 04:48:16.101002 | [Dataset Load] -> "Loading datasets from class Pneumothorax"
DEBUG | 2026/06/01 04:48:16.197543 | [Dataset Load] -> "Dynamically loaded 22921 datas"
DEBUG | 2026/06/01 04:58:31.673726 | [Dataset Load] -> "Loading datasets from data/train"
DEBUG | 2026/06/01 04:58:31.674530 | [Dataset Load] -> "Loading datasets from class Atelectasis"
DEBUG | 2026/06/01 04:58:31.687339 | [Dataset Load] -> "Loading datasets from class Cardiomegaly"
DEBUG | 2026/06/01 04:58:31.689957 | [Dataset Load] -> "Loading datasets from class Consolidation"
DEBUG | 2026/06/01 04:58:31.693924 | [Dataset Load] -> "Loading datasets from class Edema"
DEBUG | 2026/06/01 04:58:31.699237 | [Dataset Load] -> "Loading datasets from class Effusion"
DEBUG | 2026/06/01 04:58:31.704985 | [Dataset Load] -> "Loading datasets from class Emphysema"
DEBUG | 2026/06/01 04:58:31.706915 | [Dataset Load] -> "Loading datasets from class Fibrosis"
DEBUG | 2026/06/01 04:58:31.709186 | [Dataset Load] -> "Loading datasets from class Hernia"
DEBUG | 2026/06/01 04:58:31.709427 | [Dataset Load] -> "Loading datasets from class Infiltration"
DEBUG | 2026/06/01 04:58:31.716049 | [Dataset Load] -> "Loading datasets from class Mass"
DEBUG | 2026/06/01 04:58:31.721864 | [Dataset Load] -> "Loading datasets from class No Finding"
DEBUG | 2026/06/01 04:58:31.733456 | [Dataset Load] -> "Loading datasets from class Nodule"
DEBUG | 2026/06/01 04:58:31.737815 | [Dataset Load] -> "Loading datasets from class Pleural_Thickening"
DEBUG | 2026/06/01 04:58:31.740594 | [Dataset Load] -> "Loading datasets from class Pneumonia"
DEBUG | 2026/06/01 04:58:31.742198 | [Dataset Load] -> "Loading datasets from class Pneumothorax"
DEBUG | 2026/06/01 04:58:31.744788 | [Dataset Load] -> "Dynamically loaded 22921 datas"
DEBUG | 2026/06/01 05:08:46.990695 | [Dataset Load] -> "Loading datasets from data/train"
DEBUG | 2026/06/01 05:08:46.991277 | [Dataset Load] -> "Loading datasets from class Atelectasis"
DEBUG | 2026/06/01 05:08:47.005220 | [Dataset Load] -> "Loading datasets from class Cardiomegaly"
DEBUG | 2026/06/01 05:08:47.007770 | [Dataset Load] -> "Loading datasets from class Consolidation"
DEBUG | 2026/06/01 05:08:47.011947 | [Dataset Load] -> "Loading datasets from class Edema"
DEBUG | 2026/06/01 05:08:47.017896 | [Dataset Load] -> "Loading datasets from class Effusion"
DEBUG | 2026/06/01 05:08:47.025021 | [Dataset Load] -> "Loading datasets from class Emphysema"
DEBUG | 2026/06/01 05:08:47.027053 | [Dataset Load] -> "Loading datasets from class Fibrosis"
DEBUG | 2026/06/01 05:08:47.029352 | [Dataset Load] -> "Loading datasets from class Hernia"
DEBUG | 2026/06/01 05:08:47.029594 | [Dataset Load] -> "Loading datasets from class Infiltration"
DEBUG | 2026/06/01 05:08:47.036316 | [Dataset Load] -> "Loading datasets from class Mass"
DEBUG | 2026/06/01 05:08:47.041998 | [Dataset Load] -> "Loading datasets from class No Finding"
DEBUG | 2026/06/01 05:08:47.053449 | [Dataset Load] -> "Loading datasets from class Nodule"
DEBUG | 2026/06/01 05:08:47.057727 | [Dataset Load] -> "Loading datasets from class Pleural_Thickening"
DEBUG | 2026/06/01 05:08:47.060619 | [Dataset Load] -> "Loading datasets from class Pneumonia"
DEBUG | 2026/06/01 05:08:47.062213 | [Dataset Load] -> "Loading datasets from class Pneumothorax"
DEBUG | 2026/06/01 05:08:47.065281 | [Dataset Load] -> "Dynamically loaded 22921 datas"
DEBUG | 2026/06/01 05:19:02.419742 | [Dataset Load] -> "Loading datasets from data/train"
DEBUG | 2026/06/01 05:19:02.420358 | [Dataset Load] -> "Loading datasets from class Atelectasis"
DEBUG | 2026/06/01 05:19:02.432972 | [Dataset Load] -> "Loading datasets from class Cardiomegaly"
DEBUG | 2026/06/01 05:19:02.435570 | [Dataset Load] -> "Loading datasets from class Consolidation"
DEBUG | 2026/06/01 05:19:02.439756 | [Dataset Load] -> "Loading datasets from class Edema"
DEBUG | 2026/06/01 05:19:02.444997 | [Dataset Load] -> "Loading datasets from class Effusion"
DEBUG | 2026/06/01 05:19:02.450488 | [Dataset Load] -> "Loading datasets from class Emphysema"
DEBUG | 2026/06/01 05:19:02.452456 | [Dataset Load] -> "Loading datasets from class Fibrosis"
DEBUG | 2026/06/01 05:19:02.454790 | [Dataset Load] -> "Loading datasets from class Hernia"
DEBUG | 2026/06/01 05:19:02.455038 | [Dataset Load] -> "Loading datasets from class Infiltration"
DEBUG | 2026/06/01 05:19:02.461943 | [Dataset Load] -> "Loading datasets from class Mass"
DEBUG | 2026/06/01 05:19:02.467839 | [Dataset Load] -> "Loading datasets from class No Finding"
DEBUG | 2026/06/01 05:19:02.479325 | [Dataset Load] -> "Loading datasets from class Nodule"
DEBUG | 2026/06/01 05:19:02.483675 | [Dataset Load] -> "Loading datasets from class Pleural_Thickening"
DEBUG | 2026/06/01 05:19:02.486429 | [Dataset Load] -> "Loading datasets from class Pneumonia"
DEBUG | 2026/06/01 05:19:02.487897 | [Dataset Load] -> "Loading datasets from class Pneumothorax"
DEBUG | 2026/06/01 05:19:02.490649 | [Dataset Load] -> "Dynamically loaded 22921 datas"
DEBUG | 2026/06/01 05:29:18.258382 | [Dataset Load] -> "Loading datasets from data/train"
DEBUG | 2026/06/01 05:29:18.258914 | [Dataset Load] -> "Loading datasets from class Atelectasis"
DEBUG | 2026/06/01 05:29:18.271433 | [Dataset Load] -> "Loading datasets from class Cardiomegaly"
DEBUG | 2026/06/01 05:29:18.274004 | [Dataset Load] -> "Loading datasets from class Consolidation"
DEBUG | 2026/06/01 05:29:18.277941 | [Dataset Load] -> "Loading datasets from class Edema"
DEBUG | 2026/06/01 05:29:18.283186 | [Dataset Load] -> "Loading datasets from class Effusion"
DEBUG | 2026/06/01 05:29:18.288849 | [Dataset Load] -> "Loading datasets from class Emphysema"
DEBUG | 2026/06/01 05:29:18.290768 | [Dataset Load] -> "Loading datasets from class Fibrosis"
DEBUG | 2026/06/01 05:29:18.293066 | [Dataset Load] -> "Loading datasets from class Hernia"
DEBUG | 2026/06/01 05:29:18.293308 | [Dataset Load] -> "Loading datasets from class Infiltration"
DEBUG | 2026/06/01 05:29:18.299973 | [Dataset Load] -> "Loading datasets from class Mass"
DEBUG | 2026/06/01 05:29:18.305823 | [Dataset Load] -> "Loading datasets from class No Finding"
DEBUG | 2026/06/01 05:29:18.317380 | [Dataset Load] -> "Loading datasets from class Nodule"
DEBUG | 2026/06/01 05:29:18.321692 | [Dataset Load] -> "Loading datasets from class Pleural_Thickening"
DEBUG | 2026/06/01 05:29:18.324547 | [Dataset Load] -> "Loading datasets from class Pneumonia"
DEBUG | 2026/06/01 05:29:18.326006 | [Dataset Load] -> "Loading datasets from class Pneumothorax"
DEBUG | 2026/06/01 05:29:18.328567 | [Dataset Load] -> "Dynamically loaded 22921 datas"
DEBUG | 2026/06/01 05:39:33.244756 | [Dataset Load] -> "Loading datasets from data/train"
DEBUG | 2026/06/01 05:39:33.245370 | [Dataset Load] -> "Loading datasets from class Atelectasis"
DEBUG | 2026/06/01 05:39:33.257879 | [Dataset Load] -> "Loading datasets from class Cardiomegaly"
DEBUG | 2026/06/01 05:39:33.260353 | [Dataset Load] -> "Loading datasets from class Consolidation"
DEBUG | 2026/06/01 05:39:33.264307 | [Dataset Load] -> "Loading datasets from class Edema"
DEBUG | 2026/06/01 05:39:33.269639 | [Dataset Load] -> "Loading datasets from class Effusion"
DEBUG | 2026/06/01 05:39:33.275121 | [Dataset Load] -> "Loading datasets from class Emphysema"
DEBUG | 2026/06/01 05:39:33.277120 | [Dataset Load] -> "Loading datasets from class Fibrosis"
DEBUG | 2026/06/01 05:39:33.279425 | [Dataset Load] -> "Loading datasets from class Hernia"
DEBUG | 2026/06/01 05:39:33.279675 | [Dataset Load] -> "Loading datasets from class Infiltration"
DEBUG | 2026/06/01 05:39:33.286250 | [Dataset Load] -> "Loading datasets from class Mass"
DEBUG | 2026/06/01 05:39:33.292244 | [Dataset Load] -> "Loading datasets from class No Finding"
DEBUG | 2026/06/01 05:39:33.303797 | [Dataset Load] -> "Loading datasets from class Nodule"
DEBUG | 2026/06/01 05:39:33.308148 | [Dataset Load] -> "Loading datasets from class Pleural_Thickening"
DEBUG | 2026/06/01 05:39:33.311054 | [Dataset Load] -> "Loading datasets from class Pneumonia"
DEBUG | 2026/06/01 05:39:33.312607 | [Dataset Load] -> "Loading datasets from class Pneumothorax"
DEBUG | 2026/06/01 05:39:33.315139 | [Dataset Load] -> "Dynamically loaded 22921 datas"
DEBUG | 2026/06/01 05:49:48.247681 | [Dataset Load] -> "Loading datasets from data/train"
DEBUG | 2026/06/01 05:49:48.248228 | [Dataset Load] -> "Loading datasets from class Atelectasis"
DEBUG | 2026/06/01 05:49:48.260743 | [Dataset Load] -> "Loading datasets from class Cardiomegaly"
DEBUG | 2026/06/01 05:49:48.263260 | [Dataset Load] -> "Loading datasets from class Consolidation"
DEBUG | 2026/06/01 05:49:48.267095 | [Dataset Load] -> "Loading datasets from class Edema"
DEBUG | 2026/06/01 05:49:48.272574 | [Dataset Load] -> "Loading datasets from class Effusion"
DEBUG | 2026/06/01 05:49:48.278022 | [Dataset Load] -> "Loading datasets from class Emphysema"
DEBUG | 2026/06/01 05:49:48.279975 | [Dataset Load] -> "Loading datasets from class Fibrosis"
DEBUG | 2026/06/01 05:49:48.282243 | [Dataset Load] -> "Loading datasets from class Hernia"
DEBUG | 2026/06/01 05:49:48.282488 | [Dataset Load] -> "Loading datasets from class Infiltration"
DEBUG | 2026/06/01 05:49:48.289144 | [Dataset Load] -> "Loading datasets from class Mass"
DEBUG | 2026/06/01 05:49:48.295116 | [Dataset Load] -> "Loading datasets from class No Finding"
DEBUG | 2026/06/01 05:49:48.306544 | [Dataset Load] -> "Loading datasets from class Nodule"
DEBUG | 2026/06/01 05:49:48.310907 | [Dataset Load] -> "Loading datasets from class Pleural_Thickening"
DEBUG | 2026/06/01 05:49:48.313754 | [Dataset Load] -> "Loading datasets from class Pneumonia"
DEBUG | 2026/06/01 05:49:48.315241 | [Dataset Load] -> "Loading datasets from class Pneumothorax"
DEBUG | 2026/06/01 05:49:48.317724 | [Dataset Load] -> "Dynamically loaded 22921 datas"
DEBUG | 2026/06/01 06:00:03.355516 | [Dataset Load] -> "Loading datasets from data/train"
DEBUG | 2026/06/01 06:00:03.356129 | [Dataset Load] -> "Loading datasets from class Atelectasis"
DEBUG | 2026/06/01 06:00:03.368903 | [Dataset Load] -> "Loading datasets from class Cardiomegaly"
DEBUG | 2026/06/01 06:00:03.371535 | [Dataset Load] -> "Loading datasets from class Consolidation"
DEBUG | 2026/06/01 06:00:03.375496 | [Dataset Load] -> "Loading datasets from class Edema"
DEBUG | 2026/06/01 06:00:03.380842 | [Dataset Load] -> "Loading datasets from class Effusion"
DEBUG | 2026/06/01 06:00:03.386320 | [Dataset Load] -> "Loading datasets from class Emphysema"
DEBUG | 2026/06/01 06:00:03.388276 | [Dataset Load] -> "Loading datasets from class Fibrosis"
DEBUG | 2026/06/01 06:00:03.390559 | [Dataset Load] -> "Loading datasets from class Hernia"
DEBUG | 2026/06/01 06:00:03.390799 | [Dataset Load] -> "Loading datasets from class Infiltration"
DEBUG | 2026/06/01 06:00:03.397546 | [Dataset Load] -> "Loading datasets from class Mass"
DEBUG | 2026/06/01 06:00:03.403568 | [Dataset Load] -> "Loading datasets from class No Finding"
DEBUG | 2026/06/01 06:00:03.415092 | [Dataset Load] -> "Loading datasets from class Nodule"
DEBUG | 2026/06/01 06:00:03.419668 | [Dataset Load] -> "Loading datasets from class Pleural_Thickening"
DEBUG | 2026/06/01 06:00:03.422456 | [Dataset Load] -> "Loading datasets from class Pneumonia"
DEBUG | 2026/06/01 06:00:03.423937 | [Dataset Load] -> "Loading datasets from class Pneumothorax"
DEBUG | 2026/06/01 06:00:03.426513 | [Dataset Load] -> "Dynamically loaded 22921 datas"
DEBUG | 2026/06/01 06:10:18.085279 | [Dataset Load] -> "Loading datasets from data/train"
DEBUG | 2026/06/01 06:10:18.085830 | [Dataset Load] -> "Loading datasets from class Atelectasis"
DEBUG | 2026/06/01 06:10:18.098504 | [Dataset Load] -> "Loading datasets from class Cardiomegaly"
DEBUG | 2026/06/01 06:10:18.101199 | [Dataset Load] -> "Loading datasets from class Consolidation"
DEBUG | 2026/06/01 06:10:18.105254 | [Dataset Load] -> "Loading datasets from class Edema"
DEBUG | 2026/06/01 06:10:18.110526 | [Dataset Load] -> "Loading datasets from class Effusion"
DEBUG | 2026/06/01 06:10:18.116047 | [Dataset Load] -> "Loading datasets from class Emphysema"
DEBUG | 2026/06/01 06:10:18.118010 | [Dataset Load] -> "Loading datasets from class Fibrosis"
DEBUG | 2026/06/01 06:10:18.120336 | [Dataset Load] -> "Loading datasets from class Hernia"
DEBUG | 2026/06/01 06:10:18.120587 | [Dataset Load] -> "Loading datasets from class Infiltration"
DEBUG | 2026/06/01 06:10:18.237072 | [Dataset Load] -> "Loading datasets from class Mass"
DEBUG | 2026/06/01 06:10:18.243720 | [Dataset Load] -> "Loading datasets from class No Finding"
DEBUG | 2026/06/01 06:10:18.254721 | [Dataset Load] -> "Loading datasets from class Nodule"
DEBUG | 2026/06/01 06:10:18.259040 | [Dataset Load] -> "Loading datasets from class Pleural_Thickening"
DEBUG | 2026/06/01 06:10:18.262019 | [Dataset Load] -> "Loading datasets from class Pneumonia"
DEBUG | 2026/06/01 06:10:18.263588 | [Dataset Load] -> "Loading datasets from class Pneumothorax"
DEBUG | 2026/06/01 06:10:18.266194 | [Dataset Load] -> "Dynamically loaded 22921 datas"
DEBUG | 2026/06/01 06:20:31.968804 | [Dataset Load] -> "Loading datasets from data/train"
DEBUG | 2026/06/01 06:20:31.969314 | [Dataset Load] -> "Loading datasets from class Atelectasis"
DEBUG | 2026/06/01 06:20:31.981795 | [Dataset Load] -> "Loading datasets from class Cardiomegaly"
DEBUG | 2026/06/01 06:20:31.984334 | [Dataset Load] -> "Loading datasets from class Consolidation"
DEBUG | 2026/06/01 06:20:31.988338 | [Dataset Load] -> "Loading datasets from class Edema"
DEBUG | 2026/06/01 06:20:31.993830 | [Dataset Load] -> "Loading datasets from class Effusion"
DEBUG | 2026/06/01 06:20:31.999473 | [Dataset Load] -> "Loading datasets from class Emphysema"
DEBUG | 2026/06/01 06:20:32.001462 | [Dataset Load] -> "Loading datasets from class Fibrosis"
DEBUG | 2026/06/01 06:20:32.003756 | [Dataset Load] -> "Loading datasets from class Hernia"
DEBUG | 2026/06/01 06:20:32.004005 | [Dataset Load] -> "Loading datasets from class Infiltration"
DEBUG | 2026/06/01 06:20:32.011531 | [Dataset Load] -> "Loading datasets from class Mass"
DEBUG | 2026/06/01 06:20:32.017772 | [Dataset Load] -> "Loading datasets from class No Finding"
DEBUG | 2026/06/01 06:20:32.029324 | [Dataset Load] -> "Loading datasets from class Nodule"
DEBUG | 2026/06/01 06:20:32.033670 | [Dataset Load] -> "Loading datasets from class Pleural_Thickening"
DEBUG | 2026/06/01 06:20:32.036562 | [Dataset Load] -> "Loading datasets from class Pneumonia"
DEBUG | 2026/06/01 06:20:32.038044 | [Dataset Load] -> "Loading datasets from class Pneumothorax"
DEBUG | 2026/06/01 06:20:32.040586 | [Dataset Load] -> "Dynamically loaded 22921 datas"
DEBUG | 2026/06/01 06:30:46.955353 | [Dataset Load] -> "Loading datasets from data/train"
DEBUG | 2026/06/01 06:30:46.955960 | [Dataset Load] -> "Loading datasets from class Atelectasis"
DEBUG | 2026/06/01 06:30:46.968655 | [Dataset Load] -> "Loading datasets from class Cardiomegaly"
DEBUG | 2026/06/01 06:30:46.971355 | [Dataset Load] -> "Loading datasets from class Consolidation"
DEBUG | 2026/06/01 06:30:46.975389 | [Dataset Load] -> "Loading datasets from class Edema"
DEBUG | 2026/06/01 06:30:46.980599 | [Dataset Load] -> "Loading datasets from class Effusion"
DEBUG | 2026/06/01 06:30:46.986102 | [Dataset Load] -> "Loading datasets from class Emphysema"
DEBUG | 2026/06/01 06:30:46.988087 | [Dataset Load] -> "Loading datasets from class Fibrosis"
DEBUG | 2026/06/01 06:30:46.990372 | [Dataset Load] -> "Loading datasets from class Hernia"
DEBUG | 2026/06/01 06:30:46.990623 | [Dataset Load] -> "Loading datasets from class Infiltration"
DEBUG | 2026/06/01 06:30:46.997562 | [Dataset Load] -> "Loading datasets from class Mass"
DEBUG | 2026/06/01 06:30:47.003612 | [Dataset Load] -> "Loading datasets from class No Finding"
DEBUG | 2026/06/01 06:30:47.015187 | [Dataset Load] -> "Loading datasets from class Nodule"
DEBUG | 2026/06/01 06:30:47.019597 | [Dataset Load] -> "Loading datasets from class Pleural_Thickening"
DEBUG | 2026/06/01 06:30:47.022795 | [Dataset Load] -> "Loading datasets from class Pneumonia"
DEBUG | 2026/06/01 06:30:47.024339 | [Dataset Load] -> "Loading datasets from class Pneumothorax"
DEBUG | 2026/06/01 06:30:47.026918 | [Dataset Load] -> "Dynamically loaded 22921 datas"
DEBUG | 2026/06/01 06:41:00.560323 | [Dataset Load] -> "Loading datasets from data/train"
DEBUG | 2026/06/01 06:41:00.560950 | [Dataset Load] -> "Loading datasets from class Atelectasis"
DEBUG | 2026/06/01 06:41:00.573685 | [Dataset Load] -> "Loading datasets from class Cardiomegaly"
DEBUG | 2026/06/01 06:41:00.576482 | [Dataset Load] -> "Loading datasets from class Consolidation"
DEBUG | 2026/06/01 06:41:00.580596 | [Dataset Load] -> "Loading datasets from class Edema"
DEBUG | 2026/06/01 06:41:00.585854 | [Dataset Load] -> "Loading datasets from class Effusion"
DEBUG | 2026/06/01 06:41:00.591333 | [Dataset Load] -> "Loading datasets from class Emphysema"
DEBUG | 2026/06/01 06:41:00.593262 | [Dataset Load] -> "Loading datasets from class Fibrosis"
DEBUG | 2026/06/01 06:41:00.595523 | [Dataset Load] -> "Loading datasets from class Hernia"
DEBUG | 2026/06/01 06:41:00.595770 | [Dataset Load] -> "Loading datasets from class Infiltration"
DEBUG | 2026/06/01 06:41:00.602657 | [Dataset Load] -> "Loading datasets from class Mass"
DEBUG | 2026/06/01 06:41:00.608687 | [Dataset Load] -> "Loading datasets from class No Finding"
DEBUG | 2026/06/01 06:41:00.620094 | [Dataset Load] -> "Loading datasets from class Nodule"
DEBUG | 2026/06/01 06:41:00.624488 | [Dataset Load] -> "Loading datasets from class Pleural_Thickening"
DEBUG | 2026/06/01 06:41:00.627621 | [Dataset Load] -> "Loading datasets from class Pneumonia"
DEBUG | 2026/06/01 06:41:00.629200 | [Dataset Load] -> "Loading datasets from class Pneumothorax"
DEBUG | 2026/06/01 06:41:00.737791 | [Dataset Load] -> "Dynamically loaded 22921 datas"
DEBUG | 2026/06/01 06:51:14.491092 | [Dataset Load] -> "Loading datasets from data/train"
DEBUG | 2026/06/01 06:51:14.491625 | [Dataset Load] -> "Loading datasets from class Atelectasis"
DEBUG | 2026/06/01 06:51:14.504381 | [Dataset Load] -> "Loading datasets from class Cardiomegaly"
DEBUG | 2026/06/01 06:51:14.507199 | [Dataset Load] -> "Loading datasets from class Consolidation"
DEBUG | 2026/06/01 06:51:14.511146 | [Dataset Load] -> "Loading datasets from class Edema"
DEBUG | 2026/06/01 06:51:14.516299 | [Dataset Load] -> "Loading datasets from class Effusion"
DEBUG | 2026/06/01 06:51:14.521247 | [Dataset Load] -> "Loading datasets from class Emphysema"
DEBUG | 2026/06/01 06:51:14.523272 | [Dataset Load] -> "Loading datasets from class Fibrosis"
DEBUG | 2026/06/01 06:51:14.525559 | [Dataset Load] -> "Loading datasets from class Hernia"
DEBUG | 2026/06/01 06:51:14.525804 | [Dataset Load] -> "Loading datasets from class Infiltration"
DEBUG | 2026/06/01 06:51:14.532499 | [Dataset Load] -> "Loading datasets from class Mass"
DEBUG | 2026/06/01 06:51:14.538913 | [Dataset Load] -> "Loading datasets from class No Finding"
DEBUG | 2026/06/01 06:51:14.550883 | [Dataset Load] -> "Loading datasets from class Nodule"
DEBUG | 2026/06/01 06:51:14.555239 | [Dataset Load] -> "Loading datasets from class Pleural_Thickening"
DEBUG | 2026/06/01 06:51:14.558081 | [Dataset Load] -> "Loading datasets from class Pneumonia"
DEBUG | 2026/06/01 06:51:14.559637 | [Dataset Load] -> "Loading datasets from class Pneumothorax"
DEBUG | 2026/06/01 06:51:14.562151 | [Dataset Load] -> "Dynamically loaded 22921 datas"
DEBUG | 2026/06/01 07:01:29.904597 | [Dataset Load] -> "Loading datasets from data/train"
DEBUG | 2026/06/01 07:01:29.905230 | [Dataset Load] -> "Loading datasets from class Atelectasis"
DEBUG | 2026/06/01 07:01:29.918250 | [Dataset Load] -> "Loading datasets from class Cardiomegaly"
DEBUG | 2026/06/01 07:01:29.920939 | [Dataset Load] -> "Loading datasets from class Consolidation"
DEBUG | 2026/06/01 07:01:29.925166 | [Dataset Load] -> "Loading datasets from class Edema"
DEBUG | 2026/06/01 07:01:29.930393 | [Dataset Load] -> "Loading datasets from class Effusion"
DEBUG | 2026/06/01 07:01:29.935948 | [Dataset Load] -> "Loading datasets from class Emphysema"
DEBUG | 2026/06/01 07:01:29.937903 | [Dataset Load] -> "Loading datasets from class Fibrosis"
DEBUG | 2026/06/01 07:01:29.940208 | [Dataset Load] -> "Loading datasets from class Hernia"
DEBUG | 2026/06/01 07:01:29.940473 | [Dataset Load] -> "Loading datasets from class Infiltration"
DEBUG | 2026/06/01 07:01:29.947456 | [Dataset Load] -> "Loading datasets from class Mass"
DEBUG | 2026/06/01 07:01:29.953400 | [Dataset Load] -> "Loading datasets from class No Finding"
DEBUG | 2026/06/01 07:01:29.964618 | [Dataset Load] -> "Loading datasets from class Nodule"
DEBUG | 2026/06/01 07:01:29.969087 | [Dataset Load] -> "Loading datasets from class Pleural_Thickening"
DEBUG | 2026/06/01 07:01:29.971845 | [Dataset Load] -> "Loading datasets from class Pneumonia"
DEBUG | 2026/06/01 07:01:29.973329 | [Dataset Load] -> "Loading datasets from class Pneumothorax"
DEBUG | 2026/06/01 07:01:29.976118 | [Dataset Load] -> "Dynamically loaded 22921 datas"
DEBUG | 2026/06/01 07:11:43.999267 | [Dataset Load] -> "Loading datasets from data/train"
DEBUG | 2026/06/01 07:11:43.999810 | [Dataset Load] -> "Loading datasets from class Atelectasis"
DEBUG | 2026/06/01 07:11:44.012482 | [Dataset Load] -> "Loading datasets from class Cardiomegaly"
DEBUG | 2026/06/01 07:11:44.014997 | [Dataset Load] -> "Loading datasets from class Consolidation"
DEBUG | 2026/06/01 07:11:44.019097 | [Dataset Load] -> "Loading datasets from class Edema"
DEBUG | 2026/06/01 07:11:44.024356 | [Dataset Load] -> "Loading datasets from class Effusion"
DEBUG | 2026/06/01 07:11:44.029851 | [Dataset Load] -> "Loading datasets from class Emphysema"
DEBUG | 2026/06/01 07:11:44.031825 | [Dataset Load] -> "Loading datasets from class Fibrosis"
DEBUG | 2026/06/01 07:11:44.034144 | [Dataset Load] -> "Loading datasets from class Hernia"
DEBUG | 2026/06/01 07:11:44.034429 | [Dataset Load] -> "Loading datasets from class Infiltration"
DEBUG | 2026/06/01 07:11:44.041321 | [Dataset Load] -> "Loading datasets from class Mass"
DEBUG | 2026/06/01 07:11:44.047263 | [Dataset Load] -> "Loading datasets from class No Finding"
DEBUG | 2026/06/01 07:11:44.058556 | [Dataset Load] -> "Loading datasets from class Nodule"
DEBUG | 2026/06/01 07:11:44.062959 | [Dataset Load] -> "Loading datasets from class Pleural_Thickening"
DEBUG | 2026/06/01 07:11:44.065796 | [Dataset Load] -> "Loading datasets from class Pneumonia"
DEBUG | 2026/06/01 07:11:44.067332 | [Dataset Load] -> "Loading datasets from class Pneumothorax"
DEBUG | 2026/06/01 07:11:44.070097 | [Dataset Load] -> "Dynamically loaded 22921 datas"
DEBUG | 2026/06/01 07:21:58.049432 | [Dataset Load] -> "Loading datasets from data/train"
DEBUG | 2026/06/01 07:21:58.049985 | [Dataset Load] -> "Loading datasets from class Atelectasis"
DEBUG | 2026/06/01 07:21:58.062743 | [Dataset Load] -> "Loading datasets from class Cardiomegaly"
DEBUG | 2026/06/01 07:21:58.065334 | [Dataset Load] -> "Loading datasets from class Consolidation"
DEBUG | 2026/06/01 07:21:58.069419 | [Dataset Load] -> "Loading datasets from class Edema"
DEBUG | 2026/06/01 07:21:58.075303 | [Dataset Load] -> "Loading datasets from class Effusion"
DEBUG | 2026/06/01 07:21:58.081030 | [Dataset Load] -> "Loading datasets from class Emphysema"
DEBUG | 2026/06/01 07:21:58.082938 | [Dataset Load] -> "Loading datasets from class Fibrosis"
DEBUG | 2026/06/01 07:21:58.085151 | [Dataset Load] -> "Loading datasets from class Hernia"
DEBUG | 2026/06/01 07:21:58.085391 | [Dataset Load] -> "Loading datasets from class Infiltration"
DEBUG | 2026/06/01 07:21:58.092025 | [Dataset Load] -> "Loading datasets from class Mass"
DEBUG | 2026/06/01 07:21:58.097960 | [Dataset Load] -> "Loading datasets from class No Finding"
DEBUG | 2026/06/01 07:21:58.109547 | [Dataset Load] -> "Loading datasets from class Nodule"
DEBUG | 2026/06/01 07:21:58.113961 | [Dataset Load] -> "Loading datasets from class Pleural_Thickening"
DEBUG | 2026/06/01 07:21:58.116801 | [Dataset Load] -> "Loading datasets from class Pneumonia"
DEBUG | 2026/06/01 07:21:58.118323 | [Dataset Load] -> "Loading datasets from class Pneumothorax"
DEBUG | 2026/06/01 07:21:58.120918 | [Dataset Load] -> "Dynamically loaded 22921 datas"
DEBUG | 2026/06/01 07:32:11.879997 | [Dataset Load] -> "Loading datasets from data/train"
DEBUG | 2026/06/01 07:32:11.880585 | [Dataset Load] -> "Loading datasets from class Atelectasis"
DEBUG | 2026/06/01 07:32:11.893359 | [Dataset Load] -> "Loading datasets from class Cardiomegaly"
DEBUG | 2026/06/01 07:32:11.895799 | [Dataset Load] -> "Loading datasets from class Consolidation"
DEBUG | 2026/06/01 07:32:11.900329 | [Dataset Load] -> "Loading datasets from class Edema"
DEBUG | 2026/06/01 07:32:11.906951 | [Dataset Load] -> "Loading datasets from class Effusion"
DEBUG | 2026/06/01 07:32:11.914363 | [Dataset Load] -> "Loading datasets from class Emphysema"
DEBUG | 2026/06/01 07:32:11.916349 | [Dataset Load] -> "Loading datasets from class Fibrosis"
DEBUG | 2026/06/01 07:32:11.918592 | [Dataset Load] -> "Loading datasets from class Hernia"
DEBUG | 2026/06/01 07:32:11.918855 | [Dataset Load] -> "Loading datasets from class Infiltration"
DEBUG | 2026/06/01 07:32:11.926370 | [Dataset Load] -> "Loading datasets from class Mass"
DEBUG | 2026/06/01 07:32:11.932488 | [Dataset Load] -> "Loading datasets from class No Finding"
DEBUG | 2026/06/01 07:32:11.943911 | [Dataset Load] -> "Loading datasets from class Nodule"
DEBUG | 2026/06/01 07:32:11.948372 | [Dataset Load] -> "Loading datasets from class Pleural_Thickening"
DEBUG | 2026/06/01 07:32:11.951228 | [Dataset Load] -> "Loading datasets from class Pneumonia"
DEBUG | 2026/06/01 07:32:11.952695 | [Dataset Load] -> "Loading datasets from class Pneumothorax"
DEBUG | 2026/06/01 07:32:11.955231 | [Dataset Load] -> "Dynamically loaded 22921 datas"
DEBUG | 2026/06/01 07:42:26.600663 | [Dataset Load] -> "Loading datasets from data/train"
DEBUG | 2026/06/01 07:42:26.601268 | [Dataset Load] -> "Loading datasets from class Atelectasis"
DEBUG | 2026/06/01 07:42:26.615204 | [Dataset Load] -> "Loading datasets from class Cardiomegaly"
DEBUG | 2026/06/01 07:42:26.617807 | [Dataset Load] -> "Loading datasets from class Consolidation"
DEBUG | 2026/06/01 07:42:26.621940 | [Dataset Load] -> "Loading datasets from class Edema"
DEBUG | 2026/06/01 07:42:26.627355 | [Dataset Load] -> "Loading datasets from class Effusion"
DEBUG | 2026/06/01 07:42:26.632898 | [Dataset Load] -> "Loading datasets from class Emphysema"
DEBUG | 2026/06/01 07:42:26.634822 | [Dataset Load] -> "Loading datasets from class Fibrosis"
DEBUG | 2026/06/01 07:42:26.637682 | [Dataset Load] -> "Loading datasets from class Hernia"
DEBUG | 2026/06/01 07:42:26.637933 | [Dataset Load] -> "Loading datasets from class Infiltration"
DEBUG | 2026/06/01 07:42:26.645464 | [Dataset Load] -> "Loading datasets from class Mass"
DEBUG | 2026/06/01 07:42:26.651519 | [Dataset Load] -> "Loading datasets from class No Finding"
DEBUG | 2026/06/01 07:42:26.662883 | [Dataset Load] -> "Loading datasets from class Nodule"
DEBUG | 2026/06/01 07:42:26.667243 | [Dataset Load] -> "Loading datasets from class Pleural_Thickening"
DEBUG | 2026/06/01 07:42:26.669983 | [Dataset Load] -> "Loading datasets from class Pneumonia"
DEBUG | 2026/06/01 07:42:26.671492 | [Dataset Load] -> "Loading datasets from class Pneumothorax"
DEBUG | 2026/06/01 07:42:26.674052 | [Dataset Load] -> "Dynamically loaded 22921 datas"
DEBUG | 2026/06/01 07:52:41.489892 | [Dataset Load] -> "Loading datasets from data/train"
DEBUG | 2026/06/01 07:52:41.490459 | [Dataset Load] -> "Loading datasets from class Atelectasis"
DEBUG | 2026/06/01 07:52:41.503246 | [Dataset Load] -> "Loading datasets from class Cardiomegaly"
DEBUG | 2026/06/01 07:52:41.506033 | [Dataset Load] -> "Loading datasets from class Consolidation"
DEBUG | 2026/06/01 07:52:41.510062 | [Dataset Load] -> "Loading datasets from class Edema"
DEBUG | 2026/06/01 07:52:41.515309 | [Dataset Load] -> "Loading datasets from class Effusion"
DEBUG | 2026/06/01 07:52:41.520870 | [Dataset Load] -> "Loading datasets from class Emphysema"
DEBUG | 2026/06/01 07:52:41.522784 | [Dataset Load] -> "Loading datasets from class Fibrosis"
DEBUG | 2026/06/01 07:52:41.525014 | [Dataset Load] -> "Loading datasets from class Hernia"
DEBUG | 2026/06/01 07:52:41.525261 | [Dataset Load] -> "Loading datasets from class Infiltration"
DEBUG | 2026/06/01 07:52:41.532155 | [Dataset Load] -> "Loading datasets from class Mass"
DEBUG | 2026/06/01 07:52:41.538041 | [Dataset Load] -> "Loading datasets from class No Finding"
DEBUG | 2026/06/01 07:52:41.549272 | [Dataset Load] -> "Loading datasets from class Nodule"
DEBUG | 2026/06/01 07:52:41.553899 | [Dataset Load] -> "Loading datasets from class Pleural_Thickening"
DEBUG | 2026/06/01 07:52:41.556729 | [Dataset Load] -> "Loading datasets from class Pneumonia"
DEBUG | 2026/06/01 07:52:41.558207 | [Dataset Load] -> "Loading datasets from class Pneumothorax"
DEBUG | 2026/06/01 07:52:41.560783 | [Dataset Load] -> "Dynamically loaded 22921 datas"
DEBUG | 2026/06/01 08:02:56.897382 | [Dataset Load] -> "Loading datasets from data/train"
DEBUG | 2026/06/01 08:02:56.898021 | [Dataset Load] -> "Loading datasets from class Atelectasis"
DEBUG | 2026/06/01 08:02:56.910814 | [Dataset Load] -> "Loading datasets from class Cardiomegaly"
DEBUG | 2026/06/01 08:02:56.913553 | [Dataset Load] -> "Loading datasets from class Consolidation"
DEBUG | 2026/06/01 08:02:56.917557 | [Dataset Load] -> "Loading datasets from class Edema"
DEBUG | 2026/06/01 08:02:56.922897 | [Dataset Load] -> "Loading datasets from class Effusion"
DEBUG | 2026/06/01 08:02:56.928454 | [Dataset Load] -> "Loading datasets from class Emphysema"
DEBUG | 2026/06/01 08:02:56.930439 | [Dataset Load] -> "Loading datasets from class Fibrosis"
DEBUG | 2026/06/01 08:02:56.932701 | [Dataset Load] -> "Loading datasets from class Hernia"
DEBUG | 2026/06/01 08:02:56.932952 | [Dataset Load] -> "Loading datasets from class Infiltration"
DEBUG | 2026/06/01 08:02:57.031820 | [Dataset Load] -> "Loading datasets from class Mass"
DEBUG | 2026/06/01 08:02:57.038818 | [Dataset Load] -> "Loading datasets from class No Finding"
DEBUG | 2026/06/01 08:02:57.050145 | [Dataset Load] -> "Loading datasets from class Nodule"
DEBUG | 2026/06/01 08:02:57.054510 | [Dataset Load] -> "Loading datasets from class Pleural_Thickening"
DEBUG | 2026/06/01 08:02:57.057492 | [Dataset Load] -> "Loading datasets from class Pneumonia"
DEBUG | 2026/06/01 08:02:57.059034 | [Dataset Load] -> "Loading datasets from class Pneumothorax"
DEBUG | 2026/06/01 08:02:57.061514 | [Dataset Load] -> "Dynamically loaded 22921 datas"
DEBUG | 2026/06/01 08:13:12.833812 | [Dataset Load] -> "Loading datasets from data/train"
DEBUG | 2026/06/01 08:13:12.834405 | [Dataset Load] -> "Loading datasets from class Atelectasis"
DEBUG | 2026/06/01 08:13:12.847225 | [Dataset Load] -> "Loading datasets from class Cardiomegaly"
DEBUG | 2026/06/01 08:13:12.849847 | [Dataset Load] -> "Loading datasets from class Consolidation"
DEBUG | 2026/06/01 08:13:12.853766 | [Dataset Load] -> "Loading datasets from class Edema"
DEBUG | 2026/06/01 08:13:12.859207 | [Dataset Load] -> "Loading datasets from class Effusion"
DEBUG | 2026/06/01 08:13:12.864780 | [Dataset Load] -> "Loading datasets from class Emphysema"
DEBUG | 2026/06/01 08:13:12.866690 | [Dataset Load] -> "Loading datasets from class Fibrosis"
DEBUG | 2026/06/01 08:13:12.868938 | [Dataset Load] -> "Loading datasets from class Hernia"
DEBUG | 2026/06/01 08:13:12.869194 | [Dataset Load] -> "Loading datasets from class Infiltration"
DEBUG | 2026/06/01 08:13:12.876112 | [Dataset Load] -> "Loading datasets from class Mass"
DEBUG | 2026/06/01 08:13:12.882205 | [Dataset Load] -> "Loading datasets from class No Finding"
DEBUG | 2026/06/01 08:13:12.893615 | [Dataset Load] -> "Loading datasets from class Nodule"
DEBUG | 2026/06/01 08:13:12.898090 | [Dataset Load] -> "Loading datasets from class Pleural_Thickening"
DEBUG | 2026/06/01 08:13:12.900957 | [Dataset Load] -> "Loading datasets from class Pneumonia"
DEBUG | 2026/06/01 08:13:12.902476 | [Dataset Load] -> "Loading datasets from class Pneumothorax"
DEBUG | 2026/06/01 08:13:12.905071 | [Dataset Load] -> "Dynamically loaded 22921 datas"
DEBUG | 2026/06/01 08:23:28.349621 | [Dataset Load] -> "Loading datasets from data/train"
DEBUG | 2026/06/01 08:23:28.350193 | [Dataset Load] -> "Loading datasets from class Atelectasis"
DEBUG | 2026/06/01 08:23:28.364031 | [Dataset Load] -> "Loading datasets from class Cardiomegaly"
DEBUG | 2026/06/01 08:23:28.366691 | [Dataset Load] -> "Loading datasets from class Consolidation"
DEBUG | 2026/06/01 08:23:28.370698 | [Dataset Load] -> "Loading datasets from class Edema"
DEBUG | 2026/06/01 08:23:28.376040 | [Dataset Load] -> "Loading datasets from class Effusion"
DEBUG | 2026/06/01 08:23:28.381519 | [Dataset Load] -> "Loading datasets from class Emphysema"
DEBUG | 2026/06/01 08:23:28.383505 | [Dataset Load] -> "Loading datasets from class Fibrosis"
DEBUG | 2026/06/01 08:23:28.385750 | [Dataset Load] -> "Loading datasets from class Hernia"
DEBUG | 2026/06/01 08:23:28.386000 | [Dataset Load] -> "Loading datasets from class Infiltration"
DEBUG | 2026/06/01 08:23:28.392958 | [Dataset Load] -> "Loading datasets from class Mass"
DEBUG | 2026/06/01 08:23:28.398959 | [Dataset Load] -> "Loading datasets from class No Finding"
DEBUG | 2026/06/01 08:23:28.410475 | [Dataset Load] -> "Loading datasets from class Nodule"
DEBUG | 2026/06/01 08:23:28.414847 | [Dataset Load] -> "Loading datasets from class Pleural_Thickening"
DEBUG | 2026/06/01 08:23:28.417858 | [Dataset Load] -> "Loading datasets from class Pneumonia"
DEBUG | 2026/06/01 08:23:28.419354 | [Dataset Load] -> "Loading datasets from class Pneumothorax"
DEBUG | 2026/06/01 08:23:28.421892 | [Dataset Load] -> "Dynamically loaded 22921 datas"
DEBUG | 2026/06/01 08:33:43.789084 | [Dataset Load] -> "Loading datasets from data/train"
DEBUG | 2026/06/01 08:33:43.789639 | [Dataset Load] -> "Loading datasets from class Atelectasis"
DEBUG | 2026/06/01 08:33:43.802578 | [Dataset Load] -> "Loading datasets from class Cardiomegaly"
DEBUG | 2026/06/01 08:33:43.805289 | [Dataset Load] -> "Loading datasets from class Consolidation"
DEBUG | 2026/06/01 08:33:43.809258 | [Dataset Load] -> "Loading datasets from class Edema"
DEBUG | 2026/06/01 08:33:43.814562 | [Dataset Load] -> "Loading datasets from class Effusion"
DEBUG | 2026/06/01 08:33:43.820081 | [Dataset Load] -> "Loading datasets from class Emphysema"
DEBUG | 2026/06/01 08:33:43.822054 | [Dataset Load] -> "Loading datasets from class Fibrosis"
DEBUG | 2026/06/01 08:33:43.824320 | [Dataset Load] -> "Loading datasets from class Hernia"
DEBUG | 2026/06/01 08:33:43.824570 | [Dataset Load] -> "Loading datasets from class Infiltration"
DEBUG | 2026/06/01 08:33:43.831282 | [Dataset Load] -> "Loading datasets from class Mass"
DEBUG | 2026/06/01 08:33:43.837179 | [Dataset Load] -> "Loading datasets from class No Finding"
DEBUG | 2026/06/01 08:33:43.848423 | [Dataset Load] -> "Loading datasets from class Nodule"
DEBUG | 2026/06/01 08:33:43.852862 | [Dataset Load] -> "Loading datasets from class Pleural_Thickening"
DEBUG | 2026/06/01 08:33:43.855770 | [Dataset Load] -> "Loading datasets from class Pneumonia"
DEBUG | 2026/06/01 08:33:43.857265 | [Dataset Load] -> "Loading datasets from class Pneumothorax"
DEBUG | 2026/06/01 08:33:43.980330 | [Dataset Load] -> "Dynamically loaded 22921 datas"
DEBUG | 2026/06/01 08:43:57.829517 | [Dataset Load] -> "Loading datasets from data/train"
DEBUG | 2026/06/01 08:43:57.830113 | [Dataset Load] -> "Loading datasets from class Atelectasis"
DEBUG | 2026/06/01 08:43:57.842906 | [Dataset Load] -> "Loading datasets from class Cardiomegaly"
DEBUG | 2026/06/01 08:43:57.845431 | [Dataset Load] -> "Loading datasets from class Consolidation"
DEBUG | 2026/06/01 08:43:57.849346 | [Dataset Load] -> "Loading datasets from class Edema"
DEBUG | 2026/06/01 08:43:57.854569 | [Dataset Load] -> "Loading datasets from class Effusion"
DEBUG | 2026/06/01 08:43:57.860250 | [Dataset Load] -> "Loading datasets from class Emphysema"
DEBUG | 2026/06/01 08:43:57.862206 | [Dataset Load] -> "Loading datasets from class Fibrosis"
DEBUG | 2026/06/01 08:43:57.864440 | [Dataset Load] -> "Loading datasets from class Hernia"
DEBUG | 2026/06/01 08:43:57.864687 | [Dataset Load] -> "Loading datasets from class Infiltration"
DEBUG | 2026/06/01 08:43:57.871276 | [Dataset Load] -> "Loading datasets from class Mass"
DEBUG | 2026/06/01 08:43:57.877310 | [Dataset Load] -> "Loading datasets from class No Finding"
DEBUG | 2026/06/01 08:43:57.888862 | [Dataset Load] -> "Loading datasets from class Nodule"
DEBUG | 2026/06/01 08:43:57.893267 | [Dataset Load] -> "Loading datasets from class Pleural_Thickening"
DEBUG | 2026/06/01 08:43:57.896053 | [Dataset Load] -> "Loading datasets from class Pneumonia"
DEBUG | 2026/06/01 08:43:57.897522 | [Dataset Load] -> "Loading datasets from class Pneumothorax"
DEBUG | 2026/06/01 08:43:57.900046 | [Dataset Load] -> "Dynamically loaded 22921 datas"
DEBUG | 2026/06/01 08:54:14.966579 | [Dataset Load] -> "Loading datasets from data/train"
DEBUG | 2026/06/01 08:54:14.967340 | [Dataset Load] -> "Loading datasets from class Atelectasis"
DEBUG | 2026/06/01 08:54:14.980202 | [Dataset Load] -> "Loading datasets from class Cardiomegaly"
DEBUG | 2026/06/01 08:54:14.982772 | [Dataset Load] -> "Loading datasets from class Consolidation"
DEBUG | 2026/06/01 08:54:14.986986 | [Dataset Load] -> "Loading datasets from class Edema"
DEBUG | 2026/06/01 08:54:14.992215 | [Dataset Load] -> "Loading datasets from class Effusion"
DEBUG | 2026/06/01 08:54:14.997762 | [Dataset Load] -> "Loading datasets from class Emphysema"
DEBUG | 2026/06/01 08:54:14.999690 | [Dataset Load] -> "Loading datasets from class Fibrosis"
DEBUG | 2026/06/01 08:54:15.001924 | [Dataset Load] -> "Loading datasets from class Hernia"
DEBUG | 2026/06/01 08:54:15.002169 | [Dataset Load] -> "Loading datasets from class Infiltration"
DEBUG | 2026/06/01 08:54:15.008999 | [Dataset Load] -> "Loading datasets from class Mass"
DEBUG | 2026/06/01 08:54:15.014888 | [Dataset Load] -> "Loading datasets from class No Finding"
DEBUG | 2026/06/01 08:54:15.026976 | [Dataset Load] -> "Loading datasets from class Nodule"
DEBUG | 2026/06/01 08:54:15.031281 | [Dataset Load] -> "Loading datasets from class Pleural_Thickening"
DEBUG | 2026/06/01 08:54:15.034067 | [Dataset Load] -> "Loading datasets from class Pneumonia"
DEBUG | 2026/06/01 08:54:15.035630 | [Dataset Load] -> "Loading datasets from class Pneumothorax"
DEBUG | 2026/06/01 08:54:15.038335 | [Dataset Load] -> "Dynamically loaded 22921 datas"
DEBUG | 2026/06/01 09:04:30.182912 | [Dataset Load] -> "Loading datasets from data/train"
DEBUG | 2026/06/01 09:04:30.183396 | [Dataset Load] -> "Loading datasets from class Atelectasis"
DEBUG | 2026/06/01 09:04:30.195764 | [Dataset Load] -> "Loading datasets from class Cardiomegaly"
DEBUG | 2026/06/01 09:04:30.198279 | [Dataset Load] -> "Loading datasets from class Consolidation"
DEBUG | 2026/06/01 09:04:30.202397 | [Dataset Load] -> "Loading datasets from class Edema"
DEBUG | 2026/06/01 09:04:30.207599 | [Dataset Load] -> "Loading datasets from class Effusion"
DEBUG | 2026/06/01 09:04:30.213137 | [Dataset Load] -> "Loading datasets from class Emphysema"
DEBUG | 2026/06/01 09:04:30.215060 | [Dataset Load] -> "Loading datasets from class Fibrosis"
DEBUG | 2026/06/01 09:04:30.217294 | [Dataset Load] -> "Loading datasets from class Hernia"
DEBUG | 2026/06/01 09:04:30.217526 | [Dataset Load] -> "Loading datasets from class Infiltration"
DEBUG | 2026/06/01 09:04:30.224255 | [Dataset Load] -> "Loading datasets from class Mass"
DEBUG | 2026/06/01 09:04:30.230129 | [Dataset Load] -> "Loading datasets from class No Finding"
DEBUG | 2026/06/01 09:04:30.241582 | [Dataset Load] -> "Loading datasets from class Nodule"
DEBUG | 2026/06/01 09:04:30.245968 | [Dataset Load] -> "Loading datasets from class Pleural_Thickening"
DEBUG | 2026/06/01 09:04:30.248674 | [Dataset Load] -> "Loading datasets from class Pneumonia"
DEBUG | 2026/06/01 09:04:30.250236 | [Dataset Load] -> "Loading datasets from class Pneumothorax"
DEBUG | 2026/06/01 09:04:30.252951 | [Dataset Load] -> "Dynamically loaded 22921 datas"
DEBUG | 2026/06/01 09:14:44.710337 | [Dataset Load] -> "Loading datasets from data/train"
DEBUG | 2026/06/01 09:14:44.710867 | [Dataset Load] -> "Loading datasets from class Atelectasis"
DEBUG | 2026/06/01 09:14:44.723664 | [Dataset Load] -> "Loading datasets from class Cardiomegaly"
DEBUG | 2026/06/01 09:14:44.726184 | [Dataset Load] -> "Loading datasets from class Consolidation"
DEBUG | 2026/06/01 09:14:44.730096 | [Dataset Load] -> "Loading datasets from class Edema"
DEBUG | 2026/06/01 09:14:44.735315 | [Dataset Load] -> "Loading datasets from class Effusion"
DEBUG | 2026/06/01 09:14:44.741011 | [Dataset Load] -> "Loading datasets from class Emphysema"
DEBUG | 2026/06/01 09:14:44.743017 | [Dataset Load] -> "Loading datasets from class Fibrosis"
DEBUG | 2026/06/01 09:14:44.745285 | [Dataset Load] -> "Loading datasets from class Hernia"
DEBUG | 2026/06/01 09:14:44.745546 | [Dataset Load] -> "Loading datasets from class Infiltration"
DEBUG | 2026/06/01 09:14:44.752102 | [Dataset Load] -> "Loading datasets from class Mass"
DEBUG | 2026/06/01 09:14:44.757908 | [Dataset Load] -> "Loading datasets from class No Finding"
DEBUG | 2026/06/01 09:14:44.769298 | [Dataset Load] -> "Loading datasets from class Nodule"
DEBUG | 2026/06/01 09:14:44.772888 | [Dataset Load] -> "Loading datasets from class Pleural_Thickening"
DEBUG | 2026/06/01 09:14:44.775855 | [Dataset Load] -> "Loading datasets from class Pneumonia"
DEBUG | 2026/06/01 09:14:44.777391 | [Dataset Load] -> "Loading datasets from class Pneumothorax"
DEBUG | 2026/06/01 09:14:44.780055 | [Dataset Load] -> "Dynamically loaded 22921 datas"
DEBUG | 2026/06/01 09:25:00.430945 | [Dataset Load] -> "Loading datasets from data/train"
DEBUG | 2026/06/01 09:25:00.431474 | [Dataset Load] -> "Loading datasets from class Atelectasis"
DEBUG | 2026/06/01 09:25:00.444198 | [Dataset Load] -> "Loading datasets from class Cardiomegaly"
DEBUG | 2026/06/01 09:25:00.446741 | [Dataset Load] -> "Loading datasets from class Consolidation"
DEBUG | 2026/06/01 09:25:00.450613 | [Dataset Load] -> "Loading datasets from class Edema"
DEBUG | 2026/06/01 09:25:00.456094 | [Dataset Load] -> "Loading datasets from class Effusion"
DEBUG | 2026/06/01 09:25:00.461774 | [Dataset Load] -> "Loading datasets from class Emphysema"
DEBUG | 2026/06/01 09:25:00.463806 | [Dataset Load] -> "Loading datasets from class Fibrosis"
DEBUG | 2026/06/01 09:25:00.466086 | [Dataset Load] -> "Loading datasets from class Hernia"
DEBUG | 2026/06/01 09:25:00.466334 | [Dataset Load] -> "Loading datasets from class Infiltration"
DEBUG | 2026/06/01 09:25:00.472939 | [Dataset Load] -> "Loading datasets from class Mass"
DEBUG | 2026/06/01 09:25:00.479075 | [Dataset Load] -> "Loading datasets from class No Finding"
DEBUG | 2026/06/01 09:25:00.490525 | [Dataset Load] -> "Loading datasets from class Nodule"
DEBUG | 2026/06/01 09:25:00.494881 | [Dataset Load] -> "Loading datasets from class Pleural_Thickening"
DEBUG | 2026/06/01 09:25:00.497933 | [Dataset Load] -> "Loading datasets from class Pneumonia"
DEBUG | 2026/06/01 09:25:00.499524 | [Dataset Load] -> "Loading datasets from class Pneumothorax"
DEBUG | 2026/06/01 09:25:00.502089 | [Dataset Load] -> "Dynamically loaded 22921 datas"
DEBUG | 2026/06/01 09:35:15.530107 | [Dataset Load] -> "Loading datasets from data/train"
DEBUG | 2026/06/01 09:35:15.530704 | [Dataset Load] -> "Loading datasets from class Atelectasis"
DEBUG | 2026/06/01 09:35:15.543369 | [Dataset Load] -> "Loading datasets from class Cardiomegaly"
DEBUG | 2026/06/01 09:35:15.545889 | [Dataset Load] -> "Loading datasets from class Consolidation"
DEBUG | 2026/06/01 09:35:15.549846 | [Dataset Load] -> "Loading datasets from class Edema"
DEBUG | 2026/06/01 09:35:15.555362 | [Dataset Load] -> "Loading datasets from class Effusion"
DEBUG | 2026/06/01 09:35:15.560897 | [Dataset Load] -> "Loading datasets from class Emphysema"
DEBUG | 2026/06/01 09:35:15.562839 | [Dataset Load] -> "Loading datasets from class Fibrosis"
DEBUG | 2026/06/01 09:35:15.565072 | [Dataset Load] -> "Loading datasets from class Hernia"
DEBUG | 2026/06/01 09:35:15.565318 | [Dataset Load] -> "Loading datasets from class Infiltration"
DEBUG | 2026/06/01 09:35:15.571862 | [Dataset Load] -> "Loading datasets from class Mass"
DEBUG | 2026/06/01 09:35:15.577892 | [Dataset Load] -> "Loading datasets from class No Finding"
DEBUG | 2026/06/01 09:35:15.589266 | [Dataset Load] -> "Loading datasets from class Nodule"
DEBUG | 2026/06/01 09:35:15.593513 | [Dataset Load] -> "Loading datasets from class Pleural_Thickening"
DEBUG | 2026/06/01 09:35:15.596335 | [Dataset Load] -> "Loading datasets from class Pneumonia"
DEBUG | 2026/06/01 09:35:15.597882 | [Dataset Load] -> "Loading datasets from class Pneumothorax"
DEBUG | 2026/06/01 09:35:15.600466 | [Dataset Load] -> "Dynamically loaded 22921 datas"
DEBUG | 2026/06/01 09:45:30.330340 | [Dataset Load] -> "Loading datasets from data/train"
DEBUG | 2026/06/01 09:45:30.330964 | [Dataset Load] -> "Loading datasets from class Atelectasis"
DEBUG | 2026/06/01 09:45:30.343859 | [Dataset Load] -> "Loading datasets from class Cardiomegaly"
DEBUG | 2026/06/01 09:45:30.346538 | [Dataset Load] -> "Loading datasets from class Consolidation"
DEBUG | 2026/06/01 09:45:30.350539 | [Dataset Load] -> "Loading datasets from class Edema"
DEBUG | 2026/06/01 09:45:30.355980 | [Dataset Load] -> "Loading datasets from class Effusion"
DEBUG | 2026/06/01 09:45:30.361610 | [Dataset Load] -> "Loading datasets from class Emphysema"
DEBUG | 2026/06/01 09:45:30.363548 | [Dataset Load] -> "Loading datasets from class Fibrosis"
DEBUG | 2026/06/01 09:45:30.365790 | [Dataset Load] -> "Loading datasets from class Hernia"
DEBUG | 2026/06/01 09:45:30.366041 | [Dataset Load] -> "Loading datasets from class Infiltration"
DEBUG | 2026/06/01 09:45:30.372736 | [Dataset Load] -> "Loading datasets from class Mass"
DEBUG | 2026/06/01 09:45:30.378591 | [Dataset Load] -> "Loading datasets from class No Finding"
DEBUG | 2026/06/01 09:45:30.390132 | [Dataset Load] -> "Loading datasets from class Nodule"
DEBUG | 2026/06/01 09:45:30.394704 | [Dataset Load] -> "Loading datasets from class Pleural_Thickening"
DEBUG | 2026/06/01 09:45:30.397665 | [Dataset Load] -> "Loading datasets from class Pneumonia"
DEBUG | 2026/06/01 09:45:30.399142 | [Dataset Load] -> "Loading datasets from class Pneumothorax"
DEBUG | 2026/06/01 09:45:30.401681 | [Dataset Load] -> "Dynamically loaded 22921 datas"
DEBUG | 2026/06/01 09:55:54.251759 | [Dataset Load] -> "Loading datasets from data/train"
DEBUG | 2026/06/01 09:55:54.252365 | [Dataset Load] -> "Loading datasets from class Atelectasis"
DEBUG | 2026/06/01 09:55:54.265213 | [Dataset Load] -> "Loading datasets from class Cardiomegaly"
DEBUG | 2026/06/01 09:55:54.268019 | [Dataset Load] -> "Loading datasets from class Consolidation"
DEBUG | 2026/06/01 09:55:54.272123 | [Dataset Load] -> "Loading datasets from class Edema"
DEBUG | 2026/06/01 09:55:54.277469 | [Dataset Load] -> "Loading datasets from class Effusion"
DEBUG | 2026/06/01 09:55:54.283863 | [Dataset Load] -> "Loading datasets from class Emphysema"
DEBUG | 2026/06/01 09:55:54.285797 | [Dataset Load] -> "Loading datasets from class Fibrosis"
DEBUG | 2026/06/01 09:55:54.288025 | [Dataset Load] -> "Loading datasets from class Hernia"
DEBUG | 2026/06/01 09:55:54.288266 | [Dataset Load] -> "Loading datasets from class Infiltration"
DEBUG | 2026/06/01 09:55:54.415707 | [Dataset Load] -> "Loading datasets from class Mass"
DEBUG | 2026/06/01 09:55:54.421847 | [Dataset Load] -> "Loading datasets from class No Finding"
DEBUG | 2026/06/01 09:55:54.432385 | [Dataset Load] -> "Loading datasets from class Nodule"
DEBUG | 2026/06/01 09:55:54.436655 | [Dataset Load] -> "Loading datasets from class Pleural_Thickening"
DEBUG | 2026/06/01 09:55:54.439608 | [Dataset Load] -> "Loading datasets from class Pneumonia"
DEBUG | 2026/06/01 09:55:54.441126 | [Dataset Load] -> "Loading datasets from class Pneumothorax"
DEBUG | 2026/06/01 09:55:54.443695 | [Dataset Load] -> "Dynamically loaded 22921 datas"
DEBUG | 2026/06/01 10:06:18.346229 | [Dataset Load] -> "Loading datasets from data/train"
DEBUG | 2026/06/01 10:06:18.346806 | [Dataset Load] -> "Loading datasets from class Atelectasis"
DEBUG | 2026/06/01 10:06:18.359148 | [Dataset Load] -> "Loading datasets from class Cardiomegaly"
DEBUG | 2026/06/01 10:06:18.361667 | [Dataset Load] -> "Loading datasets from class Consolidation"
DEBUG | 2026/06/01 10:06:18.365590 | [Dataset Load] -> "Loading datasets from class Edema"
DEBUG | 2026/06/01 10:06:18.370946 | [Dataset Load] -> "Loading datasets from class Effusion"
DEBUG | 2026/06/01 10:06:18.376574 | [Dataset Load] -> "Loading datasets from class Emphysema"
DEBUG | 2026/06/01 10:06:18.378544 | [Dataset Load] -> "Loading datasets from class Fibrosis"
DEBUG | 2026/06/01 10:06:18.380788 | [Dataset Load] -> "Loading datasets from class Hernia"
DEBUG | 2026/06/01 10:06:18.381051 | [Dataset Load] -> "Loading datasets from class Infiltration"
DEBUG | 2026/06/01 10:06:18.388931 | [Dataset Load] -> "Loading datasets from class Mass"
DEBUG | 2026/06/01 10:06:18.394906 | [Dataset Load] -> "Loading datasets from class No Finding"
DEBUG | 2026/06/01 10:06:18.406522 | [Dataset Load] -> "Loading datasets from class Nodule"
DEBUG | 2026/06/01 10:06:18.410786 | [Dataset Load] -> "Loading datasets from class Pleural_Thickening"
DEBUG | 2026/06/01 10:06:18.413701 | [Dataset Load] -> "Loading datasets from class Pneumonia"
DEBUG | 2026/06/01 10:06:18.415268 | [Dataset Load] -> "Loading datasets from class Pneumothorax"
DEBUG | 2026/06/01 10:06:18.417730 | [Dataset Load] -> "Dynamically loaded 22921 datas"
DEBUG | 2026/06/01 10:16:38.474758 | [Dataset Load] -> "Loading datasets from data/train"
DEBUG | 2026/06/01 10:16:38.475394 | [Dataset Load] -> "Loading datasets from class Atelectasis"
DEBUG | 2026/06/01 10:16:38.488202 | [Dataset Load] -> "Loading datasets from class Cardiomegaly"
DEBUG | 2026/06/01 10:16:38.490888 | [Dataset Load] -> "Loading datasets from class Consolidation"
DEBUG | 2026/06/01 10:16:38.494805 | [Dataset Load] -> "Loading datasets from class Edema"
DEBUG | 2026/06/01 10:16:38.499068 | [Dataset Load] -> "Loading datasets from class Effusion"
DEBUG | 2026/06/01 10:16:38.505198 | [Dataset Load] -> "Loading datasets from class Emphysema"
DEBUG | 2026/06/01 10:16:38.507123 | [Dataset Load] -> "Loading datasets from class Fibrosis"
DEBUG | 2026/06/01 10:16:38.509355 | [Dataset Load] -> "Loading datasets from class Hernia"
DEBUG | 2026/06/01 10:16:38.509433 | [Dataset Load] -> "Loading datasets from class Infiltration"
DEBUG | 2026/06/01 10:16:38.516074 | [Dataset Load] -> "Loading datasets from class Mass"
DEBUG | 2026/06/01 10:16:38.521730 | [Dataset Load] -> "Loading datasets from class No Finding"
DEBUG | 2026/06/01 10:16:38.533412 | [Dataset Load] -> "Loading datasets from class Nodule"
DEBUG | 2026/06/01 10:16:38.537695 | [Dataset Load] -> "Loading datasets from class Pleural_Thickening"
DEBUG | 2026/06/01 10:16:38.539432 | [Dataset Load] -> "Loading datasets from class Pneumonia"
DEBUG | 2026/06/01 10:16:38.541507 | [Dataset Load] -> "Loading datasets from class Pneumothorax"
DEBUG | 2026/06/01 10:16:38.544051 | [Dataset Load] -> "Dynamically loaded 22921 datas"
DEBUG | 2026/06/01 10:26:51.967069 | [Dataset Load] -> "Loading datasets from data/train"
DEBUG | 2026/06/01 10:26:51.967632 | [Dataset Load] -> "Loading datasets from class Atelectasis"
DEBUG | 2026/06/01 10:26:51.980241 | [Dataset Load] -> "Loading datasets from class Cardiomegaly"
DEBUG | 2026/06/01 10:26:51.982829 | [Dataset Load] -> "Loading datasets from class Consolidation"
DEBUG | 2026/06/01 10:26:51.986721 | [Dataset Load] -> "Loading datasets from class Edema"
DEBUG | 2026/06/01 10:26:51.991889 | [Dataset Load] -> "Loading datasets from class Effusion"
DEBUG | 2026/06/01 10:26:51.997525 | [Dataset Load] -> "Loading datasets from class Emphysema"
DEBUG | 2026/06/01 10:26:51.999433 | [Dataset Load] -> "Loading datasets from class Fibrosis"
DEBUG | 2026/06/01 10:26:52.001760 | [Dataset Load] -> "Loading datasets from class Hernia"
DEBUG | 2026/06/01 10:26:52.002006 | [Dataset Load] -> "Loading datasets from class Infiltration"
DEBUG | 2026/06/01 10:26:52.008698 | [Dataset Load] -> "Loading datasets from class Mass"
DEBUG | 2026/06/01 10:26:52.014567 | [Dataset Load] -> "Loading datasets from class No Finding"
DEBUG | 2026/06/01 10:26:52.026009 | [Dataset Load] -> "Loading datasets from class Nodule"
DEBUG | 2026/06/01 10:26:52.030351 | [Dataset Load] -> "Loading datasets from class Pleural_Thickening"
DEBUG | 2026/06/01 10:26:52.033278 | [Dataset Load] -> "Loading datasets from class Pneumonia"
DEBUG | 2026/06/01 10:26:52.034787 | [Dataset Load] -> "Loading datasets from class Pneumothorax"
DEBUG | 2026/06/01 10:26:52.144001 | [Dataset Load] -> "Dynamically loaded 22921 datas"
DEBUG | 2026/06/01 10:37:06.884598 | [Dataset Load] -> "Loading datasets from data/train"
DEBUG | 2026/06/01 10:37:06.885263 | [Dataset Load] -> "Loading datasets from class Atelectasis"
DEBUG | 2026/06/01 10:37:06.897849 | [Dataset Load] -> "Loading datasets from class Cardiomegaly"
DEBUG | 2026/06/01 10:37:06.900303 | [Dataset Load] -> "Loading datasets from class Consolidation"
DEBUG | 2026/06/01 10:37:06.904179 | [Dataset Load] -> "Loading datasets from class Edema"
DEBUG | 2026/06/01 10:37:06.909256 | [Dataset Load] -> "Loading datasets from class Effusion"
DEBUG | 2026/06/01 10:37:06.915089 | [Dataset Load] -> "Loading datasets from class Emphysema"
DEBUG | 2026/06/01 10:37:06.916990 | [Dataset Load] -> "Loading datasets from class Fibrosis"
DEBUG | 2026/06/01 10:37:06.919227 | [Dataset Load] -> "Loading datasets from class Hernia"
DEBUG | 2026/06/01 10:37:06.919484 | [Dataset Load] -> "Loading datasets from class Infiltration"
DEBUG | 2026/06/01 10:37:06.926102 | [Dataset Load] -> "Loading datasets from class Mass"
DEBUG | 2026/06/01 10:37:06.932005 | [Dataset Load] -> "Loading datasets from class No Finding"
DEBUG | 2026/06/01 10:37:06.943684 | [Dataset Load] -> "Loading datasets from class Nodule"
DEBUG | 2026/06/01 10:37:06.948053 | [Dataset Load] -> "Loading datasets from class Pleural_Thickening"
DEBUG | 2026/06/01 10:37:06.950878 | [Dataset Load] -> "Loading datasets from class Pneumonia"
DEBUG | 2026/06/01 10:37:06.952391 | [Dataset Load] -> "Loading datasets from class Pneumothorax"
DEBUG | 2026/06/01 10:37:06.954999 | [Dataset Load] -> "Dynamically loaded 22921 datas"
DEBUG | 2026/06/01 10:47:21.124093 | [Dataset Load] -> "Loading datasets from data/train"
DEBUG | 2026/06/01 10:47:21.124762 | [Dataset Load] -> "Loading datasets from class Atelectasis"
DEBUG | 2026/06/01 10:47:21.137289 | [Dataset Load] -> "Loading datasets from class Cardiomegaly"
DEBUG | 2026/06/01 10:47:21.139824 | [Dataset Load] -> "Loading datasets from class Consolidation"
DEBUG | 2026/06/01 10:47:21.143949 | [Dataset Load] -> "Loading datasets from class Edema"
DEBUG | 2026/06/01 10:47:21.149157 | [Dataset Load] -> "Loading datasets from class Effusion"
DEBUG | 2026/06/01 10:47:21.154851 | [Dataset Load] -> "Loading datasets from class Emphysema"
DEBUG | 2026/06/01 10:47:21.156788 | [Dataset Load] -> "Loading datasets from class Fibrosis"
DEBUG | 2026/06/01 10:47:21.159011 | [Dataset Load] -> "Loading datasets from class Hernia"
DEBUG | 2026/06/01 10:47:21.159259 | [Dataset Load] -> "Loading datasets from class Infiltration"
DEBUG | 2026/06/01 10:47:21.165994 | [Dataset Load] -> "Loading datasets from class Mass"
DEBUG | 2026/06/01 10:47:21.171816 | [Dataset Load] -> "Loading datasets from class No Finding"
DEBUG | 2026/06/01 10:47:21.183382 | [Dataset Load] -> "Loading datasets from class Nodule"
DEBUG | 2026/06/01 10:47:21.187667 | [Dataset Load] -> "Loading datasets from class Pleural_Thickening"
DEBUG | 2026/06/01 10:47:21.190423 | [Dataset Load] -> "Loading datasets from class Pneumonia"
DEBUG | 2026/06/01 10:47:21.191885 | [Dataset Load] -> "Loading datasets from class Pneumothorax"
DEBUG | 2026/06/01 10:47:21.194622 | [Dataset Load] -> "Dynamically loaded 22921 datas"
DEBUG | 2026/06/01 10:57:35.203878 | [Dataset Load] -> "Loading datasets from data/train"
DEBUG | 2026/06/01 10:57:35.204401 | [Dataset Load] -> "Loading datasets from class Atelectasis"
DEBUG | 2026/06/01 10:57:35.216889 | [Dataset Load] -> "Loading datasets from class Cardiomegaly"
DEBUG | 2026/06/01 10:57:35.219365 | [Dataset Load] -> "Loading datasets from class Consolidation"
DEBUG | 2026/06/01 10:57:35.223458 | [Dataset Load] -> "Loading datasets from class Edema"
DEBUG | 2026/06/01 10:57:35.228788 | [Dataset Load] -> "Loading datasets from class Effusion"
DEBUG | 2026/06/01 10:57:35.234370 | [Dataset Load] -> "Loading datasets from class Emphysema"
DEBUG | 2026/06/01 10:57:35.236300 | [Dataset Load] -> "Loading datasets from class Fibrosis"
DEBUG | 2026/06/01 10:57:35.238524 | [Dataset Load] -> "Loading datasets from class Hernia"
DEBUG | 2026/06/01 10:57:35.238767 | [Dataset Load] -> "Loading datasets from class Infiltration"
DEBUG | 2026/06/01 10:57:35.245897 | [Dataset Load] -> "Loading datasets from class Mass"
DEBUG | 2026/06/01 10:57:35.252781 | [Dataset Load] -> "Loading datasets from class No Finding"
DEBUG | 2026/06/01 10:57:35.264162 | [Dataset Load] -> "Loading datasets from class Nodule"
DEBUG | 2026/06/01 10:57:35.268488 | [Dataset Load] -> "Loading datasets from class Pleural_Thickening"
DEBUG | 2026/06/01 10:57:35.271390 | [Dataset Load] -> "Loading datasets from class Pneumonia"
DEBUG | 2026/06/01 10:57:35.272845 | [Dataset Load] -> "Loading datasets from class Pneumothorax"
DEBUG | 2026/06/01 10:57:35.275609 | [Dataset Load] -> "Dynamically loaded 22921 datas"
DEBUG | 2026/06/01 11:07:49.537741 | [Dataset Load] -> "Loading datasets from data/train"
DEBUG | 2026/06/01 11:07:49.538330 | [Dataset Load] -> "Loading datasets from class Atelectasis"
DEBUG | 2026/06/01 11:07:49.552451 | [Dataset Load] -> "Loading datasets from class Cardiomegaly"
DEBUG | 2026/06/01 11:07:49.554918 | [Dataset Load] -> "Loading datasets from class Consolidation"
DEBUG | 2026/06/01 11:07:49.558781 | [Dataset Load] -> "Loading datasets from class Edema"
DEBUG | 2026/06/01 11:07:49.563911 | [Dataset Load] -> "Loading datasets from class Effusion"
DEBUG | 2026/06/01 11:07:49.569763 | [Dataset Load] -> "Loading datasets from class Emphysema"
DEBUG | 2026/06/01 11:07:49.571726 | [Dataset Load] -> "Loading datasets from class Fibrosis"
DEBUG | 2026/06/01 11:07:49.574588 | [Dataset Load] -> "Loading datasets from class Hernia"
DEBUG | 2026/06/01 11:07:49.574835 | [Dataset Load] -> "Loading datasets from class Infiltration"
DEBUG | 2026/06/01 11:07:49.581496 | [Dataset Load] -> "Loading datasets from class Mass"
DEBUG | 2026/06/01 11:07:49.587335 | [Dataset Load] -> "Loading datasets from class No Finding"
DEBUG | 2026/06/01 11:07:49.599150 | [Dataset Load] -> "Loading datasets from class Nodule"
DEBUG | 2026/06/01 11:07:49.603412 | [Dataset Load] -> "Loading datasets from class Pleural_Thickening"
DEBUG | 2026/06/01 11:07:49.606163 | [Dataset Load] -> "Loading datasets from class Pneumonia"
DEBUG | 2026/06/01 11:07:49.607593 | [Dataset Load] -> "Loading datasets from class Pneumothorax"
DEBUG | 2026/06/01 11:07:49.610102 | [Dataset Load] -> "Dynamically loaded 22921 datas"
DEBUG | 2026/06/01 11:18:09.351698 | [Dataset Load] -> "Loading datasets from data/train"
DEBUG | 2026/06/01 11:18:09.352345 | [Dataset Load] -> "Loading datasets from class Atelectasis"
DEBUG | 2026/06/01 11:18:09.364824 | [Dataset Load] -> "Loading datasets from class Cardiomegaly"
DEBUG | 2026/06/01 11:18:09.367298 | [Dataset Load] -> "Loading datasets from class Consolidation"
DEBUG | 2026/06/01 11:18:09.371150 | [Dataset Load] -> "Loading datasets from class Edema"
DEBUG | 2026/06/01 11:18:09.376327 | [Dataset Load] -> "Loading datasets from class Effusion"
DEBUG | 2026/06/01 11:18:09.381907 | [Dataset Load] -> "Loading datasets from class Emphysema"
DEBUG | 2026/06/01 11:18:09.383835 | [Dataset Load] -> "Loading datasets from class Fibrosis"
DEBUG | 2026/06/01 11:18:09.386077 | [Dataset Load] -> "Loading datasets from class Hernia"
DEBUG | 2026/06/01 11:18:09.386354 | [Dataset Load] -> "Loading datasets from class Infiltration"
DEBUG | 2026/06/01 11:18:09.392997 | [Dataset Load] -> "Loading datasets from class Mass"
DEBUG | 2026/06/01 11:18:09.398996 | [Dataset Load] -> "Loading datasets from class No Finding"
DEBUG | 2026/06/01 11:18:09.410277 | [Dataset Load] -> "Loading datasets from class Nodule"
DEBUG | 2026/06/01 11:18:09.414800 | [Dataset Load] -> "Loading datasets from class Pleural_Thickening"
DEBUG | 2026/06/01 11:18:09.417797 | [Dataset Load] -> "Loading datasets from class Pneumonia"
DEBUG | 2026/06/01 11:18:09.419210 | [Dataset Load] -> "Loading datasets from class Pneumothorax"
DEBUG | 2026/06/01 11:18:09.421774 | [Dataset Load] -> "Dynamically loaded 22921 datas"
DEBUG | 2026/06/01 11:28:23.278019 | [Dataset Load] -> "Loading datasets from data/train"
DEBUG | 2026/06/01 11:28:23.278583 | [Dataset Load] -> "Loading datasets from class Atelectasis"
DEBUG | 2026/06/01 11:28:23.292316 | [Dataset Load] -> "Loading datasets from class Cardiomegaly"
DEBUG | 2026/06/01 11:28:23.295061 | [Dataset Load] -> "Loading datasets from class Consolidation"
DEBUG | 2026/06/01 11:28:23.298873 | [Dataset Load] -> "Loading datasets from class Edema"
DEBUG | 2026/06/01 11:28:23.304169 | [Dataset Load] -> "Loading datasets from class Effusion"
DEBUG | 2026/06/01 11:28:23.309834 | [Dataset Load] -> "Loading datasets from class Emphysema"
DEBUG | 2026/06/01 11:28:23.311727 | [Dataset Load] -> "Loading datasets from class Fibrosis"
DEBUG | 2026/06/01 11:28:23.313954 | [Dataset Load] -> "Loading datasets from class Hernia"
DEBUG | 2026/06/01 11:28:23.314190 | [Dataset Load] -> "Loading datasets from class Infiltration"
DEBUG | 2026/06/01 11:28:23.320667 | [Dataset Load] -> "Loading datasets from class Mass"
DEBUG | 2026/06/01 11:28:23.326684 | [Dataset Load] -> "Loading datasets from class No Finding"
DEBUG | 2026/06/01 11:28:23.338018 | [Dataset Load] -> "Loading datasets from class Nodule"
DEBUG | 2026/06/01 11:28:23.342261 | [Dataset Load] -> "Loading datasets from class Pleural_Thickening"
DEBUG | 2026/06/01 11:28:23.345103 | [Dataset Load] -> "Loading datasets from class Pneumonia"
DEBUG | 2026/06/01 11:28:23.346485 | [Dataset Load] -> "Loading datasets from class Pneumothorax"
DEBUG | 2026/06/01 11:28:23.348979 | [Dataset Load] -> "Dynamically loaded 22921 datas"
DEBUG | 2026/06/01 11:38:36.990781 | [Dataset Load] -> "Loading datasets from data/train"
DEBUG | 2026/06/01 11:38:36.991345 | [Dataset Load] -> "Loading datasets from class Atelectasis"
DEBUG | 2026/06/01 11:38:37.004215 | [Dataset Load] -> "Loading datasets from class Cardiomegaly"
DEBUG | 2026/06/01 11:38:37.006998 | [Dataset Load] -> "Loading datasets from class Consolidation"
DEBUG | 2026/06/01 11:38:37.010918 | [Dataset Load] -> "Loading datasets from class Edema"
DEBUG | 2026/06/01 11:38:37.016141 | [Dataset Load] -> "Loading datasets from class Effusion"
DEBUG | 2026/06/01 11:38:37.021873 | [Dataset Load] -> "Loading datasets from class Emphysema"
DEBUG | 2026/06/01 11:38:37.023893 | [Dataset Load] -> "Loading datasets from class Fibrosis"
DEBUG | 2026/06/01 11:38:37.026144 | [Dataset Load] -> "Loading datasets from class Hernia"
DEBUG | 2026/06/01 11:38:37.026391 | [Dataset Load] -> "Loading datasets from class Infiltration"
DEBUG | 2026/06/01 11:38:37.033167 | [Dataset Load] -> "Loading datasets from class Mass"
DEBUG | 2026/06/01 11:38:37.039055 | [Dataset Load] -> "Loading datasets from class No Finding"
DEBUG | 2026/06/01 11:38:37.050573 | [Dataset Load] -> "Loading datasets from class Nodule"
DEBUG | 2026/06/01 11:38:37.055067 | [Dataset Load] -> "Loading datasets from class Pleural_Thickening"
DEBUG | 2026/06/01 11:38:37.057851 | [Dataset Load] -> "Loading datasets from class Pneumonia"
DEBUG | 2026/06/01 11:38:37.059260 | [Dataset Load] -> "Loading datasets from class Pneumothorax"
DEBUG | 2026/06/01 11:38:37.061853 | [Dataset Load] -> "Dynamically loaded 22921 datas"
DEBUG | 2026/06/01 11:48:51.758023 | [Dataset Load] -> "Loading datasets from data/train"
DEBUG | 2026/06/01 11:48:51.758636 | [Dataset Load] -> "Loading datasets from class Atelectasis"
DEBUG | 2026/06/01 11:48:51.771477 | [Dataset Load] -> "Loading datasets from class Cardiomegaly"
DEBUG | 2026/06/01 11:48:51.774055 | [Dataset Load] -> "Loading datasets from class Consolidation"
DEBUG | 2026/06/01 11:48:51.777980 | [Dataset Load] -> "Loading datasets from class Edema"
DEBUG | 2026/06/01 11:48:51.783076 | [Dataset Load] -> "Loading datasets from class Effusion"
DEBUG | 2026/06/01 11:48:51.788758 | [Dataset Load] -> "Loading datasets from class Emphysema"
DEBUG | 2026/06/01 11:48:51.790701 | [Dataset Load] -> "Loading datasets from class Fibrosis"
DEBUG | 2026/06/01 11:48:51.792939 | [Dataset Load] -> "Loading datasets from class Hernia"
DEBUG | 2026/06/01 11:48:51.793185 | [Dataset Load] -> "Loading datasets from class Infiltration"
DEBUG | 2026/06/01 11:48:51.912009 | [Dataset Load] -> "Loading datasets from class Mass"
DEBUG | 2026/06/01 11:48:51.918481 | [Dataset Load] -> "Loading datasets from class No Finding"
DEBUG | 2026/06/01 11:48:51.929157 | [Dataset Load] -> "Loading datasets from class Nodule"
DEBUG | 2026/06/01 11:48:51.933466 | [Dataset Load] -> "Loading datasets from class Pleural_Thickening"
DEBUG | 2026/06/01 11:48:51.936551 | [Dataset Load] -> "Loading datasets from class Pneumonia"
DEBUG | 2026/06/01 11:48:51.938060 | [Dataset Load] -> "Loading datasets from class Pneumothorax"
DEBUG | 2026/06/01 11:48:51.940549 | [Dataset Load] -> "Dynamically loaded 22921 datas"
DEBUG | 2026/06/01 11:59:07.997136 | [Dataset Load] -> "Loading datasets from data/train"
DEBUG | 2026/06/01 11:59:07.997616 | [Dataset Load] -> "Loading datasets from class Atelectasis"
DEBUG | 2026/06/01 11:59:08.010289 | [Dataset Load] -> "Loading datasets from class Cardiomegaly"
DEBUG | 2026/06/01 11:59:08.012905 | [Dataset Load] -> "Loading datasets from class Consolidation"
DEBUG | 2026/06/01 11:59:08.016927 | [Dataset Load] -> "Loading datasets from class Edema"
DEBUG | 2026/06/01 11:59:08.022376 | [Dataset Load] -> "Loading datasets from class Effusion"
DEBUG | 2026/06/01 11:59:08.028074 | [Dataset Load] -> "Loading datasets from class Emphysema"
DEBUG | 2026/06/01 11:59:08.029982 | [Dataset Load] -> "Loading datasets from class Fibrosis"
DEBUG | 2026/06/01 11:59:08.032228 | [Dataset Load] -> "Loading datasets from class Hernia"
DEBUG | 2026/06/01 11:59:08.032462 | [Dataset Load] -> "Loading datasets from class Infiltration"
DEBUG | 2026/06/01 11:59:08.039023 | [Dataset Load] -> "Loading datasets from class Mass"
DEBUG | 2026/06/01 11:59:08.045010 | [Dataset Load] -> "Loading datasets from class No Finding"
DEBUG | 2026/06/01 11:59:08.056486 | [Dataset Load] -> "Loading datasets from class Nodule"
DEBUG | 2026/06/01 11:59:08.060881 | [Dataset Load] -> "Loading datasets from class Pleural_Thickening"
DEBUG | 2026/06/01 11:59:08.063835 | [Dataset Load] -> "Loading datasets from class Pneumonia"
DEBUG | 2026/06/01 11:59:08.065304 | [Dataset Load] -> "Loading datasets from class Pneumothorax"
DEBUG | 2026/06/01 11:59:08.067851 | [Dataset Load] -> "Dynamically loaded 22921 datas"
DEBUG | 2026/06/01 12:09:23.571254 | [Dataset Load] -> "Loading datasets from data/train"
DEBUG | 2026/06/01 12:09:23.571818 | [Dataset Load] -> "Loading datasets from class Atelectasis"
DEBUG | 2026/06/01 12:09:23.584546 | [Dataset Load] -> "Loading datasets from class Cardiomegaly"
DEBUG | 2026/06/01 12:09:23.587147 | [Dataset Load] -> "Loading datasets from class Consolidation"
DEBUG | 2026/06/01 12:09:23.591142 | [Dataset Load] -> "Loading datasets from class Edema"
DEBUG | 2026/06/01 12:09:23.596353 | [Dataset Load] -> "Loading datasets from class Effusion"
DEBUG | 2026/06/01 12:09:23.602049 | [Dataset Load] -> "Loading datasets from class Emphysema"
DEBUG | 2026/06/01 12:09:23.603985 | [Dataset Load] -> "Loading datasets from class Fibrosis"
DEBUG | 2026/06/01 12:09:23.606237 | [Dataset Load] -> "Loading datasets from class Hernia"
DEBUG | 2026/06/01 12:09:23.606483 | [Dataset Load] -> "Loading datasets from class Infiltration"
DEBUG | 2026/06/01 12:09:23.613275 | [Dataset Load] -> "Loading datasets from class Mass"
DEBUG | 2026/06/01 12:09:23.619098 | [Dataset Load] -> "Loading datasets from class No Finding"
DEBUG | 2026/06/01 12:09:23.630482 | [Dataset Load] -> "Loading datasets from class Nodule"
DEBUG | 2026/06/01 12:09:23.634882 | [Dataset Load] -> "Loading datasets from class Pleural_Thickening"
DEBUG | 2026/06/01 12:09:23.638109 | [Dataset Load] -> "Loading datasets from class Pneumonia"
DEBUG | 2026/06/01 12:09:23.639590 | [Dataset Load] -> "Loading datasets from class Pneumothorax"
DEBUG | 2026/06/01 12:09:23.642210 | [Dataset Load] -> "Dynamically loaded 22921 datas"
DEBUG | 2026/06/01 12:19:39.148190 | [Dataset Load] -> "Loading datasets from data/train"
DEBUG | 2026/06/01 12:19:39.148808 | [Dataset Load] -> "Loading datasets from class Atelectasis"
DEBUG | 2026/06/01 12:19:39.161495 | [Dataset Load] -> "Loading datasets from class Cardiomegaly"
DEBUG | 2026/06/01 12:19:39.164777 | [Dataset Load] -> "Loading datasets from class Consolidation"
DEBUG | 2026/06/01 12:19:39.169603 | [Dataset Load] -> "Loading datasets from class Edema"
DEBUG | 2026/06/01 12:19:39.175170 | [Dataset Load] -> "Loading datasets from class Effusion"
DEBUG | 2026/06/01 12:19:39.181711 | [Dataset Load] -> "Loading datasets from class Emphysema"
DEBUG | 2026/06/01 12:19:39.184192 | [Dataset Load] -> "Loading datasets from class Fibrosis"
DEBUG | 2026/06/01 12:19:39.186680 | [Dataset Load] -> "Loading datasets from class Hernia"
DEBUG | 2026/06/01 12:19:39.187005 | [Dataset Load] -> "Loading datasets from class Infiltration"
DEBUG | 2026/06/01 12:19:39.195141 | [Dataset Load] -> "Loading datasets from class Mass"
DEBUG | 2026/06/01 12:19:39.202230 | [Dataset Load] -> "Loading datasets from class No Finding"
DEBUG | 2026/06/01 12:19:39.214788 | [Dataset Load] -> "Loading datasets from class Nodule"
DEBUG | 2026/06/01 12:19:39.219896 | [Dataset Load] -> "Loading datasets from class Pleural_Thickening"
DEBUG | 2026/06/01 12:19:39.223294 | [Dataset Load] -> "Loading datasets from class Pneumonia"
DEBUG | 2026/06/01 12:19:39.224770 | [Dataset Load] -> "Loading datasets from class Pneumothorax"
DEBUG | 2026/06/01 12:19:39.340177 | [Dataset Load] -> "Dynamically loaded 22921 datas"
DEBUG | 2026/06/01 12:29:55.258727 | [Dataset Load] -> "Loading datasets from data/train"
DEBUG | 2026/06/01 12:29:55.259323 | [Dataset Load] -> "Loading datasets from class Atelectasis"
DEBUG | 2026/06/01 12:29:55.271978 | [Dataset Load] -> "Loading datasets from class Cardiomegaly"
DEBUG | 2026/06/01 12:29:55.274507 | [Dataset Load] -> "Loading datasets from class Consolidation"
DEBUG | 2026/06/01 12:29:55.278532 | [Dataset Load] -> "Loading datasets from class Edema"
DEBUG | 2026/06/01 12:29:55.283736 | [Dataset Load] -> "Loading datasets from class Effusion"
DEBUG | 2026/06/01 12:29:55.289540 | [Dataset Load] -> "Loading datasets from class Emphysema"
DEBUG | 2026/06/01 12:29:55.291479 | [Dataset Load] -> "Loading datasets from class Fibrosis"
DEBUG | 2026/06/01 12:29:55.293740 | [Dataset Load] -> "Loading datasets from class Hernia"
DEBUG | 2026/06/01 12:29:55.293986 | [Dataset Load] -> "Loading datasets from class Infiltration"
DEBUG | 2026/06/01 12:29:55.300459 | [Dataset Load] -> "Loading datasets from class Mass"
DEBUG | 2026/06/01 12:29:55.306225 | [Dataset Load] -> "Loading datasets from class No Finding"
DEBUG | 2026/06/01 12:29:55.317858 | [Dataset Load] -> "Loading datasets from class Nodule"
DEBUG | 2026/06/01 12:29:55.322165 | [Dataset Load] -> "Loading datasets from class Pleural_Thickening"
DEBUG | 2026/06/01 12:29:55.325056 | [Dataset Load] -> "Loading datasets from class Pneumonia"
DEBUG | 2026/06/01 12:29:55.326519 | [Dataset Load] -> "Loading datasets from class Pneumothorax"
DEBUG | 2026/06/01 12:29:55.329152 | [Dataset Load] -> "Dynamically loaded 22921 datas"
DEBUG | 2026/06/01 12:40:09.686566 | [Dataset Load] -> "Loading datasets from data/train"
DEBUG | 2026/06/01 12:40:09.687549 | [Dataset Load] -> "Loading datasets from class Atelectasis"
DEBUG | 2026/06/01 12:40:09.701238 | [Dataset Load] -> "Loading datasets from class Cardiomegaly"
DEBUG | 2026/06/01 12:40:09.703739 | [Dataset Load] -> "Loading datasets from class Consolidation"
DEBUG | 2026/06/01 12:40:09.707779 | [Dataset Load] -> "Loading datasets from class Edema"
DEBUG | 2026/06/01 12:40:09.712993 | [Dataset Load] -> "Loading datasets from class Effusion"
DEBUG | 2026/06/01 12:40:09.718660 | [Dataset Load] -> "Loading datasets from class Emphysema"
DEBUG | 2026/06/01 12:40:09.720569 | [Dataset Load] -> "Loading datasets from class Fibrosis"
DEBUG | 2026/06/01 12:40:09.722800 | [Dataset Load] -> "Loading datasets from class Hernia"
DEBUG | 2026/06/01 12:40:09.723049 | [Dataset Load] -> "Loading datasets from class Infiltration"
DEBUG | 2026/06/01 12:40:09.729785 | [Dataset Load] -> "Loading datasets from class Mass"
DEBUG | 2026/06/01 12:40:09.735674 | [Dataset Load] -> "Loading datasets from class No Finding"
DEBUG | 2026/06/01 12:40:09.747192 | [Dataset Load] -> "Loading datasets from class Nodule"
DEBUG | 2026/06/01 12:40:09.751558 | [Dataset Load] -> "Loading datasets from class Pleural_Thickening"
DEBUG | 2026/06/01 12:40:09.754458 | [Dataset Load] -> "Loading datasets from class Pneumonia"
DEBUG | 2026/06/01 12:40:09.755932 | [Dataset Load] -> "Loading datasets from class Pneumothorax"
DEBUG | 2026/06/01 12:40:09.758658 | [Dataset Load] -> "Dynamically loaded 22921 datas"
DEBUG | 2026/06/01 12:50:30.506468 | [Dataset Load] -> "Loading datasets from data/train"
DEBUG | 2026/06/01 12:50:30.507124 | [Dataset Load] -> "Loading datasets from class Atelectasis"
DEBUG | 2026/06/01 12:50:30.516723 | [Dataset Load] -> "Loading datasets from class Cardiomegaly"
DEBUG | 2026/06/01 12:50:30.520550 | [Dataset Load] -> "Loading datasets from class Consolidation"
DEBUG | 2026/06/01 12:50:30.525422 | [Dataset Load] -> "Loading datasets from class Edema"
DEBUG | 2026/06/01 12:50:30.531440 | [Dataset Load] -> "Loading datasets from class Effusion"
DEBUG | 2026/06/01 12:50:30.537666 | [Dataset Load] -> "Loading datasets from class Emphysema"
DEBUG | 2026/06/01 12:50:30.543155 | [Dataset Load] -> "Loading datasets from class Fibrosis"
DEBUG | 2026/06/01 12:50:30.546004 | [Dataset Load] -> "Loading datasets from class Hernia"
DEBUG | 2026/06/01 12:50:30.546685 | [Dataset Load] -> "Loading datasets from class Infiltration"
DEBUG | 2026/06/01 12:50:30.570677 | [Dataset Load] -> "Loading datasets from class Mass"
DEBUG | 2026/06/01 12:50:30.577044 | [Dataset Load] -> "Loading datasets from class No Finding"
DEBUG | 2026/06/01 12:50:30.587737 | [Dataset Load] -> "Loading datasets from class Nodule"
DEBUG | 2026/06/01 12:50:30.592284 | [Dataset Load] -> "Loading datasets from class Pleural_Thickening"
DEBUG | 2026/06/01 12:50:30.595235 | [Dataset Load] -> "Loading datasets from class Pneumonia"
DEBUG | 2026/06/01 12:50:30.596734 | [Dataset Load] -> "Loading datasets from class Pneumothorax"
DEBUG | 2026/06/01 12:50:30.599862 | [Dataset Load] -> "Dynamically loaded 22921 datas"
DEBUG | 2026/06/01 13:00:43.933474 | [Dataset Load] -> "Loading datasets from data/train"
DEBUG | 2026/06/01 13:00:43.934020 | [Dataset Load] -> "Loading datasets from class Atelectasis"
DEBUG | 2026/06/01 13:00:43.946967 | [Dataset Load] -> "Loading datasets from class Cardiomegaly"
DEBUG | 2026/06/01 13:00:43.949477 | [Dataset Load] -> "Loading datasets from class Consolidation"
DEBUG | 2026/06/01 13:00:43.953431 | [Dataset Load] -> "Loading datasets from class Edema"
DEBUG | 2026/06/01 13:00:43.958632 | [Dataset Load] -> "Loading datasets from class Effusion"
DEBUG | 2026/06/01 13:00:43.964430 | [Dataset Load] -> "Loading datasets from class Emphysema"
DEBUG | 2026/06/01 13:00:43.966442 | [Dataset Load] -> "Loading datasets from class Fibrosis"
DEBUG | 2026/06/01 13:00:43.968677 | [Dataset Load] -> "Loading datasets from class Hernia"
DEBUG | 2026/06/01 13:00:43.968918 | [Dataset Load] -> "Loading datasets from class Infiltration"
DEBUG | 2026/06/01 13:00:43.975666 | [Dataset Load] -> "Loading datasets from class Mass"
DEBUG | 2026/06/01 13:00:43.981519 | [Dataset Load] -> "Loading datasets from class No Finding"
DEBUG | 2026/06/01 13:00:43.993193 | [Dataset Load] -> "Loading datasets from class Nodule"
DEBUG | 2026/06/01 13:00:43.997447 | [Dataset Load] -> "Loading datasets from class Pleural_Thickening"
DEBUG | 2026/06/01 13:00:44.000296 | [Dataset Load] -> "Loading datasets from class Pneumonia"
DEBUG | 2026/06/01 13:00:44.001729 | [Dataset Load] -> "Loading datasets from class Pneumothorax"
DEBUG | 2026/06/01 13:00:44.004280 | [Dataset Load] -> "Dynamically loaded 22921 datas"
DEBUG | 2026/06/01 13:10:58.294776 | [Dataset Load] -> "Loading datasets from data/train"
DEBUG | 2026/06/01 13:10:58.295329 | [Dataset Load] -> "Loading datasets from class Atelectasis"
DEBUG | 2026/06/01 13:10:58.307997 | [Dataset Load] -> "Loading datasets from class Cardiomegaly"
DEBUG | 2026/06/01 13:10:58.310513 | [Dataset Load] -> "Loading datasets from class Consolidation"
DEBUG | 2026/06/01 13:10:58.314532 | [Dataset Load] -> "Loading datasets from class Edema"
DEBUG | 2026/06/01 13:10:58.319930 | [Dataset Load] -> "Loading datasets from class Effusion"
DEBUG | 2026/06/01 13:10:58.325439 | [Dataset Load] -> "Loading datasets from class Emphysema"
DEBUG | 2026/06/01 13:10:58.327315 | [Dataset Load] -> "Loading datasets from class Fibrosis"
DEBUG | 2026/06/01 13:10:58.329540 | [Dataset Load] -> "Loading datasets from class Hernia"
DEBUG | 2026/06/01 13:10:58.329782 | [Dataset Load] -> "Loading datasets from class Infiltration"
DEBUG | 2026/06/01 13:10:58.336430 | [Dataset Load] -> "Loading datasets from class Mass"
DEBUG | 2026/06/01 13:10:58.342286 | [Dataset Load] -> "Loading datasets from class No Finding"
DEBUG | 2026/06/01 13:10:58.353838 | [Dataset Load] -> "Loading datasets from class Nodule"
DEBUG | 2026/06/01 13:10:58.358086 | [Dataset Load] -> "Loading datasets from class Pleural_Thickening"
DEBUG | 2026/06/01 13:10:58.360988 | [Dataset Load] -> "Loading datasets from class Pneumonia"
DEBUG | 2026/06/01 13:10:58.362478 | [Dataset Load] -> "Loading datasets from class Pneumothorax"
DEBUG | 2026/06/01 13:10:58.364973 | [Dataset Load] -> "Dynamically loaded 22921 datas"
DEBUG | 2026/06/01 13:21:12.274985 | [Dataset Load] -> "Loading datasets from data/train"
DEBUG | 2026/06/01 13:21:12.275532 | [Dataset Load] -> "Loading datasets from class Atelectasis"
DEBUG | 2026/06/01 13:21:12.290200 | [Dataset Load] -> "Loading datasets from class Cardiomegaly"
DEBUG | 2026/06/01 13:21:12.292689 | [Dataset Load] -> "Loading datasets from class Consolidation"
DEBUG | 2026/06/01 13:21:12.296646 | [Dataset Load] -> "Loading datasets from class Edema"
DEBUG | 2026/06/01 13:21:12.302051 | [Dataset Load] -> "Loading datasets from class Effusion"
DEBUG | 2026/06/01 13:21:12.307650 | [Dataset Load] -> "Loading datasets from class Emphysema"
DEBUG | 2026/06/01 13:21:12.309558 | [Dataset Load] -> "Loading datasets from class Fibrosis"
DEBUG | 2026/06/01 13:21:12.312441 | [Dataset Load] -> "Loading datasets from class Hernia"
DEBUG | 2026/06/01 13:21:12.312692 | [Dataset Load] -> "Loading datasets from class Infiltration"
DEBUG | 2026/06/01 13:21:12.319339 | [Dataset Load] -> "Loading datasets from class Mass"
DEBUG | 2026/06/01 13:21:12.325274 | [Dataset Load] -> "Loading datasets from class No Finding"
DEBUG | 2026/06/01 13:21:12.336642 | [Dataset Load] -> "Loading datasets from class Nodule"
DEBUG | 2026/06/01 13:21:12.341002 | [Dataset Load] -> "Loading datasets from class Pleural_Thickening"
DEBUG | 2026/06/01 13:21:12.343822 | [Dataset Load] -> "Loading datasets from class Pneumonia"
DEBUG | 2026/06/01 13:21:12.345290 | [Dataset Load] -> "Loading datasets from class Pneumothorax"
DEBUG | 2026/06/01 13:21:12.347838 | [Dataset Load] -> "Dynamically loaded 22921 datas"
DEBUG | 2026/06/01 13:31:26.020757 | [Dataset Load] -> "Loading datasets from data/train"
DEBUG | 2026/06/01 13:31:26.021319 | [Dataset Load] -> "Loading datasets from class Atelectasis"
DEBUG | 2026/06/01 13:31:26.033829 | [Dataset Load] -> "Loading datasets from class Cardiomegaly"
DEBUG | 2026/06/01 13:31:26.036393 | [Dataset Load] -> "Loading datasets from class Consolidation"
DEBUG | 2026/06/01 13:31:26.040345 | [Dataset Load] -> "Loading datasets from class Edema"
DEBUG | 2026/06/01 13:31:26.045606 | [Dataset Load] -> "Loading datasets from class Effusion"
DEBUG | 2026/06/01 13:31:26.051248 | [Dataset Load] -> "Loading datasets from class Emphysema"
DEBUG | 2026/06/01 13:31:26.053182 | [Dataset Load] -> "Loading datasets from class Fibrosis"
DEBUG | 2026/06/01 13:31:26.055404 | [Dataset Load] -> "Loading datasets from class Hernia"
DEBUG | 2026/06/01 13:31:26.055651 | [Dataset Load] -> "Loading datasets from class Infiltration"
DEBUG | 2026/06/01 13:31:26.062512 | [Dataset Load] -> "Loading datasets from class Mass"
DEBUG | 2026/06/01 13:31:26.068244 | [Dataset Load] -> "Loading datasets from class No Finding"
DEBUG | 2026/06/01 13:31:26.079731 | [Dataset Load] -> "Loading datasets from class Nodule"
DEBUG | 2026/06/01 13:31:26.084210 | [Dataset Load] -> "Loading datasets from class Pleural_Thickening"
DEBUG | 2026/06/01 13:31:26.087086 | [Dataset Load] -> "Loading datasets from class Pneumonia"
DEBUG | 2026/06/01 13:31:26.088467 | [Dataset Load] -> "Loading datasets from class Pneumothorax"
DEBUG | 2026/06/01 13:31:26.091053 | [Dataset Load] -> "Dynamically loaded 22921 datas"
DEBUG | 2026/06/01 13:41:40.428689 | [Dataset Load] -> "Loading datasets from data/train"
DEBUG | 2026/06/01 13:41:40.429289 | [Dataset Load] -> "Loading datasets from class Atelectasis"
DEBUG | 2026/06/01 13:41:40.442017 | [Dataset Load] -> "Loading datasets from class Cardiomegaly"
DEBUG | 2026/06/01 13:41:40.444688 | [Dataset Load] -> "Loading datasets from class Consolidation"
DEBUG | 2026/06/01 13:41:40.448607 | [Dataset Load] -> "Loading datasets from class Edema"
DEBUG | 2026/06/01 13:41:40.453787 | [Dataset Load] -> "Loading datasets from class Effusion"
DEBUG | 2026/06/01 13:41:40.460077 | [Dataset Load] -> "Loading datasets from class Emphysema"
DEBUG | 2026/06/01 13:41:40.461988 | [Dataset Load] -> "Loading datasets from class Fibrosis"
DEBUG | 2026/06/01 13:41:40.464223 | [Dataset Load] -> "Loading datasets from class Hernia"
DEBUG | 2026/06/01 13:41:40.464465 | [Dataset Load] -> "Loading datasets from class Infiltration"
DEBUG | 2026/06/01 13:41:40.568434 | [Dataset Load] -> "Loading datasets from class Mass"
DEBUG | 2026/06/01 13:41:40.574743 | [Dataset Load] -> "Loading datasets from class No Finding"
DEBUG | 2026/06/01 13:41:40.586256 | [Dataset Load] -> "Loading datasets from class Nodule"
DEBUG | 2026/06/01 13:41:40.590557 | [Dataset Load] -> "Loading datasets from class Pleural_Thickening"
DEBUG | 2026/06/01 13:41:40.593655 | [Dataset Load] -> "Loading datasets from class Pneumonia"
DEBUG | 2026/06/01 13:41:40.595066 | [Dataset Load] -> "Loading datasets from class Pneumothorax"
DEBUG | 2026/06/01 13:41:40.597658 | [Dataset Load] -> "Dynamically loaded 22921 datas"
DEBUG | 2026/06/01 13:51:55.962590 | [Dataset Load] -> "Loading datasets from data/train"
DEBUG | 2026/06/01 13:51:55.963805 | [Dataset Load] -> "Loading datasets from class Atelectasis"
DEBUG | 2026/06/01 13:51:55.975667 | [Dataset Load] -> "Loading datasets from class Cardiomegaly"
DEBUG | 2026/06/01 13:51:55.978260 | [Dataset Load] -> "Loading datasets from class Consolidation"
DEBUG | 2026/06/01 13:51:55.982208 | [Dataset Load] -> "Loading datasets from class Edema"
DEBUG | 2026/06/01 13:51:55.987479 | [Dataset Load] -> "Loading datasets from class Effusion"
DEBUG | 2026/06/01 13:51:55.993111 | [Dataset Load] -> "Loading datasets from class Emphysema"
DEBUG | 2026/06/01 13:51:55.995067 | [Dataset Load] -> "Loading datasets from class Fibrosis"
DEBUG | 2026/06/01 13:51:55.997337 | [Dataset Load] -> "Loading datasets from class Hernia"
DEBUG | 2026/06/01 13:51:55.997575 | [Dataset Load] -> "Loading datasets from class Infiltration"
DEBUG | 2026/06/01 13:51:56.004266 | [Dataset Load] -> "Loading datasets from class Mass"
DEBUG | 2026/06/01 13:51:56.010231 | [Dataset Load] -> "Loading datasets from class No Finding"
DEBUG | 2026/06/01 13:51:56.021693 | [Dataset Load] -> "Loading datasets from class Nodule"
DEBUG | 2026/06/01 13:51:56.026035 | [Dataset Load] -> "Loading datasets from class Pleural_Thickening"
DEBUG | 2026/06/01 13:51:56.029028 | [Dataset Load] -> "Loading datasets from class Pneumonia"
DEBUG | 2026/06/01 13:51:56.030432 | [Dataset Load] -> "Loading datasets from class Pneumothorax"
DEBUG | 2026/06/01 13:51:56.032983 | [Dataset Load] -> "Dynamically loaded 22921 datas"
DEBUG | 2026/06/01 14:02:11.184785 | [Dataset Load] -> "Loading datasets from data/train"
DEBUG | 2026/06/01 14:02:11.186280 | [Dataset Load] -> "Loading datasets from class Atelectasis"
DEBUG | 2026/06/01 14:02:11.199094 | [Dataset Load] -> "Loading datasets from class Cardiomegaly"
DEBUG | 2026/06/01 14:02:11.201855 | [Dataset Load] -> "Loading datasets from class Consolidation"
DEBUG | 2026/06/01 14:02:11.205924 | [Dataset Load] -> "Loading datasets from class Edema"
DEBUG | 2026/06/01 14:02:11.211176 | [Dataset Load] -> "Loading datasets from class Effusion"
DEBUG | 2026/06/01 14:02:11.216769 | [Dataset Load] -> "Loading datasets from class Emphysema"
DEBUG | 2026/06/01 14:02:11.218743 | [Dataset Load] -> "Loading datasets from class Fibrosis"
DEBUG | 2026/06/01 14:02:11.220982 | [Dataset Load] -> "Loading datasets from class Hernia"
DEBUG | 2026/06/01 14:02:11.221218 | [Dataset Load] -> "Loading datasets from class Infiltration"
DEBUG | 2026/06/01 14:02:11.228251 | [Dataset Load] -> "Loading datasets from class Mass"
DEBUG | 2026/06/01 14:02:11.234130 | [Dataset Load] -> "Loading datasets from class No Finding"
DEBUG | 2026/06/01 14:02:11.245690 | [Dataset Load] -> "Loading datasets from class Nodule"
DEBUG | 2026/06/01 14:02:11.250012 | [Dataset Load] -> "Loading datasets from class Pleural_Thickening"
DEBUG | 2026/06/01 14:02:11.252996 | [Dataset Load] -> "Loading datasets from class Pneumonia"
DEBUG | 2026/06/01 14:02:11.254405 | [Dataset Load] -> "Loading datasets from class Pneumothorax"
DEBUG | 2026/06/01 14:02:11.256989 | [Dataset Load] -> "Dynamically loaded 22921 datas"
